"Year","Gender","Age at diagnosis","Geography type","Geography code","Geography name ","Deprivation","Stage","NDRS main","NDRS detailed","Count","Type of rate","Rate","95% lower confidence interval","95% upper confidence interval","Flag"
2013,"Females","All ages","Government Office Region","E12000004","East Midlands","All quintiles","All stages","Brain","Benign endocrine","26","Non-standardised","1.1","0.7","1.6",NA
2013,"Females","All ages","Government Office Region","E12000004","East Midlands","All quintiles","All stages","Brain","Benign endocrine","26","Age-standardised","1.1","0.7","1.6",NA
2013,"Males","All ages","Government Office Region","E12000004","East Midlands","All quintiles","All stages","Brain","Benign endocrine","46","Non-standardised","2","1.5","2.7",NA
2013,"Males","All ages","Government Office Region","E12000004","East Midlands","All quintiles","All stages","Brain","Benign endocrine","46","Age-standardised","2.2","1.6","2.9",NA
2014,"Females","All ages","Government Office Region","E12000004","East Midlands","All quintiles","All stages","Brain","Benign endocrine","26","Non-standardised","1.1","0.7","1.6",NA
2014,"Females","All ages","Government Office Region","E12000004","East Midlands","All quintiles","All stages","Brain","Benign endocrine","26","Age-standardised","1.1","0.7","1.6",NA
2014,"Males","All ages","Government Office Region","E12000004","East Midlands","All quintiles","All stages","Brain","Benign endocrine","47","Non-standardised","2.1","1.5","2.7",NA
2014,"Males","All ages","Government Office Region","E12000004","East Midlands","All quintiles","All stages","Brain","Benign endocrine","47","Age-standardised","2.1","1.6","2.8",NA
2015,"Females","All ages","Government Office Region","E12000004","East Midlands","All quintiles","All stages","Brain","Benign endocrine","36","Non-standardised","1.5","1.1","2.1",NA
2015,"Females","All ages","Government Office Region","E12000004","East Midlands","All quintiles","All stages","Brain","Benign endocrine","36","Age-standardised","1.5","1.1","2.1",NA
2015,"Males","All ages","Government Office Region","E12000004","East Midlands","All quintiles","All stages","Brain","Benign endocrine","41","Non-standardised","1.8","1.3","2.4",NA
2015,"Males","All ages","Government Office Region","E12000004","East Midlands","All quintiles","All stages","Brain","Benign endocrine","41","Age-standardised","1.9","1.4","2.6",NA
2016,"Females","All ages","Government Office Region","E12000004","East Midlands","All quintiles","All stages","Brain","Benign endocrine","35","Non-standardised","1.5","1","2",NA
2016,"Females","All ages","Government Office Region","E12000004","East Midlands","All quintiles","All stages","Brain","Benign endocrine","35","Age-standardised","1.5","1","2",NA
2016,"Males","All ages","Government Office Region","E12000004","East Midlands","All quintiles","All stages","Brain","Benign endocrine","40","Non-standardised","1.7","1.2","2.3",NA
2016,"Males","All ages","Government Office Region","E12000004","East Midlands","All quintiles","All stages","Brain","Benign endocrine","40","Age-standardised","1.8","1.3","2.5",NA
2017,"Females","All ages","Government Office Region","E12000004","East Midlands","All quintiles","All stages","Brain","Benign endocrine","26","Non-standardised","1.1","0.7","1.6",NA
2017,"Females","All ages","Government Office Region","E12000004","East Midlands","All quintiles","All stages","Brain","Benign endocrine","26","Age-standardised","1.1","0.7","1.6",NA
2017,"Males","All ages","Government Office Region","E12000004","East Midlands","All quintiles","All stages","Brain","Benign endocrine","43","Non-standardised","1.8","1.3","2.5",NA
2017,"Males","All ages","Government Office Region","E12000004","East Midlands","All quintiles","All stages","Brain","Benign endocrine","43","Age-standardised","1.9","1.4","2.6",NA
2018,"Females","All ages","Government Office Region","E12000004","East Midlands","All quintiles","All stages","Brain","Benign endocrine","45","Non-standardised","1.8","1.3","2.5",NA
2018,"Females","All ages","Government Office Region","E12000004","East Midlands","All quintiles","All stages","Brain","Benign endocrine","45","Age-standardised","1.9","1.4","2.5",NA
2018,"Males","All ages","Government Office Region","E12000004","East Midlands","All quintiles","All stages","Brain","Benign endocrine","44","Non-standardised","1.9","1.3","2.5",NA
2018,"Males","All ages","Government Office Region","E12000004","East Midlands","All quintiles","All stages","Brain","Benign endocrine","44","Age-standardised","1.9","1.4","2.6",NA
2019,"Females","All ages","Government Office Region","E12000004","East Midlands","All quintiles","All stages","Brain","Benign endocrine","34","Non-standardised","1.4","1","1.9",NA
2019,"Females","All ages","Government Office Region","E12000004","East Midlands","All quintiles","All stages","Brain","Benign endocrine","34","Age-standardised","1.4","1","2",NA
2019,"Males","All ages","Government Office Region","E12000004","East Midlands","All quintiles","All stages","Brain","Benign endocrine","55","Non-standardised","2.3","1.7","3",NA
2019,"Males","All ages","Government Office Region","E12000004","East Midlands","All quintiles","All stages","Brain","Benign endocrine","55","Age-standardised","2.5","1.9","3.2",NA
2020,"Females","All ages","Government Office Region","E12000004","East Midlands","All quintiles","All stages","Brain","Benign endocrine","20","Non-standardised","0.8","0.5","1.3",NA
2020,"Females","All ages","Government Office Region","E12000004","East Midlands","All quintiles","All stages","Brain","Benign endocrine","20","Age-standardised","0.8","0.5","1.3",NA
2020,"Males","All ages","Government Office Region","E12000004","East Midlands","All quintiles","All stages","Brain","Benign endocrine","33","Non-standardised","1.4","0.9","1.9",NA
2020,"Males","All ages","Government Office Region","E12000004","East Midlands","All quintiles","All stages","Brain","Benign endocrine","33","Age-standardised","1.4","1","2",NA
2021,"Females","All ages","Government Office Region","E12000004","East Midlands","All quintiles","All stages","Brain","Benign endocrine","24","Non-standardised","1","0.6","1.4",NA
2021,"Females","All ages","Government Office Region","E12000004","East Midlands","All quintiles","All stages","Brain","Benign endocrine","24","Age-standardised","1","0.6","1.4",NA
2021,"Males","All ages","Government Office Region","E12000004","East Midlands","All quintiles","All stages","Brain","Benign endocrine","25","Non-standardised","1","0.7","1.5",NA
2021,"Males","All ages","Government Office Region","E12000004","East Midlands","All quintiles","All stages","Brain","Benign endocrine","25","Age-standardised","1.1","0.7","1.6",NA
2022,"Females","All ages","Government Office Region","E12000004","East Midlands","All quintiles","All stages","Brain","Benign endocrine","20","Non-standardised","0.8","0.5","1.2",NA
2022,"Females","All ages","Government Office Region","E12000004","East Midlands","All quintiles","All stages","Brain","Benign endocrine","20","Age-standardised","0.8","0.5","1.2",NA
2022,"Males","All ages","Government Office Region","E12000004","East Midlands","All quintiles","All stages","Brain","Benign endocrine","33","Non-standardised","1.4","0.9","1.9",NA
2022,"Males","All ages","Government Office Region","E12000004","East Midlands","All quintiles","All stages","Brain","Benign endocrine","33","Age-standardised","1.4","1","1.9",NA
2013,"Females","All ages","Government Office Region","E12000004","East Midlands","All quintiles","All stages","Brain","Malignant brain","178","Non-standardised","7.6","6.5","8.8",NA
2013,"Females","All ages","Government Office Region","E12000004","East Midlands","All quintiles","All stages","Brain","Malignant brain","178","Age-standardised","7.7","6.6","8.9",NA
2013,"Males","All ages","Government Office Region","E12000004","East Midlands","All quintiles","All stages","Brain","Malignant brain","246","Non-standardised","10.8","9.5","12.3",NA
2013,"Males","All ages","Government Office Region","E12000004","East Midlands","All quintiles","All stages","Brain","Malignant brain","246","Age-standardised","11.8","10.3","13.3",NA
2014,"Females","All ages","Government Office Region","E12000004","East Midlands","All quintiles","All stages","Brain","Malignant brain","188","Non-standardised","8","6.9","9.2",NA
2014,"Females","All ages","Government Office Region","E12000004","East Midlands","All quintiles","All stages","Brain","Malignant brain","188","Age-standardised","8.1","7","9.4",NA
2014,"Males","All ages","Government Office Region","E12000004","East Midlands","All quintiles","All stages","Brain","Malignant brain","217","Non-standardised","9.5","8.3","10.8",NA
2014,"Males","All ages","Government Office Region","E12000004","East Midlands","All quintiles","All stages","Brain","Malignant brain","217","Age-standardised","10.2","8.9","11.6",NA
2015,"Females","All ages","Government Office Region","E12000004","East Midlands","All quintiles","All stages","Brain","Malignant brain","195","Non-standardised","8.2","7.1","9.5",NA
2015,"Females","All ages","Government Office Region","E12000004","East Midlands","All quintiles","All stages","Brain","Malignant brain","195","Age-standardised","8.3","7.2","9.5",NA
2015,"Males","All ages","Government Office Region","E12000004","East Midlands","All quintiles","All stages","Brain","Malignant brain","259","Non-standardised","11.2","9.9","12.7",NA
2015,"Males","All ages","Government Office Region","E12000004","East Midlands","All quintiles","All stages","Brain","Malignant brain","259","Age-standardised","12.1","10.6","13.6",NA
2016,"Females","All ages","Government Office Region","E12000004","East Midlands","All quintiles","All stages","Brain","Malignant brain","177","Non-standardised","7.4","6.3","8.6",NA
2016,"Females","All ages","Government Office Region","E12000004","East Midlands","All quintiles","All stages","Brain","Malignant brain","177","Age-standardised","7.4","6.3","8.5",NA
2016,"Males","All ages","Government Office Region","E12000004","East Midlands","All quintiles","All stages","Brain","Malignant brain","247","Non-standardised","10.6","9.3","12",NA
2016,"Males","All ages","Government Office Region","E12000004","East Midlands","All quintiles","All stages","Brain","Malignant brain","247","Age-standardised","11.2","9.9","12.7",NA
2017,"Females","All ages","Government Office Region","E12000004","East Midlands","All quintiles","All stages","Brain","Malignant brain","195","Non-standardised","8.1","7","9.3",NA
2017,"Females","All ages","Government Office Region","E12000004","East Midlands","All quintiles","All stages","Brain","Malignant brain","195","Age-standardised","8","6.9","9.2",NA
2017,"Males","All ages","Government Office Region","E12000004","East Midlands","All quintiles","All stages","Brain","Malignant brain","235","Non-standardised","10","8.7","11.3",NA
2017,"Males","All ages","Government Office Region","E12000004","East Midlands","All quintiles","All stages","Brain","Malignant brain","235","Age-standardised","10.4","9.1","11.9",NA
2018,"Females","All ages","Government Office Region","E12000004","East Midlands","All quintiles","All stages","Brain","Malignant brain","175","Non-standardised","7.2","6.1","8.3",NA
2018,"Females","All ages","Government Office Region","E12000004","East Midlands","All quintiles","All stages","Brain","Malignant brain","175","Age-standardised","7.1","6","8.2",NA
2018,"Males","All ages","Government Office Region","E12000004","East Midlands","All quintiles","All stages","Brain","Malignant brain","232","Non-standardised","9.8","8.6","11.1",NA
2018,"Males","All ages","Government Office Region","E12000004","East Midlands","All quintiles","All stages","Brain","Malignant brain","232","Age-standardised","10.3","9","11.7",NA
2019,"Females","All ages","Government Office Region","E12000004","East Midlands","All quintiles","All stages","Brain","Malignant brain","165","Non-standardised","6.7","5.7","7.8",NA
2019,"Females","All ages","Government Office Region","E12000004","East Midlands","All quintiles","All stages","Brain","Malignant brain","165","Age-standardised","6.5","5.6","7.6",NA
2019,"Males","All ages","Government Office Region","E12000004","East Midlands","All quintiles","All stages","Brain","Malignant brain","234","Non-standardised","9.8","8.6","11.1",NA
2019,"Males","All ages","Government Office Region","E12000004","East Midlands","All quintiles","All stages","Brain","Malignant brain","234","Age-standardised","10.2","9","11.6",NA
2020,"Females","All ages","Government Office Region","E12000004","East Midlands","All quintiles","All stages","Brain","Malignant brain","159","Non-standardised","6.5","5.5","7.5",NA
2020,"Females","All ages","Government Office Region","E12000004","East Midlands","All quintiles","All stages","Brain","Malignant brain","159","Age-standardised","6.4","5.4","7.4",NA
2020,"Males","All ages","Government Office Region","E12000004","East Midlands","All quintiles","All stages","Brain","Malignant brain","240","Non-standardised","10","8.8","11.4",NA
2020,"Males","All ages","Government Office Region","E12000004","East Midlands","All quintiles","All stages","Brain","Malignant brain","240","Age-standardised","10.3","9","11.7",NA
2021,"Females","All ages","Government Office Region","E12000004","East Midlands","All quintiles","All stages","Brain","Malignant brain","160","Non-standardised","6.5","5.5","7.5",NA
2021,"Females","All ages","Government Office Region","E12000004","East Midlands","All quintiles","All stages","Brain","Malignant brain","160","Age-standardised","6.3","5.4","7.4",NA
2021,"Males","All ages","Government Office Region","E12000004","East Midlands","All quintiles","All stages","Brain","Malignant brain","248","Non-standardised","10.3","9.1","11.7",NA
2021,"Males","All ages","Government Office Region","E12000004","East Midlands","All quintiles","All stages","Brain","Malignant brain","248","Age-standardised","10.6","9.3","12",NA
2022,"Females","All ages","Government Office Region","E12000004","East Midlands","All quintiles","All stages","Brain","Malignant brain","177","Non-standardised","7.1","6.1","8.2",NA
2022,"Females","All ages","Government Office Region","E12000004","East Midlands","All quintiles","All stages","Brain","Malignant brain","177","Age-standardised","6.9","5.9","7.9",NA
2022,"Males","All ages","Government Office Region","E12000004","East Midlands","All quintiles","All stages","Brain","Malignant brain","265","Non-standardised","10.9","9.6","12.3",NA
2022,"Males","All ages","Government Office Region","E12000004","East Midlands","All quintiles","All stages","Brain","Malignant brain","265","Age-standardised","11.2","9.8","12.6",NA
2013,"Females","All ages","Government Office Region","E12000004","East Midlands","All quintiles","All stages","Brain","Non-benign endocrine","9","Non-standardised","0.4","0.2","0.7",NA
2013,"Females","All ages","Government Office Region","E12000004","East Midlands","All quintiles","All stages","Brain","Non-benign endocrine","9","Age-standardised","[u]","[u]","[u]","[note2]"
2013,"Males","All ages","Government Office Region","E12000004","East Midlands","All quintiles","All stages","Brain","Non-benign endocrine","10","Non-standardised","0.4","0.2","0.8",NA
2013,"Males","All ages","Government Office Region","E12000004","East Midlands","All quintiles","All stages","Brain","Non-benign endocrine","10","Age-standardised","0.4","0.2","0.8","[note1]"
2014,"Females","All ages","Government Office Region","E12000004","East Midlands","All quintiles","All stages","Brain","Non-benign endocrine","6","Non-standardised","0.3","0.1","0.6",NA
2014,"Females","All ages","Government Office Region","E12000004","East Midlands","All quintiles","All stages","Brain","Non-benign endocrine","6","Age-standardised","[u]","[u]","[u]","[note2]"
2014,"Males","All ages","Government Office Region","E12000004","East Midlands","All quintiles","All stages","Brain","Non-benign endocrine","9","Non-standardised","0.4","0.2","0.7",NA
2014,"Males","All ages","Government Office Region","E12000004","East Midlands","All quintiles","All stages","Brain","Non-benign endocrine","9","Age-standardised","[u]","[u]","[u]","[note2]"
2015,"Females","All ages","Government Office Region","E12000004","East Midlands","All quintiles","All stages","Brain","Non-benign endocrine","11","Non-standardised","0.5","0.2","0.8",NA
2015,"Females","All ages","Government Office Region","E12000004","East Midlands","All quintiles","All stages","Brain","Non-benign endocrine","11","Age-standardised","0.4","0.2","0.8","[note1]"
2015,"Males","All ages","Government Office Region","E12000004","East Midlands","All quintiles","All stages","Brain","Non-benign endocrine","8","Non-standardised","0.3","0.1","0.7",NA
2015,"Males","All ages","Government Office Region","E12000004","East Midlands","All quintiles","All stages","Brain","Non-benign endocrine","8","Age-standardised","[u]","[u]","[u]","[note2]"
2016,"Females","All ages","Government Office Region","E12000004","East Midlands","All quintiles","All stages","Brain","Non-benign endocrine","6","Non-standardised","0.3","0.1","0.5",NA
2016,"Females","All ages","Government Office Region","E12000004","East Midlands","All quintiles","All stages","Brain","Non-benign endocrine","6","Age-standardised","[u]","[u]","[u]","[note2]"
2016,"Males","All ages","Government Office Region","E12000004","East Midlands","All quintiles","All stages","Brain","Non-benign endocrine","10","Non-standardised","0.4","0.2","0.8",NA
2016,"Males","All ages","Government Office Region","E12000004","East Midlands","All quintiles","All stages","Brain","Non-benign endocrine","10","Age-standardised","0.4","0.2","0.8","[note1]"
2017,"Females","All ages","Government Office Region","E12000004","East Midlands","All quintiles","All stages","Brain","Non-benign endocrine","9","Non-standardised","0.4","0.2","0.7",NA
2017,"Females","All ages","Government Office Region","E12000004","East Midlands","All quintiles","All stages","Brain","Non-benign endocrine","9","Age-standardised","[u]","[u]","[u]","[note2]"
2017,"Males","All ages","Government Office Region","E12000004","East Midlands","All quintiles","All stages","Brain","Non-benign endocrine","8","Non-standardised","0.3","0.1","0.7",NA
2017,"Males","All ages","Government Office Region","E12000004","East Midlands","All quintiles","All stages","Brain","Non-benign endocrine","8","Age-standardised","[u]","[u]","[u]","[note2]"
2018,"Females","All ages","Government Office Region","E12000004","East Midlands","All quintiles","All stages","Brain","Non-benign endocrine","7","Non-standardised","0.3","0.1","0.6",NA
2018,"Females","All ages","Government Office Region","E12000004","East Midlands","All quintiles","All stages","Brain","Non-benign endocrine","7","Age-standardised","[u]","[u]","[u]","[note2]"
2018,"Males","All ages","Government Office Region","E12000004","East Midlands","All quintiles","All stages","Brain","Non-benign endocrine","9","Non-standardised","0.4","0.2","0.7",NA
2018,"Males","All ages","Government Office Region","E12000004","East Midlands","All quintiles","All stages","Brain","Non-benign endocrine","9","Age-standardised","[u]","[u]","[u]","[note2]"
2019,"Females","All ages","Government Office Region","E12000004","East Midlands","All quintiles","All stages","Brain","Non-benign endocrine","2","Non-standardised","[u]","[u]","[u]","[note2]"
2019,"Females","All ages","Government Office Region","E12000004","East Midlands","All quintiles","All stages","Brain","Non-benign endocrine","2","Age-standardised","[u]","[u]","[u]","[note2]"
2019,"Males","All ages","Government Office Region","E12000004","East Midlands","All quintiles","All stages","Brain","Non-benign endocrine","11","Non-standardised","0.5","0.2","0.8",NA
2019,"Males","All ages","Government Office Region","E12000004","East Midlands","All quintiles","All stages","Brain","Non-benign endocrine","11","Age-standardised","0.5","0.2","0.8","[note1]"
2020,"Females","All ages","Government Office Region","E12000004","East Midlands","All quintiles","All stages","Brain","Non-benign endocrine","8","Non-standardised","0.3","0.1","0.6",NA
2020,"Females","All ages","Government Office Region","E12000004","East Midlands","All quintiles","All stages","Brain","Non-benign endocrine","8","Age-standardised","[u]","[u]","[u]","[note2]"
2020,"Males","All ages","Government Office Region","E12000004","East Midlands","All quintiles","All stages","Brain","Non-benign endocrine","5","Non-standardised","0.2","0.1","0.5",NA
2020,"Males","All ages","Government Office Region","E12000004","East Midlands","All quintiles","All stages","Brain","Non-benign endocrine","5","Age-standardised","[u]","[u]","[u]","[note2]"
2021,"Females","All ages","Government Office Region","E12000004","East Midlands","All quintiles","All stages","Brain","Non-benign endocrine","7","Non-standardised","0.3","0.1","0.6",NA
2021,"Females","All ages","Government Office Region","E12000004","East Midlands","All quintiles","All stages","Brain","Non-benign endocrine","7","Age-standardised","[u]","[u]","[u]","[note2]"
2021,"Males","All ages","Government Office Region","E12000004","East Midlands","All quintiles","All stages","Brain","Non-benign endocrine","5","Non-standardised","0.2","0.1","0.5",NA
2021,"Males","All ages","Government Office Region","E12000004","East Midlands","All quintiles","All stages","Brain","Non-benign endocrine","5","Age-standardised","[u]","[u]","[u]","[note2]"
2022,"Females","All ages","Government Office Region","E12000004","East Midlands","All quintiles","All stages","Brain","Non-benign endocrine","6","Non-standardised","0.2","0.1","0.5",NA
2022,"Females","All ages","Government Office Region","E12000004","East Midlands","All quintiles","All stages","Brain","Non-benign endocrine","6","Age-standardised","[u]","[u]","[u]","[note2]"
2022,"Males","All ages","Government Office Region","E12000004","East Midlands","All quintiles","All stages","Brain","Non-benign endocrine","5","Non-standardised","0.2","0.1","0.5",NA
2022,"Males","All ages","Government Office Region","E12000004","East Midlands","All quintiles","All stages","Brain","Non-benign endocrine","5","Age-standardised","[u]","[u]","[u]","[note2]"
2013,"Females","All ages","Government Office Region","E12000004","East Midlands","All quintiles","All stages","Brain","Non-malignant brain","190","Non-standardised","8.1","7","9.4",NA
2013,"Females","All ages","Government Office Region","E12000004","East Midlands","All quintiles","All stages","Brain","Non-malignant brain","190","Age-standardised","8.2","7","9.4",NA
2013,"Males","All ages","Government Office Region","E12000004","East Midlands","All quintiles","All stages","Brain","Non-malignant brain","115","Non-standardised","5.1","4.2","6.1",NA
2013,"Males","All ages","Government Office Region","E12000004","East Midlands","All quintiles","All stages","Brain","Non-malignant brain","115","Age-standardised","5.4","4.5","6.5",NA
2014,"Females","All ages","Government Office Region","E12000004","East Midlands","All quintiles","All stages","Brain","Non-malignant brain","201","Non-standardised","8.5","7.4","9.8",NA
2014,"Females","All ages","Government Office Region","E12000004","East Midlands","All quintiles","All stages","Brain","Non-malignant brain","201","Age-standardised","8.5","7.4","9.8",NA
2014,"Males","All ages","Government Office Region","E12000004","East Midlands","All quintiles","All stages","Brain","Non-malignant brain","117","Non-standardised","5.1","4.2","6.1",NA
2014,"Males","All ages","Government Office Region","E12000004","East Midlands","All quintiles","All stages","Brain","Non-malignant brain","117","Age-standardised","5.6","4.6","6.7",NA
2015,"Females","All ages","Government Office Region","E12000004","East Midlands","All quintiles","All stages","Brain","Non-malignant brain","258","Non-standardised","10.9","9.6","12.3",NA
2015,"Females","All ages","Government Office Region","E12000004","East Midlands","All quintiles","All stages","Brain","Non-malignant brain","258","Age-standardised","10.9","9.6","12.3",NA
2015,"Males","All ages","Government Office Region","E12000004","East Midlands","All quintiles","All stages","Brain","Non-malignant brain","153","Non-standardised","6.6","5.6","7.8",NA
2015,"Males","All ages","Government Office Region","E12000004","East Midlands","All quintiles","All stages","Brain","Non-malignant brain","153","Age-standardised","7.1","6","8.3",NA
2016,"Females","All ages","Government Office Region","E12000004","East Midlands","All quintiles","All stages","Brain","Non-malignant brain","250","Non-standardised","10.4","9.2","11.8",NA
2016,"Females","All ages","Government Office Region","E12000004","East Midlands","All quintiles","All stages","Brain","Non-malignant brain","250","Age-standardised","10.4","9.2","11.8",NA
2016,"Males","All ages","Government Office Region","E12000004","East Midlands","All quintiles","All stages","Brain","Non-malignant brain","180","Non-standardised","7.7","6.6","8.9",NA
2016,"Males","All ages","Government Office Region","E12000004","East Midlands","All quintiles","All stages","Brain","Non-malignant brain","180","Age-standardised","8.3","7.1","9.6",NA
2017,"Females","All ages","Government Office Region","E12000004","East Midlands","All quintiles","All stages","Brain","Non-malignant brain","264","Non-standardised","10.9","9.6","12.3",NA
2017,"Females","All ages","Government Office Region","E12000004","East Midlands","All quintiles","All stages","Brain","Non-malignant brain","264","Age-standardised","10.9","9.6","12.3",NA
2017,"Males","All ages","Government Office Region","E12000004","East Midlands","All quintiles","All stages","Brain","Non-malignant brain","160","Non-standardised","6.8","5.8","7.9",NA
2017,"Males","All ages","Government Office Region","E12000004","East Midlands","All quintiles","All stages","Brain","Non-malignant brain","160","Age-standardised","7.2","6.1","8.4",NA
2018,"Females","All ages","Government Office Region","E12000004","East Midlands","All quintiles","All stages","Brain","Non-malignant brain","280","Non-standardised","11.5","10.2","12.9",NA
2018,"Females","All ages","Government Office Region","E12000004","East Midlands","All quintiles","All stages","Brain","Non-malignant brain","280","Age-standardised","11.4","10.1","12.8",NA
2018,"Males","All ages","Government Office Region","E12000004","East Midlands","All quintiles","All stages","Brain","Non-malignant brain","166","Non-standardised","7","6","8.1",NA
2018,"Males","All ages","Government Office Region","E12000004","East Midlands","All quintiles","All stages","Brain","Non-malignant brain","166","Age-standardised","7.4","6.3","8.6",NA
2019,"Females","All ages","Government Office Region","E12000004","East Midlands","All quintiles","All stages","Brain","Non-malignant brain","301","Non-standardised","12.2","10.9","13.7",NA
2019,"Females","All ages","Government Office Region","E12000004","East Midlands","All quintiles","All stages","Brain","Non-malignant brain","301","Age-standardised","12.1","10.8","13.6",NA
2019,"Males","All ages","Government Office Region","E12000004","East Midlands","All quintiles","All stages","Brain","Non-malignant brain","170","Non-standardised","7.1","6.1","8.3",NA
2019,"Males","All ages","Government Office Region","E12000004","East Midlands","All quintiles","All stages","Brain","Non-malignant brain","170","Age-standardised","7.4","6.3","8.6",NA
2020,"Females","All ages","Government Office Region","E12000004","East Midlands","All quintiles","All stages","Brain","Non-malignant brain","251","Non-standardised","10.2","9","11.5",NA
2020,"Females","All ages","Government Office Region","E12000004","East Midlands","All quintiles","All stages","Brain","Non-malignant brain","251","Age-standardised","9.9","8.7","11.2",NA
2020,"Males","All ages","Government Office Region","E12000004","East Midlands","All quintiles","All stages","Brain","Non-malignant brain","146","Non-standardised","6.1","5.2","7.2",NA
2020,"Males","All ages","Government Office Region","E12000004","East Midlands","All quintiles","All stages","Brain","Non-malignant brain","146","Age-standardised","6.3","5.3","7.5",NA
2021,"Females","All ages","Government Office Region","E12000004","East Midlands","All quintiles","All stages","Brain","Non-malignant brain","225","Non-standardised","9.1","7.9","10.3",NA
2021,"Females","All ages","Government Office Region","E12000004","East Midlands","All quintiles","All stages","Brain","Non-malignant brain","225","Age-standardised","8.9","7.8","10.1",NA
2021,"Males","All ages","Government Office Region","E12000004","East Midlands","All quintiles","All stages","Brain","Non-malignant brain","118","Non-standardised","4.9","4.1","5.9",NA
2021,"Males","All ages","Government Office Region","E12000004","East Midlands","All quintiles","All stages","Brain","Non-malignant brain","118","Age-standardised","5.1","4.2","6.1",NA
2022,"Females","All ages","Government Office Region","E12000004","East Midlands","All quintiles","All stages","Brain","Non-malignant brain","267","Non-standardised","10.7","9.4","12",NA
2022,"Females","All ages","Government Office Region","E12000004","East Midlands","All quintiles","All stages","Brain","Non-malignant brain","267","Age-standardised","10.4","9.2","11.7",NA
2022,"Males","All ages","Government Office Region","E12000004","East Midlands","All quintiles","All stages","Brain","Non-malignant brain","142","Non-standardised","5.8","4.9","6.9",NA
2022,"Males","All ages","Government Office Region","E12000004","East Midlands","All quintiles","All stages","Brain","Non-malignant brain","142","Age-standardised","6","5.1","7.1",NA
2013,"Females","All ages","Government Office Region","E12000004","East Midlands","All quintiles","All stages","Brain","All Brain","403","Non-standardised","17.3","15.6","19",NA
2013,"Females","All ages","Government Office Region","E12000004","East Midlands","All quintiles","All stages","Brain","All Brain","403","Age-standardised","17.4","15.7","19.2",NA
2013,"Males","All ages","Government Office Region","E12000004","East Midlands","All quintiles","All stages","Brain","All Brain","417","Non-standardised","18.4","16.7","20.2",NA
2013,"Males","All ages","Government Office Region","E12000004","East Midlands","All quintiles","All stages","Brain","All Brain","417","Age-standardised","19.8","17.9","21.8",NA
2014,"Females","All ages","Government Office Region","E12000004","East Midlands","All quintiles","All stages","Brain","All Brain","421","Non-standardised","17.9","16.2","19.7",NA
2014,"Females","All ages","Government Office Region","E12000004","East Midlands","All quintiles","All stages","Brain","All Brain","421","Age-standardised","18","16.3","19.8",NA
2014,"Males","All ages","Government Office Region","E12000004","East Midlands","All quintiles","All stages","Brain","All Brain","390","Non-standardised","17","15.4","18.8",NA
2014,"Males","All ages","Government Office Region","E12000004","East Midlands","All quintiles","All stages","Brain","All Brain","390","Age-standardised","18.3","16.5","20.3",NA
2015,"Females","All ages","Government Office Region","E12000004","East Midlands","All quintiles","All stages","Brain","All Brain","500","Non-standardised","21.1","19.3","23",NA
2015,"Females","All ages","Government Office Region","E12000004","East Midlands","All quintiles","All stages","Brain","All Brain","500","Age-standardised","21.2","19.3","23.1",NA
2015,"Males","All ages","Government Office Region","E12000004","East Midlands","All quintiles","All stages","Brain","All Brain","461","Non-standardised","20","18.2","21.9",NA
2015,"Males","All ages","Government Office Region","E12000004","East Midlands","All quintiles","All stages","Brain","All Brain","461","Age-standardised","21.4","19.5","23.5",NA
2016,"Females","All ages","Government Office Region","E12000004","East Midlands","All quintiles","All stages","Brain","All Brain","468","Non-standardised","19.5","17.8","21.4",NA
2016,"Females","All ages","Government Office Region","E12000004","East Midlands","All quintiles","All stages","Brain","All Brain","468","Age-standardised","19.5","17.8","21.3",NA
2016,"Males","All ages","Government Office Region","E12000004","East Midlands","All quintiles","All stages","Brain","All Brain","477","Non-standardised","20.4","18.6","22.4",NA
2016,"Males","All ages","Government Office Region","E12000004","East Midlands","All quintiles","All stages","Brain","All Brain","477","Age-standardised","21.8","19.8","23.8",NA
2017,"Females","All ages","Government Office Region","E12000004","East Midlands","All quintiles","All stages","Brain","All Brain","494","Non-standardised","20.4","18.6","22.3",NA
2017,"Females","All ages","Government Office Region","E12000004","East Midlands","All quintiles","All stages","Brain","All Brain","494","Age-standardised","20.3","18.5","22.2",NA
2017,"Males","All ages","Government Office Region","E12000004","East Midlands","All quintiles","All stages","Brain","All Brain","446","Non-standardised","18.9","17.2","20.8",NA
2017,"Males","All ages","Government Office Region","E12000004","East Midlands","All quintiles","All stages","Brain","All Brain","446","Age-standardised","19.9","18.1","21.8",NA
2018,"Females","All ages","Government Office Region","E12000004","East Midlands","All quintiles","All stages","Brain","All Brain","507","Non-standardised","20.8","19","22.7",NA
2018,"Females","All ages","Government Office Region","E12000004","East Midlands","All quintiles","All stages","Brain","All Brain","507","Age-standardised","20.6","18.8","22.5",NA
2018,"Males","All ages","Government Office Region","E12000004","East Midlands","All quintiles","All stages","Brain","All Brain","451","Non-standardised","19","17.3","20.8",NA
2018,"Males","All ages","Government Office Region","E12000004","East Midlands","All quintiles","All stages","Brain","All Brain","451","Age-standardised","20","18.2","21.9",NA
2019,"Females","All ages","Government Office Region","E12000004","East Midlands","All quintiles","All stages","Brain","All Brain","502","Non-standardised","20.4","18.7","22.3",NA
2019,"Females","All ages","Government Office Region","E12000004","East Midlands","All quintiles","All stages","Brain","All Brain","502","Age-standardised","20.2","18.4","22",NA
2019,"Males","All ages","Government Office Region","E12000004","East Midlands","All quintiles","All stages","Brain","All Brain","470","Non-standardised","19.7","18","21.6",NA
2019,"Males","All ages","Government Office Region","E12000004","East Midlands","All quintiles","All stages","Brain","All Brain","470","Age-standardised","20.5","18.7","22.5",NA
2020,"Females","All ages","Government Office Region","E12000004","East Midlands","All quintiles","All stages","Brain","All Brain","438","Non-standardised","17.8","16.1","19.5",NA
2020,"Females","All ages","Government Office Region","E12000004","East Midlands","All quintiles","All stages","Brain","All Brain","438","Age-standardised","17.4","15.8","19.2",NA
2020,"Males","All ages","Government Office Region","E12000004","East Midlands","All quintiles","All stages","Brain","All Brain","424","Non-standardised","17.7","16.1","19.5",NA
2020,"Males","All ages","Government Office Region","E12000004","East Midlands","All quintiles","All stages","Brain","All Brain","424","Age-standardised","18.3","16.6","20.1",NA
2021,"Females","All ages","Government Office Region","E12000004","East Midlands","All quintiles","All stages","Brain","All Brain","416","Non-standardised","16.8","15.2","18.5",NA
2021,"Females","All ages","Government Office Region","E12000004","East Midlands","All quintiles","All stages","Brain","All Brain","416","Age-standardised","16.4","14.9","18.1",NA
2021,"Males","All ages","Government Office Region","E12000004","East Midlands","All quintiles","All stages","Brain","All Brain","396","Non-standardised","16.5","14.9","18.2",NA
2021,"Males","All ages","Government Office Region","E12000004","East Midlands","All quintiles","All stages","Brain","All Brain","396","Age-standardised","17","15.3","18.7",NA
2022,"Females","All ages","Government Office Region","E12000004","East Midlands","All quintiles","All stages","Brain","All Brain","470","Non-standardised","18.8","17.1","20.6",NA
2022,"Females","All ages","Government Office Region","E12000004","East Midlands","All quintiles","All stages","Brain","All Brain","470","Age-standardised","18.3","16.6","20",NA
2022,"Males","All ages","Government Office Region","E12000004","East Midlands","All quintiles","All stages","Brain","All Brain","445","Non-standardised","18.3","16.6","20.1",NA
2022,"Males","All ages","Government Office Region","E12000004","East Midlands","All quintiles","All stages","Brain","All Brain","445","Age-standardised","18.7","17","20.6",NA
2013,"Females","All ages","Government Office Region","E12000006","East of England","All quintiles","All stages","Brain","Benign endocrine","55","Non-standardised","1.8","1.4","2.4",NA
2013,"Females","All ages","Government Office Region","E12000006","East of England","All quintiles","All stages","Brain","Benign endocrine","55","Age-standardised","1.8","1.4","2.4",NA
2013,"Males","All ages","Government Office Region","E12000006","East of England","All quintiles","All stages","Brain","Benign endocrine","65","Non-standardised","2.2","1.7","2.8",NA
2013,"Males","All ages","Government Office Region","E12000006","East of England","All quintiles","All stages","Brain","Benign endocrine","65","Age-standardised","2.4","1.9","3.1",NA
2014,"Females","All ages","Government Office Region","E12000006","East of England","All quintiles","All stages","Brain","Benign endocrine","46","Non-standardised","1.5","1.1","2",NA
2014,"Females","All ages","Government Office Region","E12000006","East of England","All quintiles","All stages","Brain","Benign endocrine","46","Age-standardised","1.5","1.1","2",NA
2014,"Males","All ages","Government Office Region","E12000006","East of England","All quintiles","All stages","Brain","Benign endocrine","57","Non-standardised","1.9","1.5","2.5",NA
2014,"Males","All ages","Government Office Region","E12000006","East of England","All quintiles","All stages","Brain","Benign endocrine","57","Age-standardised","2","1.5","2.6",NA
2015,"Females","All ages","Government Office Region","E12000006","East of England","All quintiles","All stages","Brain","Benign endocrine","46","Non-standardised","1.5","1.1","2",NA
2015,"Females","All ages","Government Office Region","E12000006","East of England","All quintiles","All stages","Brain","Benign endocrine","46","Age-standardised","1.5","1.1","1.9",NA
2015,"Males","All ages","Government Office Region","E12000006","East of England","All quintiles","All stages","Brain","Benign endocrine","60","Non-standardised","2","1.5","2.6",NA
2015,"Males","All ages","Government Office Region","E12000006","East of England","All quintiles","All stages","Brain","Benign endocrine","60","Age-standardised","2.1","1.6","2.7",NA
2016,"Females","All ages","Government Office Region","E12000006","East of England","All quintiles","All stages","Brain","Benign endocrine","54","Non-standardised","1.7","1.3","2.3",NA
2016,"Females","All ages","Government Office Region","E12000006","East of England","All quintiles","All stages","Brain","Benign endocrine","54","Age-standardised","1.8","1.3","2.3",NA
2016,"Males","All ages","Government Office Region","E12000006","East of England","All quintiles","All stages","Brain","Benign endocrine","57","Non-standardised","1.9","1.4","2.4",NA
2016,"Males","All ages","Government Office Region","E12000006","East of England","All quintiles","All stages","Brain","Benign endocrine","57","Age-standardised","2","1.5","2.6",NA
2017,"Females","All ages","Government Office Region","E12000006","East of England","All quintiles","All stages","Brain","Benign endocrine","31","Non-standardised","1","0.7","1.4",NA
2017,"Females","All ages","Government Office Region","E12000006","East of England","All quintiles","All stages","Brain","Benign endocrine","31","Age-standardised","1","0.7","1.4",NA
2017,"Males","All ages","Government Office Region","E12000006","East of England","All quintiles","All stages","Brain","Benign endocrine","59","Non-standardised","1.9","1.5","2.5",NA
2017,"Males","All ages","Government Office Region","E12000006","East of England","All quintiles","All stages","Brain","Benign endocrine","59","Age-standardised","2","1.5","2.6",NA
2018,"Females","All ages","Government Office Region","E12000006","East of England","All quintiles","All stages","Brain","Benign endocrine","27","Non-standardised","0.9","0.6","1.2",NA
2018,"Females","All ages","Government Office Region","E12000006","East of England","All quintiles","All stages","Brain","Benign endocrine","27","Age-standardised","0.8","0.6","1.2",NA
2018,"Males","All ages","Government Office Region","E12000006","East of England","All quintiles","All stages","Brain","Benign endocrine","62","Non-standardised","2","1.6","2.6",NA
2018,"Males","All ages","Government Office Region","E12000006","East of England","All quintiles","All stages","Brain","Benign endocrine","62","Age-standardised","2.1","1.6","2.7",NA
2019,"Females","All ages","Government Office Region","E12000006","East of England","All quintiles","All stages","Brain","Benign endocrine","36","Non-standardised","1.1","0.8","1.6",NA
2019,"Females","All ages","Government Office Region","E12000006","East of England","All quintiles","All stages","Brain","Benign endocrine","36","Age-standardised","1.1","0.8","1.6",NA
2019,"Males","All ages","Government Office Region","E12000006","East of England","All quintiles","All stages","Brain","Benign endocrine","43","Non-standardised","1.4","1","1.9",NA
2019,"Males","All ages","Government Office Region","E12000006","East of England","All quintiles","All stages","Brain","Benign endocrine","43","Age-standardised","1.4","1","1.9",NA
2020,"Females","All ages","Government Office Region","E12000006","East of England","All quintiles","All stages","Brain","Benign endocrine","32","Non-standardised","1","0.7","1.4",NA
2020,"Females","All ages","Government Office Region","E12000006","East of England","All quintiles","All stages","Brain","Benign endocrine","32","Age-standardised","1","0.7","1.4",NA
2020,"Males","All ages","Government Office Region","E12000006","East of England","All quintiles","All stages","Brain","Benign endocrine","52","Non-standardised","1.7","1.3","2.2",NA
2020,"Males","All ages","Government Office Region","E12000006","East of England","All quintiles","All stages","Brain","Benign endocrine","52","Age-standardised","1.7","1.3","2.3",NA
2021,"Females","All ages","Government Office Region","E12000006","East of England","All quintiles","All stages","Brain","Benign endocrine","45","Non-standardised","1.4","1","1.9",NA
2021,"Females","All ages","Government Office Region","E12000006","East of England","All quintiles","All stages","Brain","Benign endocrine","45","Age-standardised","1.4","1","1.8",NA
2021,"Males","All ages","Government Office Region","E12000006","East of England","All quintiles","All stages","Brain","Benign endocrine","62","Non-standardised","2","1.5","2.6",NA
2021,"Males","All ages","Government Office Region","E12000006","East of England","All quintiles","All stages","Brain","Benign endocrine","62","Age-standardised","2","1.6","2.6",NA
2022,"Females","All ages","Government Office Region","E12000006","East of England","All quintiles","All stages","Brain","Benign endocrine","41","Non-standardised","1.3","0.9","1.7",NA
2022,"Females","All ages","Government Office Region","E12000006","East of England","All quintiles","All stages","Brain","Benign endocrine","41","Age-standardised","1.2","0.9","1.7",NA
2022,"Males","All ages","Government Office Region","E12000006","East of England","All quintiles","All stages","Brain","Benign endocrine","57","Non-standardised","1.8","1.4","2.4",NA
2022,"Males","All ages","Government Office Region","E12000006","East of England","All quintiles","All stages","Brain","Benign endocrine","57","Age-standardised","1.9","1.4","2.4",NA
2013,"Females","All ages","Government Office Region","E12000006","East of England","All quintiles","All stages","Brain","Malignant brain","225","Non-standardised","7.4","6.5","8.5",NA
2013,"Females","All ages","Government Office Region","E12000006","East of England","All quintiles","All stages","Brain","Malignant brain","225","Age-standardised","7.5","6.6","8.6",NA
2013,"Males","All ages","Government Office Region","E12000006","East of England","All quintiles","All stages","Brain","Malignant brain","342","Non-standardised","11.6","10.4","12.9",NA
2013,"Males","All ages","Government Office Region","E12000006","East of England","All quintiles","All stages","Brain","Malignant brain","342","Age-standardised","12.5","11.2","14",NA
2014,"Females","All ages","Government Office Region","E12000006","East of England","All quintiles","All stages","Brain","Malignant brain","221","Non-standardised","7.2","6.3","8.2",NA
2014,"Females","All ages","Government Office Region","E12000006","East of England","All quintiles","All stages","Brain","Malignant brain","221","Age-standardised","7.2","6.2","8.2",NA
2014,"Males","All ages","Government Office Region","E12000006","East of England","All quintiles","All stages","Brain","Malignant brain","272","Non-standardised","9.2","8.1","10.3",NA
2014,"Males","All ages","Government Office Region","E12000006","East of England","All quintiles","All stages","Brain","Malignant brain","272","Age-standardised","9.9","8.7","11.1",NA
2015,"Females","All ages","Government Office Region","E12000006","East of England","All quintiles","All stages","Brain","Malignant brain","256","Non-standardised","8.3","7.3","9.3",NA
2015,"Females","All ages","Government Office Region","E12000006","East of England","All quintiles","All stages","Brain","Malignant brain","256","Age-standardised","8.2","7.2","9.3",NA
2015,"Males","All ages","Government Office Region","E12000006","East of England","All quintiles","All stages","Brain","Malignant brain","298","Non-standardised","9.9","8.8","11.1",NA
2015,"Males","All ages","Government Office Region","E12000006","East of England","All quintiles","All stages","Brain","Malignant brain","298","Age-standardised","10.6","9.4","11.9",NA
2016,"Females","All ages","Government Office Region","E12000006","East of England","All quintiles","All stages","Brain","Malignant brain","240","Non-standardised","7.7","6.7","8.7",NA
2016,"Females","All ages","Government Office Region","E12000006","East of England","All quintiles","All stages","Brain","Malignant brain","240","Age-standardised","7.5","6.6","8.6",NA
2016,"Males","All ages","Government Office Region","E12000006","East of England","All quintiles","All stages","Brain","Malignant brain","313","Non-standardised","10.3","9.2","11.5",NA
2016,"Males","All ages","Government Office Region","E12000006","East of England","All quintiles","All stages","Brain","Malignant brain","313","Age-standardised","10.9","9.7","12.2",NA
2017,"Females","All ages","Government Office Region","E12000006","East of England","All quintiles","All stages","Brain","Malignant brain","241","Non-standardised","7.6","6.7","8.7",NA
2017,"Females","All ages","Government Office Region","E12000006","East of England","All quintiles","All stages","Brain","Malignant brain","241","Age-standardised","7.5","6.6","8.5",NA
2017,"Males","All ages","Government Office Region","E12000006","East of England","All quintiles","All stages","Brain","Malignant brain","339","Non-standardised","11.1","10","12.4",NA
2017,"Males","All ages","Government Office Region","E12000006","East of England","All quintiles","All stages","Brain","Malignant brain","339","Age-standardised","11.7","10.5","13",NA
2018,"Females","All ages","Government Office Region","E12000006","East of England","All quintiles","All stages","Brain","Malignant brain","248","Non-standardised","7.8","6.9","8.8",NA
2018,"Females","All ages","Government Office Region","E12000006","East of England","All quintiles","All stages","Brain","Malignant brain","248","Age-standardised","7.5","6.6","8.5",NA
2018,"Males","All ages","Government Office Region","E12000006","East of England","All quintiles","All stages","Brain","Malignant brain","329","Non-standardised","10.7","9.6","12",NA
2018,"Males","All ages","Government Office Region","E12000006","East of England","All quintiles","All stages","Brain","Malignant brain","329","Age-standardised","11.2","10","12.5",NA
2019,"Females","All ages","Government Office Region","E12000006","East of England","All quintiles","All stages","Brain","Malignant brain","237","Non-standardised","7.4","6.5","8.4",NA
2019,"Females","All ages","Government Office Region","E12000006","East of England","All quintiles","All stages","Brain","Malignant brain","237","Age-standardised","7.2","6.4","8.2",NA
2019,"Males","All ages","Government Office Region","E12000006","East of England","All quintiles","All stages","Brain","Malignant brain","346","Non-standardised","11.2","10.1","12.5",NA
2019,"Males","All ages","Government Office Region","E12000006","East of England","All quintiles","All stages","Brain","Malignant brain","346","Age-standardised","11.6","10.4","12.9",NA
2020,"Females","All ages","Government Office Region","E12000006","East of England","All quintiles","All stages","Brain","Malignant brain","239","Non-standardised","7.5","6.5","8.5",NA
2020,"Females","All ages","Government Office Region","E12000006","East of England","All quintiles","All stages","Brain","Malignant brain","239","Age-standardised","7.2","6.3","8.2",NA
2020,"Males","All ages","Government Office Region","E12000006","East of England","All quintiles","All stages","Brain","Malignant brain","295","Non-standardised","9.5","8.5","10.7",NA
2020,"Males","All ages","Government Office Region","E12000006","East of England","All quintiles","All stages","Brain","Malignant brain","295","Age-standardised","9.8","8.7","11",NA
2021,"Females","All ages","Government Office Region","E12000006","East of England","All quintiles","All stages","Brain","Malignant brain","248","Non-standardised","7.7","6.7","8.7",NA
2021,"Females","All ages","Government Office Region","E12000006","East of England","All quintiles","All stages","Brain","Malignant brain","248","Age-standardised","7.4","6.5","8.4",NA
2021,"Males","All ages","Government Office Region","E12000006","East of England","All quintiles","All stages","Brain","Malignant brain","304","Non-standardised","9.8","8.7","10.9",NA
2021,"Males","All ages","Government Office Region","E12000006","East of England","All quintiles","All stages","Brain","Malignant brain","304","Age-standardised","10","8.9","11.2",NA
2022,"Females","All ages","Government Office Region","E12000006","East of England","All quintiles","All stages","Brain","Malignant brain","214","Non-standardised","6.6","5.7","7.5",NA
2022,"Females","All ages","Government Office Region","E12000006","East of England","All quintiles","All stages","Brain","Malignant brain","214","Age-standardised","6.3","5.5","7.2",NA
2022,"Males","All ages","Government Office Region","E12000006","East of England","All quintiles","All stages","Brain","Malignant brain","328","Non-standardised","10.4","9.3","11.6",NA
2022,"Males","All ages","Government Office Region","E12000006","East of England","All quintiles","All stages","Brain","Malignant brain","328","Age-standardised","10.6","9.5","11.9",NA
2013,"Females","All ages","Government Office Region","E12000006","East of England","All quintiles","All stages","Brain","Non-benign endocrine","6","Non-standardised","0.2","0.1","0.4",NA
2013,"Females","All ages","Government Office Region","E12000006","East of England","All quintiles","All stages","Brain","Non-benign endocrine","6","Age-standardised","[u]","[u]","[u]","[note2]"
2013,"Males","All ages","Government Office Region","E12000006","East of England","All quintiles","All stages","Brain","Non-benign endocrine","9","Non-standardised","0.3","0.1","0.6",NA
2013,"Males","All ages","Government Office Region","E12000006","East of England","All quintiles","All stages","Brain","Non-benign endocrine","9","Age-standardised","[u]","[u]","[u]","[note2]"
2014,"Females","All ages","Government Office Region","E12000006","East of England","All quintiles","All stages","Brain","Non-benign endocrine","9","Non-standardised","0.3","0.1","0.6",NA
2014,"Females","All ages","Government Office Region","E12000006","East of England","All quintiles","All stages","Brain","Non-benign endocrine","9","Age-standardised","[u]","[u]","[u]","[note2]"
2014,"Males","All ages","Government Office Region","E12000006","East of England","All quintiles","All stages","Brain","Non-benign endocrine","10","Non-standardised","0.3","0.2","0.6",NA
2014,"Males","All ages","Government Office Region","E12000006","East of England","All quintiles","All stages","Brain","Non-benign endocrine","10","Age-standardised","0.3","0.2","0.6","[note1]"
2015,"Females","All ages","Government Office Region","E12000006","East of England","All quintiles","All stages","Brain","Non-benign endocrine","4","Non-standardised","0.1","0","0.3",NA
2015,"Females","All ages","Government Office Region","E12000006","East of England","All quintiles","All stages","Brain","Non-benign endocrine","4","Age-standardised","[u]","[u]","[u]","[note2]"
2015,"Males","All ages","Government Office Region","E12000006","East of England","All quintiles","All stages","Brain","Non-benign endocrine","14","Non-standardised","0.5","0.3","0.8",NA
2015,"Males","All ages","Government Office Region","E12000006","East of England","All quintiles","All stages","Brain","Non-benign endocrine","14","Age-standardised","0.5","0.3","0.8","[note1]"
2016,"Females","All ages","Government Office Region","E12000006","East of England","All quintiles","All stages","Brain","Non-benign endocrine","11","Non-standardised","0.4","0.2","0.6",NA
2016,"Females","All ages","Government Office Region","E12000006","East of England","All quintiles","All stages","Brain","Non-benign endocrine","11","Age-standardised","0.3","0.2","0.6","[note1]"
2016,"Males","All ages","Government Office Region","E12000006","East of England","All quintiles","All stages","Brain","Non-benign endocrine","8","Non-standardised","0.3","0.1","0.5",NA
2016,"Males","All ages","Government Office Region","E12000006","East of England","All quintiles","All stages","Brain","Non-benign endocrine","8","Age-standardised","[u]","[u]","[u]","[note2]"
2017,"Females","All ages","Government Office Region","E12000006","East of England","All quintiles","All stages","Brain","Non-benign endocrine","7","Non-standardised","0.2","0.1","0.5",NA
2017,"Females","All ages","Government Office Region","E12000006","East of England","All quintiles","All stages","Brain","Non-benign endocrine","7","Age-standardised","[u]","[u]","[u]","[note2]"
2017,"Males","All ages","Government Office Region","E12000006","East of England","All quintiles","All stages","Brain","Non-benign endocrine","6","Non-standardised","0.2","0.1","0.4",NA
2017,"Males","All ages","Government Office Region","E12000006","East of England","All quintiles","All stages","Brain","Non-benign endocrine","6","Age-standardised","[u]","[u]","[u]","[note2]"
2018,"Females","All ages","Government Office Region","E12000006","East of England","All quintiles","All stages","Brain","Non-benign endocrine","8","Non-standardised","0.3","0.1","0.5",NA
2018,"Females","All ages","Government Office Region","E12000006","East of England","All quintiles","All stages","Brain","Non-benign endocrine","8","Age-standardised","[u]","[u]","[u]","[note2]"
2018,"Males","All ages","Government Office Region","E12000006","East of England","All quintiles","All stages","Brain","Non-benign endocrine","6","Non-standardised","0.2","0.1","0.4",NA
2018,"Males","All ages","Government Office Region","E12000006","East of England","All quintiles","All stages","Brain","Non-benign endocrine","6","Age-standardised","[u]","[u]","[u]","[note2]"
2019,"Females","All ages","Government Office Region","E12000006","East of England","All quintiles","All stages","Brain","Non-benign endocrine","10","Non-standardised","0.3","0.1","0.6",NA
2019,"Females","All ages","Government Office Region","E12000006","East of England","All quintiles","All stages","Brain","Non-benign endocrine","10","Age-standardised","0.3","0.1","0.5","[note1]"
2019,"Males","All ages","Government Office Region","E12000006","East of England","All quintiles","All stages","Brain","Non-benign endocrine","17","Non-standardised","0.6","0.3","0.9",NA
2019,"Males","All ages","Government Office Region","E12000006","East of England","All quintiles","All stages","Brain","Non-benign endocrine","17","Age-standardised","0.5","0.3","0.9","[note1]"
2020,"Females","All ages","Government Office Region","E12000006","East of England","All quintiles","All stages","Brain","Non-benign endocrine","6","Non-standardised","0.2","0.1","0.4",NA
2020,"Females","All ages","Government Office Region","E12000006","East of England","All quintiles","All stages","Brain","Non-benign endocrine","6","Age-standardised","[u]","[u]","[u]","[note2]"
2020,"Males","All ages","Government Office Region","E12000006","East of England","All quintiles","All stages","Brain","Non-benign endocrine","1","Non-standardised","[u]","[u]","[u]","[note2]"
2020,"Males","All ages","Government Office Region","E12000006","East of England","All quintiles","All stages","Brain","Non-benign endocrine","1","Age-standardised","[u]","[u]","[u]","[note2]"
2021,"Females","All ages","Government Office Region","E12000006","East of England","All quintiles","All stages","Brain","Non-benign endocrine","8","Non-standardised","0.2","0.1","0.5",NA
2021,"Females","All ages","Government Office Region","E12000006","East of England","All quintiles","All stages","Brain","Non-benign endocrine","8","Age-standardised","[u]","[u]","[u]","[note2]"
2021,"Males","All ages","Government Office Region","E12000006","East of England","All quintiles","All stages","Brain","Non-benign endocrine","8","Non-standardised","0.3","0.1","0.5",NA
2021,"Males","All ages","Government Office Region","E12000006","East of England","All quintiles","All stages","Brain","Non-benign endocrine","8","Age-standardised","[u]","[u]","[u]","[note2]"
2022,"Females","All ages","Government Office Region","E12000006","East of England","All quintiles","All stages","Brain","Non-benign endocrine","8","Non-standardised","0.2","0.1","0.5",NA
2022,"Females","All ages","Government Office Region","E12000006","East of England","All quintiles","All stages","Brain","Non-benign endocrine","8","Age-standardised","[u]","[u]","[u]","[note2]"
2022,"Males","All ages","Government Office Region","E12000006","East of England","All quintiles","All stages","Brain","Non-benign endocrine","7","Non-standardised","0.2","0.1","0.5",NA
2022,"Males","All ages","Government Office Region","E12000006","East of England","All quintiles","All stages","Brain","Non-benign endocrine","7","Age-standardised","[u]","[u]","[u]","[note2]"
2013,"Females","All ages","Government Office Region","E12000006","East of England","All quintiles","All stages","Brain","Non-malignant brain","379","Non-standardised","12.5","11.3","13.8",NA
2013,"Females","All ages","Government Office Region","E12000006","East of England","All quintiles","All stages","Brain","Non-malignant brain","379","Age-standardised","12.4","11.2","13.7",NA
2013,"Males","All ages","Government Office Region","E12000006","East of England","All quintiles","All stages","Brain","Non-malignant brain","217","Non-standardised","7.4","6.4","8.4",NA
2013,"Males","All ages","Government Office Region","E12000006","East of England","All quintiles","All stages","Brain","Non-malignant brain","217","Age-standardised","8.1","7.1","9.3",NA
2014,"Females","All ages","Government Office Region","E12000006","East of England","All quintiles","All stages","Brain","Non-malignant brain","316","Non-standardised","10.3","9.2","11.5",NA
2014,"Females","All ages","Government Office Region","E12000006","East of England","All quintiles","All stages","Brain","Non-malignant brain","316","Age-standardised","10.3","9.1","11.5",NA
2014,"Males","All ages","Government Office Region","E12000006","East of England","All quintiles","All stages","Brain","Non-malignant brain","179","Non-standardised","6","5.2","7",NA
2014,"Males","All ages","Government Office Region","E12000006","East of England","All quintiles","All stages","Brain","Non-malignant brain","179","Age-standardised","6.6","5.6","7.6",NA
2015,"Females","All ages","Government Office Region","E12000006","East of England","All quintiles","All stages","Brain","Non-malignant brain","309","Non-standardised","10","8.9","11.2",NA
2015,"Females","All ages","Government Office Region","E12000006","East of England","All quintiles","All stages","Brain","Non-malignant brain","309","Age-standardised","9.9","8.8","11.1",NA
2015,"Males","All ages","Government Office Region","E12000006","East of England","All quintiles","All stages","Brain","Non-malignant brain","175","Non-standardised","5.8","5","6.8",NA
2015,"Males","All ages","Government Office Region","E12000006","East of England","All quintiles","All stages","Brain","Non-malignant brain","175","Age-standardised","6.2","5.3","7.2",NA
2016,"Females","All ages","Government Office Region","E12000006","East of England","All quintiles","All stages","Brain","Non-malignant brain","338","Non-standardised","10.8","9.7","12",NA
2016,"Females","All ages","Government Office Region","E12000006","East of England","All quintiles","All stages","Brain","Non-malignant brain","338","Age-standardised","10.7","9.6","11.9",NA
2016,"Males","All ages","Government Office Region","E12000006","East of England","All quintiles","All stages","Brain","Non-malignant brain","185","Non-standardised","6.1","5.3","7.1",NA
2016,"Males","All ages","Government Office Region","E12000006","East of England","All quintiles","All stages","Brain","Non-malignant brain","185","Age-standardised","6.5","5.6","7.6",NA
2017,"Females","All ages","Government Office Region","E12000006","East of England","All quintiles","All stages","Brain","Non-malignant brain","283","Non-standardised","9","8","10.1",NA
2017,"Females","All ages","Government Office Region","E12000006","East of England","All quintiles","All stages","Brain","Non-malignant brain","283","Age-standardised","8.8","7.8","9.9",NA
2017,"Males","All ages","Government Office Region","E12000006","East of England","All quintiles","All stages","Brain","Non-malignant brain","185","Non-standardised","6.1","5.2","7",NA
2017,"Males","All ages","Government Office Region","E12000006","East of England","All quintiles","All stages","Brain","Non-malignant brain","185","Age-standardised","6.4","5.5","7.4",NA
2018,"Females","All ages","Government Office Region","E12000006","East of England","All quintiles","All stages","Brain","Non-malignant brain","280","Non-standardised","8.8","7.8","9.9",NA
2018,"Females","All ages","Government Office Region","E12000006","East of England","All quintiles","All stages","Brain","Non-malignant brain","280","Age-standardised","8.7","7.7","9.8",NA
2018,"Males","All ages","Government Office Region","E12000006","East of England","All quintiles","All stages","Brain","Non-malignant brain","161","Non-standardised","5.3","4.5","6.1",NA
2018,"Males","All ages","Government Office Region","E12000006","East of England","All quintiles","All stages","Brain","Non-malignant brain","161","Age-standardised","5.5","4.7","6.4",NA
2019,"Females","All ages","Government Office Region","E12000006","East of England","All quintiles","All stages","Brain","Non-malignant brain","289","Non-standardised","9","8","10.2",NA
2019,"Females","All ages","Government Office Region","E12000006","East of England","All quintiles","All stages","Brain","Non-malignant brain","289","Age-standardised","8.7","7.7","9.8",NA
2019,"Males","All ages","Government Office Region","E12000006","East of England","All quintiles","All stages","Brain","Non-malignant brain","171","Non-standardised","5.6","4.8","6.5",NA
2019,"Males","All ages","Government Office Region","E12000006","East of England","All quintiles","All stages","Brain","Non-malignant brain","171","Age-standardised","5.7","4.9","6.7",NA
2020,"Females","All ages","Government Office Region","E12000006","East of England","All quintiles","All stages","Brain","Non-malignant brain","272","Non-standardised","8.5","7.5","9.5",NA
2020,"Females","All ages","Government Office Region","E12000006","East of England","All quintiles","All stages","Brain","Non-malignant brain","272","Age-standardised","8.2","7.3","9.3",NA
2020,"Males","All ages","Government Office Region","E12000006","East of England","All quintiles","All stages","Brain","Non-malignant brain","147","Non-standardised","4.8","4","5.6",NA
2020,"Males","All ages","Government Office Region","E12000006","East of England","All quintiles","All stages","Brain","Non-malignant brain","147","Age-standardised","4.9","4.2","5.8",NA
2021,"Females","All ages","Government Office Region","E12000006","East of England","All quintiles","All stages","Brain","Non-malignant brain","269","Non-standardised","8.3","7.3","9.4",NA
2021,"Females","All ages","Government Office Region","E12000006","East of England","All quintiles","All stages","Brain","Non-malignant brain","269","Age-standardised","8.1","7.1","9.1",NA
2021,"Males","All ages","Government Office Region","E12000006","East of England","All quintiles","All stages","Brain","Non-malignant brain","138","Non-standardised","4.4","3.7","5.2",NA
2021,"Males","All ages","Government Office Region","E12000006","East of England","All quintiles","All stages","Brain","Non-malignant brain","138","Age-standardised","4.5","3.8","5.4",NA
2022,"Females","All ages","Government Office Region","E12000006","East of England","All quintiles","All stages","Brain","Non-malignant brain","256","Non-standardised","7.8","6.9","8.9",NA
2022,"Females","All ages","Government Office Region","E12000006","East of England","All quintiles","All stages","Brain","Non-malignant brain","256","Age-standardised","7.6","6.7","8.6",NA
2022,"Males","All ages","Government Office Region","E12000006","East of England","All quintiles","All stages","Brain","Non-malignant brain","144","Non-standardised","4.6","3.9","5.4",NA
2022,"Males","All ages","Government Office Region","E12000006","East of England","All quintiles","All stages","Brain","Non-malignant brain","144","Age-standardised","4.7","3.9","5.5",NA
2013,"Females","All ages","Government Office Region","E12000006","East of England","All quintiles","All stages","Brain","All Brain","665","Non-standardised","21.9","20.3","23.6",NA
2013,"Females","All ages","Government Office Region","E12000006","East of England","All quintiles","All stages","Brain","All Brain","665","Age-standardised","21.9","20.3","23.7",NA
2013,"Males","All ages","Government Office Region","E12000006","East of England","All quintiles","All stages","Brain","All Brain","633","Non-standardised","21.6","19.9","23.3",NA
2013,"Males","All ages","Government Office Region","E12000006","East of England","All quintiles","All stages","Brain","All Brain","633","Age-standardised","23.4","21.6","25.3",NA
2014,"Females","All ages","Government Office Region","E12000006","East of England","All quintiles","All stages","Brain","All Brain","592","Non-standardised","19.3","17.8","20.9",NA
2014,"Females","All ages","Government Office Region","E12000006","East of England","All quintiles","All stages","Brain","All Brain","592","Age-standardised","19.2","17.7","20.8",NA
2014,"Males","All ages","Government Office Region","E12000006","East of England","All quintiles","All stages","Brain","All Brain","518","Non-standardised","17.4","16","19",NA
2014,"Males","All ages","Government Office Region","E12000006","East of England","All quintiles","All stages","Brain","All Brain","518","Age-standardised","18.8","17.2","20.5",NA
2015,"Females","All ages","Government Office Region","E12000006","East of England","All quintiles","All stages","Brain","All Brain","615","Non-standardised","19.9","18.3","21.5",NA
2015,"Females","All ages","Government Office Region","E12000006","East of England","All quintiles","All stages","Brain","All Brain","615","Age-standardised","19.7","18.2","21.3",NA
2015,"Males","All ages","Government Office Region","E12000006","East of England","All quintiles","All stages","Brain","All Brain","547","Non-standardised","18.2","16.7","19.8",NA
2015,"Males","All ages","Government Office Region","E12000006","East of England","All quintiles","All stages","Brain","All Brain","547","Age-standardised","19.4","17.8","21.1",NA
2016,"Females","All ages","Government Office Region","E12000006","East of England","All quintiles","All stages","Brain","All Brain","643","Non-standardised","20.5","19","22.2",NA
2016,"Females","All ages","Government Office Region","E12000006","East of England","All quintiles","All stages","Brain","All Brain","643","Age-standardised","20.3","18.8","22",NA
2016,"Males","All ages","Government Office Region","E12000006","East of England","All quintiles","All stages","Brain","All Brain","563","Non-standardised","18.6","17.1","20.2",NA
2016,"Males","All ages","Government Office Region","E12000006","East of England","All quintiles","All stages","Brain","All Brain","563","Age-standardised","19.7","18.1","21.4",NA
2017,"Females","All ages","Government Office Region","E12000006","East of England","All quintiles","All stages","Brain","All Brain","562","Non-standardised","17.8","16.4","19.4",NA
2017,"Females","All ages","Government Office Region","E12000006","East of England","All quintiles","All stages","Brain","All Brain","562","Age-standardised","17.6","16.1","19.1",NA
2017,"Males","All ages","Government Office Region","E12000006","East of England","All quintiles","All stages","Brain","All Brain","589","Non-standardised","19.3","17.8","20.9",NA
2017,"Males","All ages","Government Office Region","E12000006","East of England","All quintiles","All stages","Brain","All Brain","589","Age-standardised","20.3","18.7","22",NA
2018,"Females","All ages","Government Office Region","E12000006","East of England","All quintiles","All stages","Brain","All Brain","563","Non-standardised","17.7","16.3","19.3",NA
2018,"Females","All ages","Government Office Region","E12000006","East of England","All quintiles","All stages","Brain","All Brain","563","Age-standardised","17.3","15.9","18.8",NA
2018,"Males","All ages","Government Office Region","E12000006","East of England","All quintiles","All stages","Brain","All Brain","558","Non-standardised","18.2","16.7","19.8",NA
2018,"Males","All ages","Government Office Region","E12000006","East of England","All quintiles","All stages","Brain","All Brain","558","Age-standardised","19","17.5","20.6",NA
2019,"Females","All ages","Government Office Region","E12000006","East of England","All quintiles","All stages","Brain","All Brain","572","Non-standardised","17.9","16.5","19.4",NA
2019,"Females","All ages","Government Office Region","E12000006","East of England","All quintiles","All stages","Brain","All Brain","572","Age-standardised","17.4","16","18.9",NA
2019,"Males","All ages","Government Office Region","E12000006","East of England","All quintiles","All stages","Brain","All Brain","577","Non-standardised","18.7","17.2","20.3",NA
2019,"Males","All ages","Government Office Region","E12000006","East of England","All quintiles","All stages","Brain","All Brain","577","Age-standardised","19.3","17.8","20.9",NA
2020,"Females","All ages","Government Office Region","E12000006","East of England","All quintiles","All stages","Brain","All Brain","549","Non-standardised","17.1","15.7","18.6",NA
2020,"Females","All ages","Government Office Region","E12000006","East of England","All quintiles","All stages","Brain","All Brain","549","Age-standardised","16.6","15.2","18",NA
2020,"Males","All ages","Government Office Region","E12000006","East of England","All quintiles","All stages","Brain","All Brain","495","Non-standardised","16","14.6","17.5",NA
2020,"Males","All ages","Government Office Region","E12000006","East of England","All quintiles","All stages","Brain","All Brain","495","Age-standardised","16.5","15.1","18",NA
2021,"Females","All ages","Government Office Region","E12000006","East of England","All quintiles","All stages","Brain","All Brain","570","Non-standardised","17.6","16.2","19.1",NA
2021,"Females","All ages","Government Office Region","E12000006","East of England","All quintiles","All stages","Brain","All Brain","570","Age-standardised","17.1","15.7","18.5",NA
2021,"Males","All ages","Government Office Region","E12000006","East of England","All quintiles","All stages","Brain","All Brain","512","Non-standardised","16.4","15.1","17.9",NA
2021,"Males","All ages","Government Office Region","E12000006","East of England","All quintiles","All stages","Brain","All Brain","512","Age-standardised","16.8","15.4","18.4",NA
2022,"Females","All ages","Government Office Region","E12000006","East of England","All quintiles","All stages","Brain","All Brain","519","Non-standardised","15.9","14.6","17.3",NA
2022,"Females","All ages","Government Office Region","E12000006","East of England","All quintiles","All stages","Brain","All Brain","519","Age-standardised","15.4","14.1","16.8",NA
2022,"Males","All ages","Government Office Region","E12000006","East of England","All quintiles","All stages","Brain","All Brain","536","Non-standardised","17.1","15.7","18.6",NA
2022,"Males","All ages","Government Office Region","E12000006","East of England","All quintiles","All stages","Brain","All Brain","536","Age-standardised","17.4","15.9","18.9",NA
2013,"Females","All ages","Government Office Region","E12000007","London","All quintiles","All stages","Brain","Benign endocrine","59","Non-standardised","1.4","1","1.8",NA
2013,"Females","All ages","Government Office Region","E12000007","London","All quintiles","All stages","Brain","Benign endocrine","59","Age-standardised","1.6","1.2","2.1",NA
2013,"Males","All ages","Government Office Region","E12000007","London","All quintiles","All stages","Brain","Benign endocrine","65","Non-standardised","1.6","1.2","2",NA
2013,"Males","All ages","Government Office Region","E12000007","London","All quintiles","All stages","Brain","Benign endocrine","65","Age-standardised","1.9","1.4","2.4",NA
2014,"Females","All ages","Government Office Region","E12000007","London","All quintiles","All stages","Brain","Benign endocrine","111","Non-standardised","2.6","2.1","3.1",NA
2014,"Females","All ages","Government Office Region","E12000007","London","All quintiles","All stages","Brain","Benign endocrine","111","Age-standardised","2.8","2.2","3.4",NA
2014,"Males","All ages","Government Office Region","E12000007","London","All quintiles","All stages","Brain","Benign endocrine","69","Non-standardised","1.6","1.3","2.1",NA
2014,"Males","All ages","Government Office Region","E12000007","London","All quintiles","All stages","Brain","Benign endocrine","69","Age-standardised","2","1.5","2.6",NA
2015,"Females","All ages","Government Office Region","E12000007","London","All quintiles","All stages","Brain","Benign endocrine","97","Non-standardised","2.2","1.8","2.7",NA
2015,"Females","All ages","Government Office Region","E12000007","London","All quintiles","All stages","Brain","Benign endocrine","97","Age-standardised","2.3","1.9","2.8",NA
2015,"Males","All ages","Government Office Region","E12000007","London","All quintiles","All stages","Brain","Benign endocrine","47","Non-standardised","1.1","0.8","1.5",NA
2015,"Males","All ages","Government Office Region","E12000007","London","All quintiles","All stages","Brain","Benign endocrine","47","Age-standardised","1.5","1.1","2",NA
2016,"Females","All ages","Government Office Region","E12000007","London","All quintiles","All stages","Brain","Benign endocrine","105","Non-standardised","2.3","1.9","2.8",NA
2016,"Females","All ages","Government Office Region","E12000007","London","All quintiles","All stages","Brain","Benign endocrine","105","Age-standardised","2.4","2","3",NA
2016,"Males","All ages","Government Office Region","E12000007","London","All quintiles","All stages","Brain","Benign endocrine","58","Non-standardised","1.4","1","1.8",NA
2016,"Males","All ages","Government Office Region","E12000007","London","All quintiles","All stages","Brain","Benign endocrine","58","Age-standardised","1.9","1.4","2.5",NA
2017,"Females","All ages","Government Office Region","E12000007","London","All quintiles","All stages","Brain","Benign endocrine","75","Non-standardised","1.7","1.3","2.1",NA
2017,"Females","All ages","Government Office Region","E12000007","London","All quintiles","All stages","Brain","Benign endocrine","75","Age-standardised","1.8","1.4","2.3",NA
2017,"Males","All ages","Government Office Region","E12000007","London","All quintiles","All stages","Brain","Benign endocrine","62","Non-standardised","1.4","1.1","1.9",NA
2017,"Males","All ages","Government Office Region","E12000007","London","All quintiles","All stages","Brain","Benign endocrine","62","Age-standardised","1.8","1.4","2.3",NA
2018,"Females","All ages","Government Office Region","E12000007","London","All quintiles","All stages","Brain","Benign endocrine","86","Non-standardised","1.9","1.5","2.3",NA
2018,"Females","All ages","Government Office Region","E12000007","London","All quintiles","All stages","Brain","Benign endocrine","86","Age-standardised","2","1.6","2.5",NA
2018,"Males","All ages","Government Office Region","E12000007","London","All quintiles","All stages","Brain","Benign endocrine","57","Non-standardised","1.3","1","1.7",NA
2018,"Males","All ages","Government Office Region","E12000007","London","All quintiles","All stages","Brain","Benign endocrine","57","Age-standardised","1.7","1.3","2.3",NA
2019,"Females","All ages","Government Office Region","E12000007","London","All quintiles","All stages","Brain","Benign endocrine","81","Non-standardised","1.8","1.4","2.2",NA
2019,"Females","All ages","Government Office Region","E12000007","London","All quintiles","All stages","Brain","Benign endocrine","81","Age-standardised","1.8","1.4","2.2",NA
2019,"Males","All ages","Government Office Region","E12000007","London","All quintiles","All stages","Brain","Benign endocrine","45","Non-standardised","1","0.8","1.4",NA
2019,"Males","All ages","Government Office Region","E12000007","London","All quintiles","All stages","Brain","Benign endocrine","45","Age-standardised","1.3","0.9","1.8",NA
2020,"Females","All ages","Government Office Region","E12000007","London","All quintiles","All stages","Brain","Benign endocrine","49","Non-standardised","1.1","0.8","1.4",NA
2020,"Females","All ages","Government Office Region","E12000007","London","All quintiles","All stages","Brain","Benign endocrine","49","Age-standardised","1.2","0.9","1.6",NA
2020,"Males","All ages","Government Office Region","E12000007","London","All quintiles","All stages","Brain","Benign endocrine","45","Non-standardised","1","0.8","1.4",NA
2020,"Males","All ages","Government Office Region","E12000007","London","All quintiles","All stages","Brain","Benign endocrine","45","Age-standardised","1.4","1","1.9",NA
2021,"Females","All ages","Government Office Region","E12000007","London","All quintiles","All stages","Brain","Benign endocrine","38","Non-standardised","0.8","0.6","1.1",NA
2021,"Females","All ages","Government Office Region","E12000007","London","All quintiles","All stages","Brain","Benign endocrine","38","Age-standardised","0.9","0.6","1.3",NA
2021,"Males","All ages","Government Office Region","E12000007","London","All quintiles","All stages","Brain","Benign endocrine","38","Non-standardised","0.9","0.6","1.2",NA
2021,"Males","All ages","Government Office Region","E12000007","London","All quintiles","All stages","Brain","Benign endocrine","38","Age-standardised","1.1","0.8","1.5",NA
2022,"Females","All ages","Government Office Region","E12000007","London","All quintiles","All stages","Brain","Benign endocrine","39","Non-standardised","0.9","0.6","1.2",NA
2022,"Females","All ages","Government Office Region","E12000007","London","All quintiles","All stages","Brain","Benign endocrine","39","Age-standardised","0.9","0.6","1.2",NA
2022,"Males","All ages","Government Office Region","E12000007","London","All quintiles","All stages","Brain","Benign endocrine","48","Non-standardised","1.1","0.8","1.5",NA
2022,"Males","All ages","Government Office Region","E12000007","London","All quintiles","All stages","Brain","Benign endocrine","48","Age-standardised","1.3","1","1.8",NA
2013,"Females","All ages","Government Office Region","E12000007","London","All quintiles","All stages","Brain","Malignant brain","249","Non-standardised","5.8","5.1","6.6",NA
2013,"Females","All ages","Government Office Region","E12000007","London","All quintiles","All stages","Brain","Malignant brain","249","Age-standardised","7.3","6.4","8.3",NA
2013,"Males","All ages","Government Office Region","E12000007","London","All quintiles","All stages","Brain","Malignant brain","336","Non-standardised","8.1","7.3","9",NA
2013,"Males","All ages","Government Office Region","E12000007","London","All quintiles","All stages","Brain","Malignant brain","336","Age-standardised","11","9.8","12.3",NA
2014,"Females","All ages","Government Office Region","E12000007","London","All quintiles","All stages","Brain","Malignant brain","233","Non-standardised","5.4","4.7","6.1",NA
2014,"Females","All ages","Government Office Region","E12000007","London","All quintiles","All stages","Brain","Malignant brain","233","Age-standardised","6.6","5.7","7.5",NA
2014,"Males","All ages","Government Office Region","E12000007","London","All quintiles","All stages","Brain","Malignant brain","311","Non-standardised","7.4","6.6","8.3",NA
2014,"Males","All ages","Government Office Region","E12000007","London","All quintiles","All stages","Brain","Malignant brain","311","Age-standardised","9.7","8.6","10.9",NA
2015,"Females","All ages","Government Office Region","E12000007","London","All quintiles","All stages","Brain","Malignant brain","244","Non-standardised","5.5","4.9","6.3",NA
2015,"Females","All ages","Government Office Region","E12000007","London","All quintiles","All stages","Brain","Malignant brain","244","Age-standardised","6.7","5.9","7.7",NA
2015,"Males","All ages","Government Office Region","E12000007","London","All quintiles","All stages","Brain","Malignant brain","307","Non-standardised","7.2","6.4","8.1",NA
2015,"Males","All ages","Government Office Region","E12000007","London","All quintiles","All stages","Brain","Malignant brain","307","Age-standardised","9.6","8.5","10.8",NA
2016,"Females","All ages","Government Office Region","E12000007","London","All quintiles","All stages","Brain","Malignant brain","235","Non-standardised","5.3","4.6","6",NA
2016,"Females","All ages","Government Office Region","E12000007","London","All quintiles","All stages","Brain","Malignant brain","235","Age-standardised","6.4","5.6","7.3",NA
2016,"Males","All ages","Government Office Region","E12000007","London","All quintiles","All stages","Brain","Malignant brain","299","Non-standardised","7","6.2","7.8",NA
2016,"Males","All ages","Government Office Region","E12000007","London","All quintiles","All stages","Brain","Malignant brain","299","Age-standardised","9.4","8.3","10.6",NA
2017,"Females","All ages","Government Office Region","E12000007","London","All quintiles","All stages","Brain","Malignant brain","228","Non-standardised","5.1","4.4","5.8",NA
2017,"Females","All ages","Government Office Region","E12000007","London","All quintiles","All stages","Brain","Malignant brain","228","Age-standardised","6.2","5.4","7.2",NA
2017,"Males","All ages","Government Office Region","E12000007","London","All quintiles","All stages","Brain","Malignant brain","325","Non-standardised","7.6","6.8","8.5",NA
2017,"Males","All ages","Government Office Region","E12000007","London","All quintiles","All stages","Brain","Malignant brain","325","Age-standardised","9.8","8.7","11.1",NA
2018,"Females","All ages","Government Office Region","E12000007","London","All quintiles","All stages","Brain","Malignant brain","246","Non-standardised","5.4","4.8","6.2",NA
2018,"Females","All ages","Government Office Region","E12000007","London","All quintiles","All stages","Brain","Malignant brain","246","Age-standardised","6.5","5.7","7.4",NA
2018,"Males","All ages","Government Office Region","E12000007","London","All quintiles","All stages","Brain","Malignant brain","326","Non-standardised","7.6","6.8","8.4",NA
2018,"Males","All ages","Government Office Region","E12000007","London","All quintiles","All stages","Brain","Malignant brain","326","Age-standardised","9.9","8.8","11.1",NA
2019,"Females","All ages","Government Office Region","E12000007","London","All quintiles","All stages","Brain","Malignant brain","268","Non-standardised","5.9","5.2","6.6",NA
2019,"Females","All ages","Government Office Region","E12000007","London","All quintiles","All stages","Brain","Malignant brain","268","Age-standardised","7.2","6.4","8.2",NA
2019,"Males","All ages","Government Office Region","E12000007","London","All quintiles","All stages","Brain","Malignant brain","298","Non-standardised","6.9","6.1","7.7",NA
2019,"Males","All ages","Government Office Region","E12000007","London","All quintiles","All stages","Brain","Malignant brain","298","Age-standardised","9","7.9","10.1",NA
2020,"Females","All ages","Government Office Region","E12000007","London","All quintiles","All stages","Brain","Malignant brain","229","Non-standardised","5","4.4","5.7",NA
2020,"Females","All ages","Government Office Region","E12000007","London","All quintiles","All stages","Brain","Malignant brain","229","Age-standardised","6.1","5.3","7",NA
2020,"Males","All ages","Government Office Region","E12000007","London","All quintiles","All stages","Brain","Malignant brain","307","Non-standardised","7.1","6.4","8",NA
2020,"Males","All ages","Government Office Region","E12000007","London","All quintiles","All stages","Brain","Malignant brain","307","Age-standardised","9.3","8.2","10.4",NA
2021,"Females","All ages","Government Office Region","E12000007","London","All quintiles","All stages","Brain","Malignant brain","209","Non-standardised","4.6","4","5.3",NA
2021,"Females","All ages","Government Office Region","E12000007","London","All quintiles","All stages","Brain","Malignant brain","209","Age-standardised","5.5","4.8","6.4",NA
2021,"Males","All ages","Government Office Region","E12000007","London","All quintiles","All stages","Brain","Malignant brain","323","Non-standardised","7.6","6.8","8.4",NA
2021,"Males","All ages","Government Office Region","E12000007","London","All quintiles","All stages","Brain","Malignant brain","323","Age-standardised","10.1","8.9","11.3",NA
2022,"Females","All ages","Government Office Region","E12000007","London","All quintiles","All stages","Brain","Malignant brain","207","Non-standardised","4.5","3.9","5.2",NA
2022,"Females","All ages","Government Office Region","E12000007","London","All quintiles","All stages","Brain","Malignant brain","207","Age-standardised","5.5","4.8","6.3",NA
2022,"Males","All ages","Government Office Region","E12000007","London","All quintiles","All stages","Brain","Malignant brain","316","Non-standardised","7.3","6.6","8.2",NA
2022,"Males","All ages","Government Office Region","E12000007","London","All quintiles","All stages","Brain","Malignant brain","316","Age-standardised","9.1","8","10.2",NA
2013,"Females","All ages","Government Office Region","E12000007","London","All quintiles","All stages","Brain","Non-benign endocrine","15","Non-standardised","0.3","0.2","0.6",NA
2013,"Females","All ages","Government Office Region","E12000007","London","All quintiles","All stages","Brain","Non-benign endocrine","15","Age-standardised","0.4","0.2","0.6","[note1]"
2013,"Males","All ages","Government Office Region","E12000007","London","All quintiles","All stages","Brain","Non-benign endocrine","19","Non-standardised","0.5","0.3","0.7",NA
2013,"Males","All ages","Government Office Region","E12000007","London","All quintiles","All stages","Brain","Non-benign endocrine","19","Age-standardised","0.5","0.3","0.8","[note1]"
2014,"Females","All ages","Government Office Region","E12000007","London","All quintiles","All stages","Brain","Non-benign endocrine","20","Non-standardised","0.5","0.3","0.7",NA
2014,"Females","All ages","Government Office Region","E12000007","London","All quintiles","All stages","Brain","Non-benign endocrine","20","Age-standardised","0.5","0.3","0.8",NA
2014,"Males","All ages","Government Office Region","E12000007","London","All quintiles","All stages","Brain","Non-benign endocrine","23","Non-standardised","0.5","0.3","0.8",NA
2014,"Males","All ages","Government Office Region","E12000007","London","All quintiles","All stages","Brain","Non-benign endocrine","23","Age-standardised","0.6","0.4","1",NA
2015,"Females","All ages","Government Office Region","E12000007","London","All quintiles","All stages","Brain","Non-benign endocrine","17","Non-standardised","0.4","0.2","0.6",NA
2015,"Females","All ages","Government Office Region","E12000007","London","All quintiles","All stages","Brain","Non-benign endocrine","17","Age-standardised","0.4","0.2","0.7","[note1]"
2015,"Males","All ages","Government Office Region","E12000007","London","All quintiles","All stages","Brain","Non-benign endocrine","25","Non-standardised","0.6","0.4","0.9",NA
2015,"Males","All ages","Government Office Region","E12000007","London","All quintiles","All stages","Brain","Non-benign endocrine","25","Age-standardised","0.7","0.4","1",NA
2016,"Females","All ages","Government Office Region","E12000007","London","All quintiles","All stages","Brain","Non-benign endocrine","19","Non-standardised","0.4","0.3","0.7",NA
2016,"Females","All ages","Government Office Region","E12000007","London","All quintiles","All stages","Brain","Non-benign endocrine","19","Age-standardised","0.5","0.3","0.8","[note1]"
2016,"Males","All ages","Government Office Region","E12000007","London","All quintiles","All stages","Brain","Non-benign endocrine","22","Non-standardised","0.5","0.3","0.8",NA
2016,"Males","All ages","Government Office Region","E12000007","London","All quintiles","All stages","Brain","Non-benign endocrine","22","Age-standardised","0.6","0.4","0.9",NA
2017,"Females","All ages","Government Office Region","E12000007","London","All quintiles","All stages","Brain","Non-benign endocrine","30","Non-standardised","0.7","0.5","1",NA
2017,"Females","All ages","Government Office Region","E12000007","London","All quintiles","All stages","Brain","Non-benign endocrine","30","Age-standardised","0.7","0.5","1.1",NA
2017,"Males","All ages","Government Office Region","E12000007","London","All quintiles","All stages","Brain","Non-benign endocrine","16","Non-standardised","0.4","0.2","0.6",NA
2017,"Males","All ages","Government Office Region","E12000007","London","All quintiles","All stages","Brain","Non-benign endocrine","16","Age-standardised","0.4","0.2","0.7","[note1]"
2018,"Females","All ages","Government Office Region","E12000007","London","All quintiles","All stages","Brain","Non-benign endocrine","30","Non-standardised","0.7","0.4","0.9",NA
2018,"Females","All ages","Government Office Region","E12000007","London","All quintiles","All stages","Brain","Non-benign endocrine","30","Age-standardised","0.7","0.5","1.1",NA
2018,"Males","All ages","Government Office Region","E12000007","London","All quintiles","All stages","Brain","Non-benign endocrine","18","Non-standardised","0.4","0.2","0.7",NA
2018,"Males","All ages","Government Office Region","E12000007","London","All quintiles","All stages","Brain","Non-benign endocrine","18","Age-standardised","0.5","0.3","0.8","[note1]"
2019,"Females","All ages","Government Office Region","E12000007","London","All quintiles","All stages","Brain","Non-benign endocrine","7","Non-standardised","0.2","0.1","0.3",NA
2019,"Females","All ages","Government Office Region","E12000007","London","All quintiles","All stages","Brain","Non-benign endocrine","7","Age-standardised","[u]","[u]","[u]","[note2]"
2019,"Males","All ages","Government Office Region","E12000007","London","All quintiles","All stages","Brain","Non-benign endocrine","14","Non-standardised","0.3","0.2","0.5",NA
2019,"Males","All ages","Government Office Region","E12000007","London","All quintiles","All stages","Brain","Non-benign endocrine","14","Age-standardised","0.3","0.2","0.6","[note1]"
2020,"Females","All ages","Government Office Region","E12000007","London","All quintiles","All stages","Brain","Non-benign endocrine","8","Non-standardised","0.2","0.1","0.3",NA
2020,"Females","All ages","Government Office Region","E12000007","London","All quintiles","All stages","Brain","Non-benign endocrine","8","Age-standardised","[u]","[u]","[u]","[note2]"
2020,"Males","All ages","Government Office Region","E12000007","London","All quintiles","All stages","Brain","Non-benign endocrine","14","Non-standardised","0.3","0.2","0.5",NA
2020,"Males","All ages","Government Office Region","E12000007","London","All quintiles","All stages","Brain","Non-benign endocrine","14","Age-standardised","0.4","0.2","0.7","[note1]"
2021,"Females","All ages","Government Office Region","E12000007","London","All quintiles","All stages","Brain","Non-benign endocrine","9","Non-standardised","0.2","0.1","0.4",NA
2021,"Females","All ages","Government Office Region","E12000007","London","All quintiles","All stages","Brain","Non-benign endocrine","9","Age-standardised","[u]","[u]","[u]","[note2]"
2021,"Males","All ages","Government Office Region","E12000007","London","All quintiles","All stages","Brain","Non-benign endocrine","15","Non-standardised","0.4","0.2","0.6",NA
2021,"Males","All ages","Government Office Region","E12000007","London","All quintiles","All stages","Brain","Non-benign endocrine","15","Age-standardised","0.4","0.2","0.6","[note1]"
2022,"Females","All ages","Government Office Region","E12000007","London","All quintiles","All stages","Brain","Non-benign endocrine","11","Non-standardised","0.2","0.1","0.4",NA
2022,"Females","All ages","Government Office Region","E12000007","London","All quintiles","All stages","Brain","Non-benign endocrine","11","Age-standardised","0.2","0.1","0.4","[note1]"
2022,"Males","All ages","Government Office Region","E12000007","London","All quintiles","All stages","Brain","Non-benign endocrine","13","Non-standardised","0.3","0.2","0.5",NA
2022,"Males","All ages","Government Office Region","E12000007","London","All quintiles","All stages","Brain","Non-benign endocrine","13","Age-standardised","0.3","0.2","0.6","[note1]"
2013,"Females","All ages","Government Office Region","E12000007","London","All quintiles","All stages","Brain","Non-malignant brain","318","Non-standardised","7.4","6.6","8.3",NA
2013,"Females","All ages","Government Office Region","E12000007","London","All quintiles","All stages","Brain","Non-malignant brain","318","Age-standardised","9.1","8.1","10.2",NA
2013,"Males","All ages","Government Office Region","E12000007","London","All quintiles","All stages","Brain","Non-malignant brain","148","Non-standardised","3.6","3","4.2",NA
2013,"Males","All ages","Government Office Region","E12000007","London","All quintiles","All stages","Brain","Non-malignant brain","148","Age-standardised","4.9","4","5.8",NA
2014,"Females","All ages","Government Office Region","E12000007","London","All quintiles","All stages","Brain","Non-malignant brain","362","Non-standardised","8.3","7.5","9.2",NA
2014,"Females","All ages","Government Office Region","E12000007","London","All quintiles","All stages","Brain","Non-malignant brain","362","Age-standardised","10.6","9.5","11.8",NA
2014,"Males","All ages","Government Office Region","E12000007","London","All quintiles","All stages","Brain","Non-malignant brain","221","Non-standardised","5.3","4.6","6",NA
2014,"Males","All ages","Government Office Region","E12000007","London","All quintiles","All stages","Brain","Non-malignant brain","221","Age-standardised","7.3","6.3","8.4",NA
2015,"Females","All ages","Government Office Region","E12000007","London","All quintiles","All stages","Brain","Non-malignant brain","348","Non-standardised","7.9","7.1","8.8",NA
2015,"Females","All ages","Government Office Region","E12000007","London","All quintiles","All stages","Brain","Non-malignant brain","348","Age-standardised","9.9","8.8","11",NA
2015,"Males","All ages","Government Office Region","E12000007","London","All quintiles","All stages","Brain","Non-malignant brain","179","Non-standardised","4.2","3.6","4.9",NA
2015,"Males","All ages","Government Office Region","E12000007","London","All quintiles","All stages","Brain","Non-malignant brain","179","Age-standardised","6","5.1","7",NA
2016,"Females","All ages","Government Office Region","E12000007","London","All quintiles","All stages","Brain","Non-malignant brain","284","Non-standardised","6.4","5.6","7.1",NA
2016,"Females","All ages","Government Office Region","E12000007","London","All quintiles","All stages","Brain","Non-malignant brain","284","Age-standardised","7.7","6.8","8.7",NA
2016,"Males","All ages","Government Office Region","E12000007","London","All quintiles","All stages","Brain","Non-malignant brain","181","Non-standardised","4.2","3.6","4.9",NA
2016,"Males","All ages","Government Office Region","E12000007","London","All quintiles","All stages","Brain","Non-malignant brain","181","Age-standardised","5.9","5","6.9",NA
2017,"Females","All ages","Government Office Region","E12000007","London","All quintiles","All stages","Brain","Non-malignant brain","348","Non-standardised","7.7","7","8.6",NA
2017,"Females","All ages","Government Office Region","E12000007","London","All quintiles","All stages","Brain","Non-malignant brain","348","Age-standardised","9.6","8.6","10.7",NA
2017,"Males","All ages","Government Office Region","E12000007","London","All quintiles","All stages","Brain","Non-malignant brain","189","Non-standardised","4.4","3.8","5.1",NA
2017,"Males","All ages","Government Office Region","E12000007","London","All quintiles","All stages","Brain","Non-malignant brain","189","Age-standardised","5.8","5","6.8",NA
2018,"Females","All ages","Government Office Region","E12000007","London","All quintiles","All stages","Brain","Non-malignant brain","339","Non-standardised","7.5","6.7","8.3",NA
2018,"Females","All ages","Government Office Region","E12000007","London","All quintiles","All stages","Brain","Non-malignant brain","339","Age-standardised","9.1","8.1","10.1",NA
2018,"Males","All ages","Government Office Region","E12000007","London","All quintiles","All stages","Brain","Non-malignant brain","218","Non-standardised","5.1","4.4","5.8",NA
2018,"Males","All ages","Government Office Region","E12000007","London","All quintiles","All stages","Brain","Non-malignant brain","218","Age-standardised","6.8","5.9","7.8",NA
2019,"Females","All ages","Government Office Region","E12000007","London","All quintiles","All stages","Brain","Non-malignant brain","288","Non-standardised","6.3","5.6","7.1",NA
2019,"Females","All ages","Government Office Region","E12000007","London","All quintiles","All stages","Brain","Non-malignant brain","288","Age-standardised","7.5","6.6","8.4",NA
2019,"Males","All ages","Government Office Region","E12000007","London","All quintiles","All stages","Brain","Non-malignant brain","163","Non-standardised","3.8","3.2","4.4",NA
2019,"Males","All ages","Government Office Region","E12000007","London","All quintiles","All stages","Brain","Non-malignant brain","163","Age-standardised","5","4.2","5.9",NA
2020,"Females","All ages","Government Office Region","E12000007","London","All quintiles","All stages","Brain","Non-malignant brain","288","Non-standardised","6.3","5.6","7.1",NA
2020,"Females","All ages","Government Office Region","E12000007","London","All quintiles","All stages","Brain","Non-malignant brain","288","Age-standardised","7.7","6.8","8.6",NA
2020,"Males","All ages","Government Office Region","E12000007","London","All quintiles","All stages","Brain","Non-malignant brain","161","Non-standardised","3.7","3.2","4.4",NA
2020,"Males","All ages","Government Office Region","E12000007","London","All quintiles","All stages","Brain","Non-malignant brain","161","Age-standardised","5","4.2","5.8",NA
2021,"Females","All ages","Government Office Region","E12000007","London","All quintiles","All stages","Brain","Non-malignant brain","217","Non-standardised","4.8","4.2","5.5",NA
2021,"Females","All ages","Government Office Region","E12000007","London","All quintiles","All stages","Brain","Non-malignant brain","217","Age-standardised","5.5","4.8","6.3",NA
2021,"Males","All ages","Government Office Region","E12000007","London","All quintiles","All stages","Brain","Non-malignant brain","142","Non-standardised","3.3","2.8","3.9",NA
2021,"Males","All ages","Government Office Region","E12000007","London","All quintiles","All stages","Brain","Non-malignant brain","142","Age-standardised","4.2","3.5","5",NA
2022,"Females","All ages","Government Office Region","E12000007","London","All quintiles","All stages","Brain","Non-malignant brain","257","Non-standardised","5.6","5","6.4",NA
2022,"Females","All ages","Government Office Region","E12000007","London","All quintiles","All stages","Brain","Non-malignant brain","257","Age-standardised","6.8","5.9","7.7",NA
2022,"Males","All ages","Government Office Region","E12000007","London","All quintiles","All stages","Brain","Non-malignant brain","165","Non-standardised","3.8","3.3","4.5",NA
2022,"Males","All ages","Government Office Region","E12000007","London","All quintiles","All stages","Brain","Non-malignant brain","165","Age-standardised","4.8","4","5.6",NA
2013,"Females","All ages","Government Office Region","E12000007","London","All quintiles","All stages","Brain","All Brain","641","Non-standardised","14.9","13.8","16.1",NA
2013,"Females","All ages","Government Office Region","E12000007","London","All quintiles","All stages","Brain","All Brain","641","Age-standardised","18.3","16.9","19.8",NA
2013,"Males","All ages","Government Office Region","E12000007","London","All quintiles","All stages","Brain","All Brain","568","Non-standardised","13.7","12.6","14.9",NA
2013,"Males","All ages","Government Office Region","E12000007","London","All quintiles","All stages","Brain","All Brain","568","Age-standardised","18.3","16.7","19.9",NA
2014,"Females","All ages","Government Office Region","E12000007","London","All quintiles","All stages","Brain","All Brain","726","Non-standardised","16.7","15.5","17.9",NA
2014,"Females","All ages","Government Office Region","E12000007","London","All quintiles","All stages","Brain","All Brain","726","Age-standardised","20.4","18.9","22",NA
2014,"Males","All ages","Government Office Region","E12000007","London","All quintiles","All stages","Brain","All Brain","624","Non-standardised","14.9","13.7","16.1",NA
2014,"Males","All ages","Government Office Region","E12000007","London","All quintiles","All stages","Brain","All Brain","624","Age-standardised","19.6","18","21.4",NA
2015,"Females","All ages","Government Office Region","E12000007","London","All quintiles","All stages","Brain","All Brain","706","Non-standardised","16","14.8","17.2",NA
2015,"Females","All ages","Government Office Region","E12000007","London","All quintiles","All stages","Brain","All Brain","706","Age-standardised","19.3","17.9","20.9",NA
2015,"Males","All ages","Government Office Region","E12000007","London","All quintiles","All stages","Brain","All Brain","558","Non-standardised","13.1","12.1","14.3",NA
2015,"Males","All ages","Government Office Region","E12000007","London","All quintiles","All stages","Brain","All Brain","558","Age-standardised","17.7","16.1","19.3",NA
2016,"Females","All ages","Government Office Region","E12000007","London","All quintiles","All stages","Brain","All Brain","643","Non-standardised","14.4","13.3","15.5",NA
2016,"Females","All ages","Government Office Region","E12000007","London","All quintiles","All stages","Brain","All Brain","643","Age-standardised","17","15.7","18.5",NA
2016,"Males","All ages","Government Office Region","E12000007","London","All quintiles","All stages","Brain","All Brain","560","Non-standardised","13.1","12","14.2",NA
2016,"Males","All ages","Government Office Region","E12000007","London","All quintiles","All stages","Brain","All Brain","560","Age-standardised","17.8","16.3","19.4",NA
2017,"Females","All ages","Government Office Region","E12000007","London","All quintiles","All stages","Brain","All Brain","681","Non-standardised","15.2","14","16.3",NA
2017,"Females","All ages","Government Office Region","E12000007","London","All quintiles","All stages","Brain","All Brain","681","Age-standardised","18.4","17","19.9",NA
2017,"Males","All ages","Government Office Region","E12000007","London","All quintiles","All stages","Brain","All Brain","592","Non-standardised","13.8","12.7","15",NA
2017,"Males","All ages","Government Office Region","E12000007","London","All quintiles","All stages","Brain","All Brain","592","Age-standardised","17.9","16.4","19.5",NA
2018,"Females","All ages","Government Office Region","E12000007","London","All quintiles","All stages","Brain","All Brain","701","Non-standardised","15.5","14.3","16.7",NA
2018,"Females","All ages","Government Office Region","E12000007","London","All quintiles","All stages","Brain","All Brain","701","Age-standardised","18.3","16.9","19.8",NA
2018,"Males","All ages","Government Office Region","E12000007","London","All quintiles","All stages","Brain","All Brain","619","Non-standardised","14.4","13.3","15.6",NA
2018,"Males","All ages","Government Office Region","E12000007","London","All quintiles","All stages","Brain","All Brain","619","Age-standardised","18.8","17.3","20.5",NA
2019,"Females","All ages","Government Office Region","E12000007","London","All quintiles","All stages","Brain","All Brain","644","Non-standardised","14.1","13","15.2",NA
2019,"Females","All ages","Government Office Region","E12000007","London","All quintiles","All stages","Brain","All Brain","644","Age-standardised","16.7","15.4","18.1",NA
2019,"Males","All ages","Government Office Region","E12000007","London","All quintiles","All stages","Brain","All Brain","520","Non-standardised","12","11","13.1",NA
2019,"Males","All ages","Government Office Region","E12000007","London","All quintiles","All stages","Brain","All Brain","520","Age-standardised","15.7","14.3","17.2",NA
2020,"Females","All ages","Government Office Region","E12000007","London","All quintiles","All stages","Brain","All Brain","574","Non-standardised","12.6","11.6","13.7",NA
2020,"Females","All ages","Government Office Region","E12000007","London","All quintiles","All stages","Brain","All Brain","574","Age-standardised","15.2","13.9","16.5",NA
2020,"Males","All ages","Government Office Region","E12000007","London","All quintiles","All stages","Brain","All Brain","527","Non-standardised","12.2","11.2","13.3",NA
2020,"Males","All ages","Government Office Region","E12000007","London","All quintiles","All stages","Brain","All Brain","527","Age-standardised","16","14.6","17.5",NA
2021,"Females","All ages","Government Office Region","E12000007","London","All quintiles","All stages","Brain","All Brain","473","Non-standardised","10.4","9.5","11.4",NA
2021,"Females","All ages","Government Office Region","E12000007","London","All quintiles","All stages","Brain","All Brain","473","Age-standardised","12.2","11.1","13.4",NA
2021,"Males","All ages","Government Office Region","E12000007","London","All quintiles","All stages","Brain","All Brain","518","Non-standardised","12.1","11.1","13.2",NA
2021,"Males","All ages","Government Office Region","E12000007","London","All quintiles","All stages","Brain","All Brain","518","Age-standardised","15.7","14.3","17.2",NA
2022,"Females","All ages","Government Office Region","E12000007","London","All quintiles","All stages","Brain","All Brain","514","Non-standardised","11.3","10.3","12.3",NA
2022,"Females","All ages","Government Office Region","E12000007","London","All quintiles","All stages","Brain","All Brain","514","Age-standardised","13.4","12.2","14.6",NA
2022,"Males","All ages","Government Office Region","E12000007","London","All quintiles","All stages","Brain","All Brain","542","Non-standardised","12.6","11.6","13.7",NA
2022,"Males","All ages","Government Office Region","E12000007","London","All quintiles","All stages","Brain","All Brain","542","Age-standardised","15.5","14.2","16.9",NA
2013,"Females","All ages","Government Office Region","E12000001","North East","All quintiles","All stages","Brain","Benign endocrine","20","Non-standardised","1.5","0.9","2.3",NA
2013,"Females","All ages","Government Office Region","E12000001","North East","All quintiles","All stages","Brain","Benign endocrine","20","Age-standardised","1.5","0.9","2.4",NA
2013,"Males","All ages","Government Office Region","E12000001","North East","All quintiles","All stages","Brain","Benign endocrine","27","Non-standardised","2.1","1.4","3.1",NA
2013,"Males","All ages","Government Office Region","E12000001","North East","All quintiles","All stages","Brain","Benign endocrine","27","Age-standardised","2.3","1.5","3.3",NA
2014,"Females","All ages","Government Office Region","E12000001","North East","All quintiles","All stages","Brain","Benign endocrine","25","Non-standardised","1.9","1.2","2.8",NA
2014,"Females","All ages","Government Office Region","E12000001","North East","All quintiles","All stages","Brain","Benign endocrine","25","Age-standardised","1.9","1.2","2.8",NA
2014,"Males","All ages","Government Office Region","E12000001","North East","All quintiles","All stages","Brain","Benign endocrine","51","Non-standardised","4","3","5.2",NA
2014,"Males","All ages","Government Office Region","E12000001","North East","All quintiles","All stages","Brain","Benign endocrine","51","Age-standardised","4.2","3.1","5.6",NA
2015,"Females","All ages","Government Office Region","E12000001","North East","All quintiles","All stages","Brain","Benign endocrine","25","Non-standardised","1.9","1.2","2.8",NA
2015,"Females","All ages","Government Office Region","E12000001","North East","All quintiles","All stages","Brain","Benign endocrine","25","Age-standardised","1.9","1.2","2.8",NA
2015,"Males","All ages","Government Office Region","E12000001","North East","All quintiles","All stages","Brain","Benign endocrine","31","Non-standardised","2.4","1.6","3.4",NA
2015,"Males","All ages","Government Office Region","E12000001","North East","All quintiles","All stages","Brain","Benign endocrine","31","Age-standardised","2.5","1.7","3.6",NA
2016,"Females","All ages","Government Office Region","E12000001","North East","All quintiles","All stages","Brain","Benign endocrine","39","Non-standardised","2.9","2.1","4",NA
2016,"Females","All ages","Government Office Region","E12000001","North East","All quintiles","All stages","Brain","Benign endocrine","39","Age-standardised","2.8","2","3.8",NA
2016,"Males","All ages","Government Office Region","E12000001","North East","All quintiles","All stages","Brain","Benign endocrine","31","Non-standardised","2.4","1.6","3.4",NA
2016,"Males","All ages","Government Office Region","E12000001","North East","All quintiles","All stages","Brain","Benign endocrine","31","Age-standardised","2.6","1.8","3.7",NA
2017,"Females","All ages","Government Office Region","E12000001","North East","All quintiles","All stages","Brain","Benign endocrine","19","Non-standardised","1.4","0.9","2.2",NA
2017,"Females","All ages","Government Office Region","E12000001","North East","All quintiles","All stages","Brain","Benign endocrine","19","Age-standardised","1.4","0.8","2.2","[note1]"
2017,"Males","All ages","Government Office Region","E12000001","North East","All quintiles","All stages","Brain","Benign endocrine","34","Non-standardised","2.6","1.8","3.7",NA
2017,"Males","All ages","Government Office Region","E12000001","North East","All quintiles","All stages","Brain","Benign endocrine","34","Age-standardised","2.7","1.9","3.8",NA
2018,"Females","All ages","Government Office Region","E12000001","North East","All quintiles","All stages","Brain","Benign endocrine","15","Non-standardised","1.1","0.6","1.8",NA
2018,"Females","All ages","Government Office Region","E12000001","North East","All quintiles","All stages","Brain","Benign endocrine","15","Age-standardised","1.1","0.6","1.8","[note1]"
2018,"Males","All ages","Government Office Region","E12000001","North East","All quintiles","All stages","Brain","Benign endocrine","22","Non-standardised","1.7","1.1","2.6",NA
2018,"Males","All ages","Government Office Region","E12000001","North East","All quintiles","All stages","Brain","Benign endocrine","22","Age-standardised","1.8","1.1","2.7",NA
2019,"Females","All ages","Government Office Region","E12000001","North East","All quintiles","All stages","Brain","Benign endocrine","16","Non-standardised","1.2","0.7","1.9",NA
2019,"Females","All ages","Government Office Region","E12000001","North East","All quintiles","All stages","Brain","Benign endocrine","16","Age-standardised","1.2","0.7","1.9","[note1]"
2019,"Males","All ages","Government Office Region","E12000001","North East","All quintiles","All stages","Brain","Benign endocrine","11","Non-standardised","0.9","0.4","1.5",NA
2019,"Males","All ages","Government Office Region","E12000001","North East","All quintiles","All stages","Brain","Benign endocrine","11","Age-standardised","0.8","0.4","1.5","[note1]"
2020,"Females","All ages","Government Office Region","E12000001","North East","All quintiles","All stages","Brain","Benign endocrine","6","Non-standardised","0.4","0.2","1",NA
2020,"Females","All ages","Government Office Region","E12000001","North East","All quintiles","All stages","Brain","Benign endocrine","6","Age-standardised","[u]","[u]","[u]","[note2]"
2020,"Males","All ages","Government Office Region","E12000001","North East","All quintiles","All stages","Brain","Benign endocrine","8","Non-standardised","0.6","0.3","1.2",NA
2020,"Males","All ages","Government Office Region","E12000001","North East","All quintiles","All stages","Brain","Benign endocrine","8","Age-standardised","[u]","[u]","[u]","[note2]"
2021,"Females","All ages","Government Office Region","E12000001","North East","All quintiles","All stages","Brain","Benign endocrine","7","Non-standardised","0.5","0.2","1.1",NA
2021,"Females","All ages","Government Office Region","E12000001","North East","All quintiles","All stages","Brain","Benign endocrine","7","Age-standardised","[u]","[u]","[u]","[note2]"
2021,"Males","All ages","Government Office Region","E12000001","North East","All quintiles","All stages","Brain","Benign endocrine","12","Non-standardised","0.9","0.5","1.6",NA
2021,"Males","All ages","Government Office Region","E12000001","North East","All quintiles","All stages","Brain","Benign endocrine","12","Age-standardised","0.9","0.5","1.6","[note1]"
2022,"Females","All ages","Government Office Region","E12000001","North East","All quintiles","All stages","Brain","Benign endocrine","5","Non-standardised","0.4","0.1","0.9",NA
2022,"Females","All ages","Government Office Region","E12000001","North East","All quintiles","All stages","Brain","Benign endocrine","5","Age-standardised","[u]","[u]","[u]","[note2]"
2022,"Males","All ages","Government Office Region","E12000001","North East","All quintiles","All stages","Brain","Benign endocrine","4","Non-standardised","0.3","0.1","0.8",NA
2022,"Males","All ages","Government Office Region","E12000001","North East","All quintiles","All stages","Brain","Benign endocrine","4","Age-standardised","[u]","[u]","[u]","[note2]"
2013,"Females","All ages","Government Office Region","E12000001","North East","All quintiles","All stages","Brain","Malignant brain","115","Non-standardised","8.7","7.1","10.4",NA
2013,"Females","All ages","Government Office Region","E12000001","North East","All quintiles","All stages","Brain","Malignant brain","115","Age-standardised","8.6","7.1","10.3",NA
2013,"Males","All ages","Government Office Region","E12000001","North East","All quintiles","All stages","Brain","Malignant brain","150","Non-standardised","11.8","10","13.8",NA
2013,"Males","All ages","Government Office Region","E12000001","North East","All quintiles","All stages","Brain","Malignant brain","150","Age-standardised","12.8","10.8","15",NA
2014,"Females","All ages","Government Office Region","E12000001","North East","All quintiles","All stages","Brain","Malignant brain","129","Non-standardised","9.7","8.1","11.5",NA
2014,"Females","All ages","Government Office Region","E12000001","North East","All quintiles","All stages","Brain","Malignant brain","129","Age-standardised","9.5","8","11.3",NA
2014,"Males","All ages","Government Office Region","E12000001","North East","All quintiles","All stages","Brain","Malignant brain","138","Non-standardised","10.8","9.1","12.8",NA
2014,"Males","All ages","Government Office Region","E12000001","North East","All quintiles","All stages","Brain","Malignant brain","138","Age-standardised","11.7","9.8","13.8",NA
2015,"Females","All ages","Government Office Region","E12000001","North East","All quintiles","All stages","Brain","Malignant brain","122","Non-standardised","9.2","7.6","10.9",NA
2015,"Females","All ages","Government Office Region","E12000001","North East","All quintiles","All stages","Brain","Malignant brain","122","Age-standardised","9.1","7.5","10.8",NA
2015,"Males","All ages","Government Office Region","E12000001","North East","All quintiles","All stages","Brain","Malignant brain","149","Non-standardised","11.7","9.9","13.7",NA
2015,"Males","All ages","Government Office Region","E12000001","North East","All quintiles","All stages","Brain","Malignant brain","149","Age-standardised","12.3","10.4","14.4",NA
2016,"Females","All ages","Government Office Region","E12000001","North East","All quintiles","All stages","Brain","Malignant brain","124","Non-standardised","9.3","7.7","11.1",NA
2016,"Females","All ages","Government Office Region","E12000001","North East","All quintiles","All stages","Brain","Malignant brain","124","Age-standardised","9","7.5","10.8",NA
2016,"Males","All ages","Government Office Region","E12000001","North East","All quintiles","All stages","Brain","Malignant brain","146","Non-standardised","11.4","9.6","13.4",NA
2016,"Males","All ages","Government Office Region","E12000001","North East","All quintiles","All stages","Brain","Malignant brain","146","Age-standardised","12.1","10.2","14.2",NA
2017,"Females","All ages","Government Office Region","E12000001","North East","All quintiles","All stages","Brain","Malignant brain","101","Non-standardised","7.5","6.1","9.2",NA
2017,"Females","All ages","Government Office Region","E12000001","North East","All quintiles","All stages","Brain","Malignant brain","101","Age-standardised","7.3","5.9","8.9",NA
2017,"Males","All ages","Government Office Region","E12000001","North East","All quintiles","All stages","Brain","Malignant brain","147","Non-standardised","11.5","9.7","13.5",NA
2017,"Males","All ages","Government Office Region","E12000001","North East","All quintiles","All stages","Brain","Malignant brain","147","Age-standardised","11.8","10","13.9",NA
2018,"Females","All ages","Government Office Region","E12000001","North East","All quintiles","All stages","Brain","Malignant brain","94","Non-standardised","7","5.7","8.6",NA
2018,"Females","All ages","Government Office Region","E12000001","North East","All quintiles","All stages","Brain","Malignant brain","94","Age-standardised","6.8","5.5","8.3",NA
2018,"Males","All ages","Government Office Region","E12000001","North East","All quintiles","All stages","Brain","Malignant brain","127","Non-standardised","9.9","8.2","11.7",NA
2018,"Males","All ages","Government Office Region","E12000001","North East","All quintiles","All stages","Brain","Malignant brain","127","Age-standardised","10.1","8.4","12.1",NA
2019,"Females","All ages","Government Office Region","E12000001","North East","All quintiles","All stages","Brain","Malignant brain","104","Non-standardised","7.7","6.3","9.4",NA
2019,"Females","All ages","Government Office Region","E12000001","North East","All quintiles","All stages","Brain","Malignant brain","104","Age-standardised","7.4","6","9",NA
2019,"Males","All ages","Government Office Region","E12000001","North East","All quintiles","All stages","Brain","Malignant brain","153","Non-standardised","11.9","10.1","13.9",NA
2019,"Males","All ages","Government Office Region","E12000001","North East","All quintiles","All stages","Brain","Malignant brain","153","Age-standardised","12","10.1","14",NA
2020,"Females","All ages","Government Office Region","E12000001","North East","All quintiles","All stages","Brain","Malignant brain","108","Non-standardised","8","6.6","9.7",NA
2020,"Females","All ages","Government Office Region","E12000001","North East","All quintiles","All stages","Brain","Malignant brain","108","Age-standardised","7.6","6.3","9.2",NA
2020,"Males","All ages","Government Office Region","E12000001","North East","All quintiles","All stages","Brain","Malignant brain","137","Non-standardised","10.6","8.9","12.6",NA
2020,"Males","All ages","Government Office Region","E12000001","North East","All quintiles","All stages","Brain","Malignant brain","137","Age-standardised","10.5","8.8","12.5",NA
2021,"Females","All ages","Government Office Region","E12000001","North East","All quintiles","All stages","Brain","Malignant brain","97","Non-standardised","7.2","5.8","8.7",NA
2021,"Females","All ages","Government Office Region","E12000001","North East","All quintiles","All stages","Brain","Malignant brain","97","Age-standardised","6.7","5.5","8.2",NA
2021,"Males","All ages","Government Office Region","E12000001","North East","All quintiles","All stages","Brain","Malignant brain","137","Non-standardised","10.6","8.9","12.5",NA
2021,"Males","All ages","Government Office Region","E12000001","North East","All quintiles","All stages","Brain","Malignant brain","137","Age-standardised","10.6","8.9","12.5",NA
2022,"Females","All ages","Government Office Region","E12000001","North East","All quintiles","All stages","Brain","Malignant brain","105","Non-standardised","7.7","6.3","9.3",NA
2022,"Females","All ages","Government Office Region","E12000001","North East","All quintiles","All stages","Brain","Malignant brain","105","Age-standardised","7.2","5.9","8.8",NA
2022,"Males","All ages","Government Office Region","E12000001","North East","All quintiles","All stages","Brain","Malignant brain","148","Non-standardised","11.3","9.5","13.2",NA
2022,"Males","All ages","Government Office Region","E12000001","North East","All quintiles","All stages","Brain","Malignant brain","148","Age-standardised","11.2","9.4","13.1",NA
2013,"Females","All ages","Government Office Region","E12000001","North East","All quintiles","All stages","Brain","Non-benign endocrine","2","Non-standardised","[u]","[u]","[u]","[note2]"
2013,"Females","All ages","Government Office Region","E12000001","North East","All quintiles","All stages","Brain","Non-benign endocrine","2","Age-standardised","[u]","[u]","[u]","[note2]"
2013,"Males","All ages","Government Office Region","E12000001","North East","All quintiles","All stages","Brain","Non-benign endocrine","3","Non-standardised","0.2","0","0.7",NA
2013,"Males","All ages","Government Office Region","E12000001","North East","All quintiles","All stages","Brain","Non-benign endocrine","3","Age-standardised","[u]","[u]","[u]","[note2]"
2014,"Females","All ages","Government Office Region","E12000001","North East","All quintiles","All stages","Brain","Non-benign endocrine","0","Non-standardised","[u]","[u]","[u]","[note2]"
2014,"Females","All ages","Government Office Region","E12000001","North East","All quintiles","All stages","Brain","Non-benign endocrine","0","Age-standardised","[u]","[u]","[u]","[note2]"
2014,"Males","All ages","Government Office Region","E12000001","North East","All quintiles","All stages","Brain","Non-benign endocrine","5","Non-standardised","0.4","0.1","0.9",NA
2014,"Males","All ages","Government Office Region","E12000001","North East","All quintiles","All stages","Brain","Non-benign endocrine","5","Age-standardised","[u]","[u]","[u]","[note2]"
2015,"Females","All ages","Government Office Region","E12000001","North East","All quintiles","All stages","Brain","Non-benign endocrine","2","Non-standardised","[u]","[u]","[u]","[note2]"
2015,"Females","All ages","Government Office Region","E12000001","North East","All quintiles","All stages","Brain","Non-benign endocrine","2","Age-standardised","[u]","[u]","[u]","[note2]"
2015,"Males","All ages","Government Office Region","E12000001","North East","All quintiles","All stages","Brain","Non-benign endocrine","4","Non-standardised","0.3","0.1","0.8",NA
2015,"Males","All ages","Government Office Region","E12000001","North East","All quintiles","All stages","Brain","Non-benign endocrine","4","Age-standardised","[u]","[u]","[u]","[note2]"
2016,"Females","All ages","Government Office Region","E12000001","North East","All quintiles","All stages","Brain","Non-benign endocrine","4","Non-standardised","0.3","0.1","0.8",NA
2016,"Females","All ages","Government Office Region","E12000001","North East","All quintiles","All stages","Brain","Non-benign endocrine","4","Age-standardised","[u]","[u]","[u]","[note2]"
2016,"Males","All ages","Government Office Region","E12000001","North East","All quintiles","All stages","Brain","Non-benign endocrine","3","Non-standardised","0.2","0","0.7",NA
2016,"Males","All ages","Government Office Region","E12000001","North East","All quintiles","All stages","Brain","Non-benign endocrine","3","Age-standardised","[u]","[u]","[u]","[note2]"
2017,"Females","All ages","Government Office Region","E12000001","North East","All quintiles","All stages","Brain","Non-benign endocrine","2","Non-standardised","[u]","[u]","[u]","[note2]"
2017,"Females","All ages","Government Office Region","E12000001","North East","All quintiles","All stages","Brain","Non-benign endocrine","2","Age-standardised","[u]","[u]","[u]","[note2]"
2017,"Males","All ages","Government Office Region","E12000001","North East","All quintiles","All stages","Brain","Non-benign endocrine","2","Non-standardised","[u]","[u]","[u]","[note2]"
2017,"Males","All ages","Government Office Region","E12000001","North East","All quintiles","All stages","Brain","Non-benign endocrine","2","Age-standardised","[u]","[u]","[u]","[note2]"
2018,"Females","All ages","Government Office Region","E12000001","North East","All quintiles","All stages","Brain","Non-benign endocrine","3","Non-standardised","0.2","0","0.7",NA
2018,"Females","All ages","Government Office Region","E12000001","North East","All quintiles","All stages","Brain","Non-benign endocrine","3","Age-standardised","[u]","[u]","[u]","[note2]"
2018,"Males","All ages","Government Office Region","E12000001","North East","All quintiles","All stages","Brain","Non-benign endocrine","5","Non-standardised","0.4","0.1","0.9",NA
2018,"Males","All ages","Government Office Region","E12000001","North East","All quintiles","All stages","Brain","Non-benign endocrine","5","Age-standardised","[u]","[u]","[u]","[note2]"
2019,"Females","All ages","Government Office Region","E12000001","North East","All quintiles","All stages","Brain","Non-benign endocrine","3","Non-standardised","0.2","0","0.7",NA
2019,"Females","All ages","Government Office Region","E12000001","North East","All quintiles","All stages","Brain","Non-benign endocrine","3","Age-standardised","[u]","[u]","[u]","[note2]"
2019,"Males","All ages","Government Office Region","E12000001","North East","All quintiles","All stages","Brain","Non-benign endocrine","3","Non-standardised","0.2","0","0.7",NA
2019,"Males","All ages","Government Office Region","E12000001","North East","All quintiles","All stages","Brain","Non-benign endocrine","3","Age-standardised","[u]","[u]","[u]","[note2]"
2020,"Females","All ages","Government Office Region","E12000001","North East","All quintiles","All stages","Brain","Non-benign endocrine","4","Non-standardised","0.3","0.1","0.8",NA
2020,"Females","All ages","Government Office Region","E12000001","North East","All quintiles","All stages","Brain","Non-benign endocrine","4","Age-standardised","[u]","[u]","[u]","[note2]"
2020,"Males","All ages","Government Office Region","E12000001","North East","All quintiles","All stages","Brain","Non-benign endocrine","4","Non-standardised","0.3","0.1","0.8",NA
2020,"Males","All ages","Government Office Region","E12000001","North East","All quintiles","All stages","Brain","Non-benign endocrine","4","Age-standardised","[u]","[u]","[u]","[note2]"
2021,"Females","All ages","Government Office Region","E12000001","North East","All quintiles","All stages","Brain","Non-benign endocrine","3","Non-standardised","0.2","0","0.6",NA
2021,"Females","All ages","Government Office Region","E12000001","North East","All quintiles","All stages","Brain","Non-benign endocrine","3","Age-standardised","[u]","[u]","[u]","[note2]"
2021,"Males","All ages","Government Office Region","E12000001","North East","All quintiles","All stages","Brain","Non-benign endocrine","4","Non-standardised","0.3","0.1","0.8",NA
2021,"Males","All ages","Government Office Region","E12000001","North East","All quintiles","All stages","Brain","Non-benign endocrine","4","Age-standardised","[u]","[u]","[u]","[note2]"
2022,"Females","All ages","Government Office Region","E12000001","North East","All quintiles","All stages","Brain","Non-benign endocrine","2","Non-standardised","[u]","[u]","[u]","[note2]"
2022,"Females","All ages","Government Office Region","E12000001","North East","All quintiles","All stages","Brain","Non-benign endocrine","2","Age-standardised","[u]","[u]","[u]","[note2]"
2022,"Males","All ages","Government Office Region","E12000001","North East","All quintiles","All stages","Brain","Non-benign endocrine","2","Non-standardised","[u]","[u]","[u]","[note2]"
2022,"Males","All ages","Government Office Region","E12000001","North East","All quintiles","All stages","Brain","Non-benign endocrine","2","Age-standardised","[u]","[u]","[u]","[note2]"
2013,"Females","All ages","Government Office Region","E12000001","North East","All quintiles","All stages","Brain","Non-malignant brain","105","Non-standardised","7.9","6.5","9.6",NA
2013,"Females","All ages","Government Office Region","E12000001","North East","All quintiles","All stages","Brain","Non-malignant brain","105","Age-standardised","7.9","6.4","9.5",NA
2013,"Males","All ages","Government Office Region","E12000001","North East","All quintiles","All stages","Brain","Non-malignant brain","66","Non-standardised","5.2","4","6.6",NA
2013,"Males","All ages","Government Office Region","E12000001","North East","All quintiles","All stages","Brain","Non-malignant brain","66","Age-standardised","5.5","4.2","7",NA
2014,"Females","All ages","Government Office Region","E12000001","North East","All quintiles","All stages","Brain","Non-malignant brain","145","Non-standardised","10.9","9.2","12.8",NA
2014,"Females","All ages","Government Office Region","E12000001","North East","All quintiles","All stages","Brain","Non-malignant brain","145","Age-standardised","10.8","9.1","12.7",NA
2014,"Males","All ages","Government Office Region","E12000001","North East","All quintiles","All stages","Brain","Non-malignant brain","75","Non-standardised","5.9","4.6","7.4",NA
2014,"Males","All ages","Government Office Region","E12000001","North East","All quintiles","All stages","Brain","Non-malignant brain","75","Age-standardised","6.3","4.9","7.9",NA
2015,"Females","All ages","Government Office Region","E12000001","North East","All quintiles","All stages","Brain","Non-malignant brain","153","Non-standardised","11.5","9.7","13.4",NA
2015,"Females","All ages","Government Office Region","E12000001","North East","All quintiles","All stages","Brain","Non-malignant brain","153","Age-standardised","11.4","9.7","13.4",NA
2015,"Males","All ages","Government Office Region","E12000001","North East","All quintiles","All stages","Brain","Non-malignant brain","75","Non-standardised","5.9","4.6","7.4",NA
2015,"Males","All ages","Government Office Region","E12000001","North East","All quintiles","All stages","Brain","Non-malignant brain","75","Age-standardised","6.3","4.9","7.9",NA
2016,"Females","All ages","Government Office Region","E12000001","North East","All quintiles","All stages","Brain","Non-malignant brain","154","Non-standardised","11.5","9.8","13.5",NA
2016,"Females","All ages","Government Office Region","E12000001","North East","All quintiles","All stages","Brain","Non-malignant brain","154","Age-standardised","11.3","9.6","13.3",NA
2016,"Males","All ages","Government Office Region","E12000001","North East","All quintiles","All stages","Brain","Non-malignant brain","73","Non-standardised","5.7","4.5","7.2",NA
2016,"Males","All ages","Government Office Region","E12000001","North East","All quintiles","All stages","Brain","Non-malignant brain","73","Age-standardised","6","4.7","7.5",NA
2017,"Females","All ages","Government Office Region","E12000001","North East","All quintiles","All stages","Brain","Non-malignant brain","149","Non-standardised","11.1","9.4","13.1",NA
2017,"Females","All ages","Government Office Region","E12000001","North East","All quintiles","All stages","Brain","Non-malignant brain","149","Age-standardised","11","9.3","12.9",NA
2017,"Males","All ages","Government Office Region","E12000001","North East","All quintiles","All stages","Brain","Non-malignant brain","90","Non-standardised","7","5.6","8.6",NA
2017,"Males","All ages","Government Office Region","E12000001","North East","All quintiles","All stages","Brain","Non-malignant brain","90","Age-standardised","7.2","5.8","8.9",NA
2018,"Females","All ages","Government Office Region","E12000001","North East","All quintiles","All stages","Brain","Non-malignant brain","122","Non-standardised","9.1","7.5","10.8",NA
2018,"Females","All ages","Government Office Region","E12000001","North East","All quintiles","All stages","Brain","Non-malignant brain","122","Age-standardised","8.7","7.2","10.4",NA
2018,"Males","All ages","Government Office Region","E12000001","North East","All quintiles","All stages","Brain","Non-malignant brain","74","Non-standardised","5.8","4.5","7.2",NA
2018,"Males","All ages","Government Office Region","E12000001","North East","All quintiles","All stages","Brain","Non-malignant brain","74","Age-standardised","5.9","4.6","7.4",NA
2019,"Females","All ages","Government Office Region","E12000001","North East","All quintiles","All stages","Brain","Non-malignant brain","154","Non-standardised","11.4","9.7","13.4",NA
2019,"Females","All ages","Government Office Region","E12000001","North East","All quintiles","All stages","Brain","Non-malignant brain","154","Age-standardised","11","9.3","12.9",NA
2019,"Males","All ages","Government Office Region","E12000001","North East","All quintiles","All stages","Brain","Non-malignant brain","87","Non-standardised","6.7","5.4","8.3",NA
2019,"Males","All ages","Government Office Region","E12000001","North East","All quintiles","All stages","Brain","Non-malignant brain","87","Age-standardised","6.9","5.5","8.5",NA
2020,"Females","All ages","Government Office Region","E12000001","North East","All quintiles","All stages","Brain","Non-malignant brain","152","Non-standardised","11.3","9.6","13.2",NA
2020,"Females","All ages","Government Office Region","E12000001","North East","All quintiles","All stages","Brain","Non-malignant brain","152","Age-standardised","10.8","9.2","12.7",NA
2020,"Males","All ages","Government Office Region","E12000001","North East","All quintiles","All stages","Brain","Non-malignant brain","83","Non-standardised","6.4","5.1","8",NA
2020,"Males","All ages","Government Office Region","E12000001","North East","All quintiles","All stages","Brain","Non-malignant brain","83","Age-standardised","6.5","5.2","8",NA
2021,"Females","All ages","Government Office Region","E12000001","North East","All quintiles","All stages","Brain","Non-malignant brain","128","Non-standardised","9.5","7.9","11.2",NA
2021,"Females","All ages","Government Office Region","E12000001","North East","All quintiles","All stages","Brain","Non-malignant brain","128","Age-standardised","8.9","7.4","10.6",NA
2021,"Males","All ages","Government Office Region","E12000001","North East","All quintiles","All stages","Brain","Non-malignant brain","82","Non-standardised","6.3","5","7.9",NA
2021,"Males","All ages","Government Office Region","E12000001","North East","All quintiles","All stages","Brain","Non-malignant brain","82","Age-standardised","6.5","5.2","8.1",NA
2022,"Females","All ages","Government Office Region","E12000001","North East","All quintiles","All stages","Brain","Non-malignant brain","172","Non-standardised","12.6","10.8","14.6",NA
2022,"Females","All ages","Government Office Region","E12000001","North East","All quintiles","All stages","Brain","Non-malignant brain","172","Age-standardised","12","10.2","13.9",NA
2022,"Males","All ages","Government Office Region","E12000001","North East","All quintiles","All stages","Brain","Non-malignant brain","93","Non-standardised","7.1","5.7","8.7",NA
2022,"Males","All ages","Government Office Region","E12000001","North East","All quintiles","All stages","Brain","Non-malignant brain","93","Age-standardised","7.2","5.8","8.8",NA
2013,"Females","All ages","Government Office Region","E12000001","North East","All quintiles","All stages","Brain","All Brain","242","Non-standardised","18.2","16","20.6",NA
2013,"Females","All ages","Government Office Region","E12000001","North East","All quintiles","All stages","Brain","All Brain","242","Age-standardised","18.1","15.9","20.5",NA
2013,"Males","All ages","Government Office Region","E12000001","North East","All quintiles","All stages","Brain","All Brain","246","Non-standardised","19.3","17","21.9",NA
2013,"Males","All ages","Government Office Region","E12000001","North East","All quintiles","All stages","Brain","All Brain","246","Age-standardised","20.7","18.2","23.5",NA
2014,"Females","All ages","Government Office Region","E12000001","North East","All quintiles","All stages","Brain","All Brain","299","Non-standardised","22.4","20","25.1",NA
2014,"Females","All ages","Government Office Region","E12000001","North East","All quintiles","All stages","Brain","All Brain","299","Age-standardised","22.3","19.8","24.9",NA
2014,"Males","All ages","Government Office Region","E12000001","North East","All quintiles","All stages","Brain","All Brain","269","Non-standardised","21.1","18.6","23.7",NA
2014,"Males","All ages","Government Office Region","E12000001","North East","All quintiles","All stages","Brain","All Brain","269","Age-standardised","22.6","19.9","25.5",NA
2015,"Females","All ages","Government Office Region","E12000001","North East","All quintiles","All stages","Brain","All Brain","302","Non-standardised","22.7","20.2","25.4",NA
2015,"Females","All ages","Government Office Region","E12000001","North East","All quintiles","All stages","Brain","All Brain","302","Age-standardised","22.5","20.1","25.2",NA
2015,"Males","All ages","Government Office Region","E12000001","North East","All quintiles","All stages","Brain","All Brain","259","Non-standardised","20.3","17.9","22.9",NA
2015,"Males","All ages","Government Office Region","E12000001","North East","All quintiles","All stages","Brain","All Brain","259","Age-standardised","21.3","18.8","24.1",NA
2016,"Females","All ages","Government Office Region","E12000001","North East","All quintiles","All stages","Brain","All Brain","321","Non-standardised","24","21.5","26.8",NA
2016,"Females","All ages","Government Office Region","E12000001","North East","All quintiles","All stages","Brain","All Brain","321","Age-standardised","23.5","21","26.2",NA
2016,"Males","All ages","Government Office Region","E12000001","North East","All quintiles","All stages","Brain","All Brain","253","Non-standardised","19.7","17.4","22.3",NA
2016,"Males","All ages","Government Office Region","E12000001","North East","All quintiles","All stages","Brain","All Brain","253","Age-standardised","20.9","18.4","23.6",NA
2017,"Females","All ages","Government Office Region","E12000001","North East","All quintiles","All stages","Brain","All Brain","271","Non-standardised","20.2","17.9","22.8",NA
2017,"Females","All ages","Government Office Region","E12000001","North East","All quintiles","All stages","Brain","All Brain","271","Age-standardised","19.8","17.5","22.3",NA
2017,"Males","All ages","Government Office Region","E12000001","North East","All quintiles","All stages","Brain","All Brain","273","Non-standardised","21.3","18.8","23.9",NA
2017,"Males","All ages","Government Office Region","E12000001","North East","All quintiles","All stages","Brain","All Brain","273","Age-standardised","21.9","19.4","24.7",NA
2018,"Females","All ages","Government Office Region","E12000001","North East","All quintiles","All stages","Brain","All Brain","234","Non-standardised","17.4","15.3","19.8",NA
2018,"Females","All ages","Government Office Region","E12000001","North East","All quintiles","All stages","Brain","All Brain","234","Age-standardised","16.8","14.7","19.1",NA
2018,"Males","All ages","Government Office Region","E12000001","North East","All quintiles","All stages","Brain","All Brain","228","Non-standardised","17.7","15.5","20.2",NA
2018,"Males","All ages","Government Office Region","E12000001","North East","All quintiles","All stages","Brain","All Brain","228","Age-standardised","18.2","15.9","20.7",NA
2019,"Females","All ages","Government Office Region","E12000001","North East","All quintiles","All stages","Brain","All Brain","277","Non-standardised","20.6","18.2","23.1",NA
2019,"Females","All ages","Government Office Region","E12000001","North East","All quintiles","All stages","Brain","All Brain","277","Age-standardised","19.8","17.5","22.3",NA
2019,"Males","All ages","Government Office Region","E12000001","North East","All quintiles","All stages","Brain","All Brain","254","Non-standardised","19.7","17.3","22.3",NA
2019,"Males","All ages","Government Office Region","E12000001","North East","All quintiles","All stages","Brain","All Brain","254","Age-standardised","19.9","17.6","22.6",NA
2020,"Females","All ages","Government Office Region","E12000001","North East","All quintiles","All stages","Brain","All Brain","270","Non-standardised","20","17.7","22.6",NA
2020,"Females","All ages","Government Office Region","E12000001","North East","All quintiles","All stages","Brain","All Brain","270","Age-standardised","19.2","17","21.6",NA
2020,"Males","All ages","Government Office Region","E12000001","North East","All quintiles","All stages","Brain","All Brain","232","Non-standardised","18","15.8","20.5",NA
2020,"Males","All ages","Government Office Region","E12000001","North East","All quintiles","All stages","Brain","All Brain","232","Age-standardised","18","15.7","20.4",NA
2021,"Females","All ages","Government Office Region","E12000001","North East","All quintiles","All stages","Brain","All Brain","235","Non-standardised","17.4","15.2","19.7",NA
2021,"Females","All ages","Government Office Region","E12000001","North East","All quintiles","All stages","Brain","All Brain","235","Age-standardised","16.3","14.3","18.6",NA
2021,"Males","All ages","Government Office Region","E12000001","North East","All quintiles","All stages","Brain","All Brain","235","Non-standardised","18.2","15.9","20.6",NA
2021,"Males","All ages","Government Office Region","E12000001","North East","All quintiles","All stages","Brain","All Brain","235","Age-standardised","18.3","16.1","20.9",NA
2022,"Females","All ages","Government Office Region","E12000001","North East","All quintiles","All stages","Brain","All Brain","284","Non-standardised","20.8","18.4","23.3",NA
2022,"Females","All ages","Government Office Region","E12000001","North East","All quintiles","All stages","Brain","All Brain","284","Age-standardised","19.6","17.4","22.1",NA
2022,"Males","All ages","Government Office Region","E12000001","North East","All quintiles","All stages","Brain","All Brain","247","Non-standardised","18.8","16.5","21.3",NA
2022,"Males","All ages","Government Office Region","E12000001","North East","All quintiles","All stages","Brain","All Brain","247","Age-standardised","18.8","16.5","21.3",NA
2013,"Females","All ages","Government Office Region","E12000002","North West","All quintiles","All stages","Brain","Benign endocrine","52","Non-standardised","1.4","1.1","1.9",NA
2013,"Females","All ages","Government Office Region","E12000002","North West","All quintiles","All stages","Brain","Benign endocrine","52","Age-standardised","1.5","1.1","2",NA
2013,"Males","All ages","Government Office Region","E12000002","North West","All quintiles","All stages","Brain","Benign endocrine","66","Non-standardised","1.9","1.5","2.4",NA
2013,"Males","All ages","Government Office Region","E12000002","North West","All quintiles","All stages","Brain","Benign endocrine","66","Age-standardised","2","1.6","2.6",NA
2014,"Females","All ages","Government Office Region","E12000002","North West","All quintiles","All stages","Brain","Benign endocrine","44","Non-standardised","1.2","0.9","1.6",NA
2014,"Females","All ages","Government Office Region","E12000002","North West","All quintiles","All stages","Brain","Benign endocrine","44","Age-standardised","1.2","0.9","1.7",NA
2014,"Males","All ages","Government Office Region","E12000002","North West","All quintiles","All stages","Brain","Benign endocrine","59","Non-standardised","1.7","1.3","2.2",NA
2014,"Males","All ages","Government Office Region","E12000002","North West","All quintiles","All stages","Brain","Benign endocrine","59","Age-standardised","1.8","1.4","2.3",NA
2015,"Females","All ages","Government Office Region","E12000002","North West","All quintiles","All stages","Brain","Benign endocrine","51","Non-standardised","1.4","1","1.8",NA
2015,"Females","All ages","Government Office Region","E12000002","North West","All quintiles","All stages","Brain","Benign endocrine","51","Age-standardised","1.4","1.1","1.9",NA
2015,"Males","All ages","Government Office Region","E12000002","North West","All quintiles","All stages","Brain","Benign endocrine","63","Non-standardised","1.8","1.4","2.3",NA
2015,"Males","All ages","Government Office Region","E12000002","North West","All quintiles","All stages","Brain","Benign endocrine","63","Age-standardised","1.9","1.5","2.5",NA
2016,"Females","All ages","Government Office Region","E12000002","North West","All quintiles","All stages","Brain","Benign endocrine","61","Non-standardised","1.7","1.3","2.1",NA
2016,"Females","All ages","Government Office Region","E12000002","North West","All quintiles","All stages","Brain","Benign endocrine","61","Age-standardised","1.7","1.3","2.2",NA
2016,"Males","All ages","Government Office Region","E12000002","North West","All quintiles","All stages","Brain","Benign endocrine","47","Non-standardised","1.3","1","1.8",NA
2016,"Males","All ages","Government Office Region","E12000002","North West","All quintiles","All stages","Brain","Benign endocrine","47","Age-standardised","1.5","1.1","1.9",NA
2017,"Females","All ages","Government Office Region","E12000002","North West","All quintiles","All stages","Brain","Benign endocrine","53","Non-standardised","1.4","1.1","1.9",NA
2017,"Females","All ages","Government Office Region","E12000002","North West","All quintiles","All stages","Brain","Benign endocrine","53","Age-standardised","1.4","1.1","1.9",NA
2017,"Males","All ages","Government Office Region","E12000002","North West","All quintiles","All stages","Brain","Benign endocrine","55","Non-standardised","1.5","1.2","2",NA
2017,"Males","All ages","Government Office Region","E12000002","North West","All quintiles","All stages","Brain","Benign endocrine","55","Age-standardised","1.6","1.2","2.1",NA
2018,"Females","All ages","Government Office Region","E12000002","North West","All quintiles","All stages","Brain","Benign endocrine","51","Non-standardised","1.4","1","1.8",NA
2018,"Females","All ages","Government Office Region","E12000002","North West","All quintiles","All stages","Brain","Benign endocrine","51","Age-standardised","1.4","1","1.8",NA
2018,"Males","All ages","Government Office Region","E12000002","North West","All quintiles","All stages","Brain","Benign endocrine","58","Non-standardised","1.6","1.2","2.1",NA
2018,"Males","All ages","Government Office Region","E12000002","North West","All quintiles","All stages","Brain","Benign endocrine","58","Age-standardised","1.7","1.3","2.2",NA
2019,"Females","All ages","Government Office Region","E12000002","North West","All quintiles","All stages","Brain","Benign endocrine","47","Non-standardised","1.3","0.9","1.7",NA
2019,"Females","All ages","Government Office Region","E12000002","North West","All quintiles","All stages","Brain","Benign endocrine","47","Age-standardised","1.3","0.9","1.7",NA
2019,"Males","All ages","Government Office Region","E12000002","North West","All quintiles","All stages","Brain","Benign endocrine","72","Non-standardised","2","1.6","2.5",NA
2019,"Males","All ages","Government Office Region","E12000002","North West","All quintiles","All stages","Brain","Benign endocrine","72","Age-standardised","2.1","1.6","2.6",NA
2020,"Females","All ages","Government Office Region","E12000002","North West","All quintiles","All stages","Brain","Benign endocrine","33","Non-standardised","0.9","0.6","1.2",NA
2020,"Females","All ages","Government Office Region","E12000002","North West","All quintiles","All stages","Brain","Benign endocrine","33","Age-standardised","0.9","0.6","1.2",NA
2020,"Males","All ages","Government Office Region","E12000002","North West","All quintiles","All stages","Brain","Benign endocrine","44","Non-standardised","1.2","0.9","1.6",NA
2020,"Males","All ages","Government Office Region","E12000002","North West","All quintiles","All stages","Brain","Benign endocrine","44","Age-standardised","1.3","0.9","1.7",NA
2021,"Females","All ages","Government Office Region","E12000002","North West","All quintiles","All stages","Brain","Benign endocrine","28","Non-standardised","0.7","0.5","1.1",NA
2021,"Females","All ages","Government Office Region","E12000002","North West","All quintiles","All stages","Brain","Benign endocrine","28","Age-standardised","0.8","0.5","1.1",NA
2021,"Males","All ages","Government Office Region","E12000002","North West","All quintiles","All stages","Brain","Benign endocrine","56","Non-standardised","1.5","1.2","2",NA
2021,"Males","All ages","Government Office Region","E12000002","North West","All quintiles","All stages","Brain","Benign endocrine","56","Age-standardised","1.6","1.2","2.1",NA
2022,"Females","All ages","Government Office Region","E12000002","North West","All quintiles","All stages","Brain","Benign endocrine","21","Non-standardised","0.5","0.3","0.8",NA
2022,"Females","All ages","Government Office Region","E12000002","North West","All quintiles","All stages","Brain","Benign endocrine","21","Age-standardised","0.6","0.3","0.9",NA
2022,"Males","All ages","Government Office Region","E12000002","North West","All quintiles","All stages","Brain","Benign endocrine","38","Non-standardised","1","0.7","1.4",NA
2022,"Males","All ages","Government Office Region","E12000002","North West","All quintiles","All stages","Brain","Benign endocrine","38","Age-standardised","1.1","0.8","1.5",NA
2013,"Females","All ages","Government Office Region","E12000002","North West","All quintiles","All stages","Brain","Malignant brain","263","Non-standardised","7.3","6.4","8.2",NA
2013,"Females","All ages","Government Office Region","E12000002","North West","All quintiles","All stages","Brain","Malignant brain","263","Age-standardised","7.5","6.6","8.5",NA
2013,"Males","All ages","Government Office Region","E12000002","North West","All quintiles","All stages","Brain","Malignant brain","329","Non-standardised","9.4","8.4","10.5",NA
2013,"Males","All ages","Government Office Region","E12000002","North West","All quintiles","All stages","Brain","Malignant brain","329","Age-standardised","10.4","9.3","11.6",NA
2014,"Females","All ages","Government Office Region","E12000002","North West","All quintiles","All stages","Brain","Malignant brain","274","Non-standardised","7.5","6.7","8.5",NA
2014,"Females","All ages","Government Office Region","E12000002","North West","All quintiles","All stages","Brain","Malignant brain","274","Age-standardised","7.7","6.8","8.6",NA
2014,"Males","All ages","Government Office Region","E12000002","North West","All quintiles","All stages","Brain","Malignant brain","377","Non-standardised","10.7","9.7","11.9",NA
2014,"Males","All ages","Government Office Region","E12000002","North West","All quintiles","All stages","Brain","Malignant brain","377","Age-standardised","11.9","10.7","13.2",NA
2015,"Females","All ages","Government Office Region","E12000002","North West","All quintiles","All stages","Brain","Malignant brain","293","Non-standardised","8","7.1","9",NA
2015,"Females","All ages","Government Office Region","E12000002","North West","All quintiles","All stages","Brain","Malignant brain","293","Age-standardised","8.2","7.3","9.2",NA
2015,"Males","All ages","Government Office Region","E12000002","North West","All quintiles","All stages","Brain","Malignant brain","372","Non-standardised","10.5","9.5","11.7",NA
2015,"Males","All ages","Government Office Region","E12000002","North West","All quintiles","All stages","Brain","Malignant brain","372","Age-standardised","11.5","10.3","12.7",NA
2016,"Females","All ages","Government Office Region","E12000002","North West","All quintiles","All stages","Brain","Malignant brain","280","Non-standardised","7.6","6.8","8.6",NA
2016,"Females","All ages","Government Office Region","E12000002","North West","All quintiles","All stages","Brain","Malignant brain","280","Age-standardised","7.7","6.8","8.6",NA
2016,"Males","All ages","Government Office Region","E12000002","North West","All quintiles","All stages","Brain","Malignant brain","382","Non-standardised","10.7","9.7","11.9",NA
2016,"Males","All ages","Government Office Region","E12000002","North West","All quintiles","All stages","Brain","Malignant brain","382","Age-standardised","11.7","10.5","12.9",NA
2017,"Females","All ages","Government Office Region","E12000002","North West","All quintiles","All stages","Brain","Malignant brain","284","Non-standardised","7.7","6.8","8.6",NA
2017,"Females","All ages","Government Office Region","E12000002","North West","All quintiles","All stages","Brain","Malignant brain","284","Age-standardised","7.8","6.9","8.7",NA
2017,"Males","All ages","Government Office Region","E12000002","North West","All quintiles","All stages","Brain","Malignant brain","378","Non-standardised","10.6","9.5","11.7",NA
2017,"Males","All ages","Government Office Region","E12000002","North West","All quintiles","All stages","Brain","Malignant brain","378","Age-standardised","11.3","10.2","12.5",NA
2018,"Females","All ages","Government Office Region","E12000002","North West","All quintiles","All stages","Brain","Malignant brain","271","Non-standardised","7.3","6.4","8.2",NA
2018,"Females","All ages","Government Office Region","E12000002","North West","All quintiles","All stages","Brain","Malignant brain","271","Age-standardised","7.3","6.5","8.2",NA
2018,"Males","All ages","Government Office Region","E12000002","North West","All quintiles","All stages","Brain","Malignant brain","359","Non-standardised","10","9","11.1",NA
2018,"Males","All ages","Government Office Region","E12000002","North West","All quintiles","All stages","Brain","Malignant brain","359","Age-standardised","10.6","9.5","11.8",NA
2019,"Females","All ages","Government Office Region","E12000002","North West","All quintiles","All stages","Brain","Malignant brain","260","Non-standardised","6.9","6.1","7.8",NA
2019,"Females","All ages","Government Office Region","E12000002","North West","All quintiles","All stages","Brain","Malignant brain","260","Age-standardised","6.9","6.1","7.8",NA
2019,"Males","All ages","Government Office Region","E12000002","North West","All quintiles","All stages","Brain","Malignant brain","395","Non-standardised","10.9","9.9","12.1",NA
2019,"Males","All ages","Government Office Region","E12000002","North West","All quintiles","All stages","Brain","Malignant brain","395","Age-standardised","11.6","10.5","12.8",NA
2020,"Females","All ages","Government Office Region","E12000002","North West","All quintiles","All stages","Brain","Malignant brain","267","Non-standardised","7.1","6.3","8",NA
2020,"Females","All ages","Government Office Region","E12000002","North West","All quintiles","All stages","Brain","Malignant brain","267","Age-standardised","7","6.2","7.9",NA
2020,"Males","All ages","Government Office Region","E12000002","North West","All quintiles","All stages","Brain","Malignant brain","380","Non-standardised","10.5","9.5","11.6",NA
2020,"Males","All ages","Government Office Region","E12000002","North West","All quintiles","All stages","Brain","Malignant brain","380","Age-standardised","11","9.9","12.2",NA
2021,"Females","All ages","Government Office Region","E12000002","North West","All quintiles","All stages","Brain","Malignant brain","274","Non-standardised","7.2","6.4","8.2",NA
2021,"Females","All ages","Government Office Region","E12000002","North West","All quintiles","All stages","Brain","Malignant brain","274","Age-standardised","7.2","6.3","8.1",NA
2021,"Males","All ages","Government Office Region","E12000002","North West","All quintiles","All stages","Brain","Malignant brain","360","Non-standardised","9.9","8.9","11",NA
2021,"Males","All ages","Government Office Region","E12000002","North West","All quintiles","All stages","Brain","Malignant brain","360","Age-standardised","10.4","9.3","11.5",NA
2022,"Females","All ages","Government Office Region","E12000002","North West","All quintiles","All stages","Brain","Malignant brain","284","Non-standardised","7.4","6.6","8.3",NA
2022,"Females","All ages","Government Office Region","E12000002","North West","All quintiles","All stages","Brain","Malignant brain","284","Age-standardised","7.4","6.5","8.3",NA
2022,"Males","All ages","Government Office Region","E12000002","North West","All quintiles","All stages","Brain","Malignant brain","371","Non-standardised","10","9","11.1",NA
2022,"Males","All ages","Government Office Region","E12000002","North West","All quintiles","All stages","Brain","Malignant brain","371","Age-standardised","10.5","9.4","11.6",NA
2013,"Females","All ages","Government Office Region","E12000002","North West","All quintiles","All stages","Brain","Non-benign endocrine","13","Non-standardised","0.4","0.2","0.6",NA
2013,"Females","All ages","Government Office Region","E12000002","North West","All quintiles","All stages","Brain","Non-benign endocrine","13","Age-standardised","0.4","0.2","0.6","[note1]"
2013,"Males","All ages","Government Office Region","E12000002","North West","All quintiles","All stages","Brain","Non-benign endocrine","16","Non-standardised","0.5","0.3","0.7",NA
2013,"Males","All ages","Government Office Region","E12000002","North West","All quintiles","All stages","Brain","Non-benign endocrine","16","Age-standardised","0.5","0.3","0.7","[note1]"
2014,"Females","All ages","Government Office Region","E12000002","North West","All quintiles","All stages","Brain","Non-benign endocrine","11","Non-standardised","0.3","0.2","0.5",NA
2014,"Females","All ages","Government Office Region","E12000002","North West","All quintiles","All stages","Brain","Non-benign endocrine","11","Age-standardised","0.3","0.2","0.5","[note1]"
2014,"Males","All ages","Government Office Region","E12000002","North West","All quintiles","All stages","Brain","Non-benign endocrine","13","Non-standardised","0.4","0.2","0.6",NA
2014,"Males","All ages","Government Office Region","E12000002","North West","All quintiles","All stages","Brain","Non-benign endocrine","13","Age-standardised","0.4","0.2","0.6","[note1]"
2015,"Females","All ages","Government Office Region","E12000002","North West","All quintiles","All stages","Brain","Non-benign endocrine","8","Non-standardised","0.2","0.1","0.4",NA
2015,"Females","All ages","Government Office Region","E12000002","North West","All quintiles","All stages","Brain","Non-benign endocrine","8","Age-standardised","[u]","[u]","[u]","[note2]"
2015,"Males","All ages","Government Office Region","E12000002","North West","All quintiles","All stages","Brain","Non-benign endocrine","11","Non-standardised","0.3","0.2","0.6",NA
2015,"Males","All ages","Government Office Region","E12000002","North West","All quintiles","All stages","Brain","Non-benign endocrine","11","Age-standardised","0.3","0.2","0.6","[note1]"
2016,"Females","All ages","Government Office Region","E12000002","North West","All quintiles","All stages","Brain","Non-benign endocrine","15","Non-standardised","0.4","0.2","0.7",NA
2016,"Females","All ages","Government Office Region","E12000002","North West","All quintiles","All stages","Brain","Non-benign endocrine","15","Age-standardised","0.4","0.2","0.7","[note1]"
2016,"Males","All ages","Government Office Region","E12000002","North West","All quintiles","All stages","Brain","Non-benign endocrine","13","Non-standardised","0.4","0.2","0.6",NA
2016,"Males","All ages","Government Office Region","E12000002","North West","All quintiles","All stages","Brain","Non-benign endocrine","13","Age-standardised","0.4","0.2","0.6","[note1]"
2017,"Females","All ages","Government Office Region","E12000002","North West","All quintiles","All stages","Brain","Non-benign endocrine","10","Non-standardised","0.3","0.1","0.5",NA
2017,"Females","All ages","Government Office Region","E12000002","North West","All quintiles","All stages","Brain","Non-benign endocrine","10","Age-standardised","0.3","0.1","0.5","[note1]"
2017,"Males","All ages","Government Office Region","E12000002","North West","All quintiles","All stages","Brain","Non-benign endocrine","20","Non-standardised","0.6","0.3","0.9",NA
2017,"Males","All ages","Government Office Region","E12000002","North West","All quintiles","All stages","Brain","Non-benign endocrine","20","Age-standardised","0.5","0.3","0.8",NA
2018,"Females","All ages","Government Office Region","E12000002","North West","All quintiles","All stages","Brain","Non-benign endocrine","6","Non-standardised","0.2","0.1","0.4",NA
2018,"Females","All ages","Government Office Region","E12000002","North West","All quintiles","All stages","Brain","Non-benign endocrine","6","Age-standardised","[u]","[u]","[u]","[note2]"
2018,"Males","All ages","Government Office Region","E12000002","North West","All quintiles","All stages","Brain","Non-benign endocrine","8","Non-standardised","0.2","0.1","0.4",NA
2018,"Males","All ages","Government Office Region","E12000002","North West","All quintiles","All stages","Brain","Non-benign endocrine","8","Age-standardised","[u]","[u]","[u]","[note2]"
2019,"Females","All ages","Government Office Region","E12000002","North West","All quintiles","All stages","Brain","Non-benign endocrine","6","Non-standardised","0.2","0.1","0.3",NA
2019,"Females","All ages","Government Office Region","E12000002","North West","All quintiles","All stages","Brain","Non-benign endocrine","6","Age-standardised","[u]","[u]","[u]","[note2]"
2019,"Males","All ages","Government Office Region","E12000002","North West","All quintiles","All stages","Brain","Non-benign endocrine","12","Non-standardised","0.3","0.2","0.6",NA
2019,"Males","All ages","Government Office Region","E12000002","North West","All quintiles","All stages","Brain","Non-benign endocrine","12","Age-standardised","0.3","0.2","0.6","[note1]"
2020,"Females","All ages","Government Office Region","E12000002","North West","All quintiles","All stages","Brain","Non-benign endocrine","8","Non-standardised","0.2","0.1","0.4",NA
2020,"Females","All ages","Government Office Region","E12000002","North West","All quintiles","All stages","Brain","Non-benign endocrine","8","Age-standardised","[u]","[u]","[u]","[note2]"
2020,"Males","All ages","Government Office Region","E12000002","North West","All quintiles","All stages","Brain","Non-benign endocrine","12","Non-standardised","0.3","0.2","0.6",NA
2020,"Males","All ages","Government Office Region","E12000002","North West","All quintiles","All stages","Brain","Non-benign endocrine","12","Age-standardised","0.3","0.2","0.6","[note1]"
2021,"Females","All ages","Government Office Region","E12000002","North West","All quintiles","All stages","Brain","Non-benign endocrine","9","Non-standardised","0.2","0.1","0.5",NA
2021,"Females","All ages","Government Office Region","E12000002","North West","All quintiles","All stages","Brain","Non-benign endocrine","9","Age-standardised","[u]","[u]","[u]","[note2]"
2021,"Males","All ages","Government Office Region","E12000002","North West","All quintiles","All stages","Brain","Non-benign endocrine","12","Non-standardised","0.3","0.2","0.6",NA
2021,"Males","All ages","Government Office Region","E12000002","North West","All quintiles","All stages","Brain","Non-benign endocrine","12","Age-standardised","0.3","0.2","0.6","[note1]"
2022,"Females","All ages","Government Office Region","E12000002","North West","All quintiles","All stages","Brain","Non-benign endocrine","6","Non-standardised","0.2","0.1","0.3",NA
2022,"Females","All ages","Government Office Region","E12000002","North West","All quintiles","All stages","Brain","Non-benign endocrine","6","Age-standardised","[u]","[u]","[u]","[note2]"
2022,"Males","All ages","Government Office Region","E12000002","North West","All quintiles","All stages","Brain","Non-benign endocrine","6","Non-standardised","0.2","0.1","0.4",NA
2022,"Males","All ages","Government Office Region","E12000002","North West","All quintiles","All stages","Brain","Non-benign endocrine","6","Age-standardised","[u]","[u]","[u]","[note2]"
2013,"Females","All ages","Government Office Region","E12000002","North West","All quintiles","All stages","Brain","Non-malignant brain","324","Non-standardised","9","8","10",NA
2013,"Females","All ages","Government Office Region","E12000002","North West","All quintiles","All stages","Brain","Non-malignant brain","324","Age-standardised","9.1","8.2","10.2",NA
2013,"Males","All ages","Government Office Region","E12000002","North West","All quintiles","All stages","Brain","Non-malignant brain","156","Non-standardised","4.5","3.8","5.2",NA
2013,"Males","All ages","Government Office Region","E12000002","North West","All quintiles","All stages","Brain","Non-malignant brain","156","Age-standardised","4.9","4.2","5.8",NA
2014,"Females","All ages","Government Office Region","E12000002","North West","All quintiles","All stages","Brain","Non-malignant brain","330","Non-standardised","9.1","8.1","10.1",NA
2014,"Females","All ages","Government Office Region","E12000002","North West","All quintiles","All stages","Brain","Non-malignant brain","330","Age-standardised","9.3","8.3","10.3",NA
2014,"Males","All ages","Government Office Region","E12000002","North West","All quintiles","All stages","Brain","Non-malignant brain","171","Non-standardised","4.9","4.2","5.7",NA
2014,"Males","All ages","Government Office Region","E12000002","North West","All quintiles","All stages","Brain","Non-malignant brain","171","Age-standardised","5.3","4.5","6.2",NA
2015,"Females","All ages","Government Office Region","E12000002","North West","All quintiles","All stages","Brain","Non-malignant brain","269","Non-standardised","7.4","6.5","8.3",NA
2015,"Females","All ages","Government Office Region","E12000002","North West","All quintiles","All stages","Brain","Non-malignant brain","269","Age-standardised","7.4","6.6","8.4",NA
2015,"Males","All ages","Government Office Region","E12000002","North West","All quintiles","All stages","Brain","Non-malignant brain","186","Non-standardised","5.3","4.5","6.1",NA
2015,"Males","All ages","Government Office Region","E12000002","North West","All quintiles","All stages","Brain","Non-malignant brain","186","Age-standardised","5.7","4.9","6.6",NA
2016,"Females","All ages","Government Office Region","E12000002","North West","All quintiles","All stages","Brain","Non-malignant brain","329","Non-standardised","8.9","8","10",NA
2016,"Females","All ages","Government Office Region","E12000002","North West","All quintiles","All stages","Brain","Non-malignant brain","329","Age-standardised","9","8.1","10.1",NA
2016,"Males","All ages","Government Office Region","E12000002","North West","All quintiles","All stages","Brain","Non-malignant brain","169","Non-standardised","4.8","4.1","5.5",NA
2016,"Males","All ages","Government Office Region","E12000002","North West","All quintiles","All stages","Brain","Non-malignant brain","169","Age-standardised","5.1","4.3","5.9",NA
2017,"Females","All ages","Government Office Region","E12000002","North West","All quintiles","All stages","Brain","Non-malignant brain","260","Non-standardised","7","6.2","7.9",NA
2017,"Females","All ages","Government Office Region","E12000002","North West","All quintiles","All stages","Brain","Non-malignant brain","260","Age-standardised","7.1","6.3","8",NA
2017,"Males","All ages","Government Office Region","E12000002","North West","All quintiles","All stages","Brain","Non-malignant brain","200","Non-standardised","5.6","4.8","6.4",NA
2017,"Males","All ages","Government Office Region","E12000002","North West","All quintiles","All stages","Brain","Non-malignant brain","200","Age-standardised","6","5.2","6.9",NA
2018,"Females","All ages","Government Office Region","E12000002","North West","All quintiles","All stages","Brain","Non-malignant brain","303","Non-standardised","8.1","7.3","9.1",NA
2018,"Females","All ages","Government Office Region","E12000002","North West","All quintiles","All stages","Brain","Non-malignant brain","303","Age-standardised","8.2","7.3","9.2",NA
2018,"Males","All ages","Government Office Region","E12000002","North West","All quintiles","All stages","Brain","Non-malignant brain","171","Non-standardised","4.8","4.1","5.5",NA
2018,"Males","All ages","Government Office Region","E12000002","North West","All quintiles","All stages","Brain","Non-malignant brain","171","Age-standardised","5.1","4.4","5.9",NA
2019,"Females","All ages","Government Office Region","E12000002","North West","All quintiles","All stages","Brain","Non-malignant brain","294","Non-standardised","7.8","7","8.8",NA
2019,"Females","All ages","Government Office Region","E12000002","North West","All quintiles","All stages","Brain","Non-malignant brain","294","Age-standardised","7.8","6.9","8.8",NA
2019,"Males","All ages","Government Office Region","E12000002","North West","All quintiles","All stages","Brain","Non-malignant brain","177","Non-standardised","4.9","4.2","5.7",NA
2019,"Males","All ages","Government Office Region","E12000002","North West","All quintiles","All stages","Brain","Non-malignant brain","177","Age-standardised","5.2","4.4","6",NA
2020,"Females","All ages","Government Office Region","E12000002","North West","All quintiles","All stages","Brain","Non-malignant brain","233","Non-standardised","6.2","5.4","7.1",NA
2020,"Females","All ages","Government Office Region","E12000002","North West","All quintiles","All stages","Brain","Non-malignant brain","233","Age-standardised","6.2","5.4","7",NA
2020,"Males","All ages","Government Office Region","E12000002","North West","All quintiles","All stages","Brain","Non-malignant brain","146","Non-standardised","4","3.4","4.7",NA
2020,"Males","All ages","Government Office Region","E12000002","North West","All quintiles","All stages","Brain","Non-malignant brain","146","Age-standardised","4.3","3.6","5",NA
2021,"Females","All ages","Government Office Region","E12000002","North West","All quintiles","All stages","Brain","Non-malignant brain","241","Non-standardised","6.4","5.6","7.2",NA
2021,"Females","All ages","Government Office Region","E12000002","North West","All quintiles","All stages","Brain","Non-malignant brain","241","Age-standardised","6.3","5.5","7.2",NA
2021,"Males","All ages","Government Office Region","E12000002","North West","All quintiles","All stages","Brain","Non-malignant brain","146","Non-standardised","4","3.4","4.7",NA
2021,"Males","All ages","Government Office Region","E12000002","North West","All quintiles","All stages","Brain","Non-malignant brain","146","Age-standardised","4.2","3.5","4.9",NA
2022,"Females","All ages","Government Office Region","E12000002","North West","All quintiles","All stages","Brain","Non-malignant brain","251","Non-standardised","6.6","5.8","7.4",NA
2022,"Females","All ages","Government Office Region","E12000002","North West","All quintiles","All stages","Brain","Non-malignant brain","251","Age-standardised","6.5","5.7","7.4",NA
2022,"Males","All ages","Government Office Region","E12000002","North West","All quintiles","All stages","Brain","Non-malignant brain","122","Non-standardised","3.3","2.7","3.9",NA
2022,"Males","All ages","Government Office Region","E12000002","North West","All quintiles","All stages","Brain","Non-malignant brain","122","Age-standardised","3.5","2.9","4.2",NA
2013,"Females","All ages","Government Office Region","E12000002","North West","All quintiles","All stages","Brain","All Brain","652","Non-standardised","18","16.7","19.5",NA
2013,"Females","All ages","Government Office Region","E12000002","North West","All quintiles","All stages","Brain","All Brain","652","Age-standardised","18.5","17.1","20",NA
2013,"Males","All ages","Government Office Region","E12000002","North West","All quintiles","All stages","Brain","All Brain","567","Non-standardised","16.2","14.9","17.6",NA
2013,"Males","All ages","Government Office Region","E12000002","North West","All quintiles","All stages","Brain","All Brain","567","Age-standardised","17.9","16.4","19.4",NA
2014,"Females","All ages","Government Office Region","E12000002","North West","All quintiles","All stages","Brain","All Brain","659","Non-standardised","18.2","16.8","19.6",NA
2014,"Females","All ages","Government Office Region","E12000002","North West","All quintiles","All stages","Brain","All Brain","659","Age-standardised","18.5","17.1","20",NA
2014,"Males","All ages","Government Office Region","E12000002","North West","All quintiles","All stages","Brain","All Brain","620","Non-standardised","17.7","16.3","19.1",NA
2014,"Males","All ages","Government Office Region","E12000002","North West","All quintiles","All stages","Brain","All Brain","620","Age-standardised","19.4","17.9","21",NA
2015,"Females","All ages","Government Office Region","E12000002","North West","All quintiles","All stages","Brain","All Brain","621","Non-standardised","17","15.7","18.4",NA
2015,"Females","All ages","Government Office Region","E12000002","North West","All quintiles","All stages","Brain","All Brain","621","Age-standardised","17.3","15.9","18.7",NA
2015,"Males","All ages","Government Office Region","E12000002","North West","All quintiles","All stages","Brain","All Brain","632","Non-standardised","17.9","16.5","19.3",NA
2015,"Males","All ages","Government Office Region","E12000002","North West","All quintiles","All stages","Brain","All Brain","632","Age-standardised","19.5","18","21.1",NA
2016,"Females","All ages","Government Office Region","E12000002","North West","All quintiles","All stages","Brain","All Brain","685","Non-standardised","18.6","17.3","20.1",NA
2016,"Females","All ages","Government Office Region","E12000002","North West","All quintiles","All stages","Brain","All Brain","685","Age-standardised","18.8","17.4","20.3",NA
2016,"Males","All ages","Government Office Region","E12000002","North West","All quintiles","All stages","Brain","All Brain","611","Non-standardised","17.2","15.8","18.6",NA
2016,"Males","All ages","Government Office Region","E12000002","North West","All quintiles","All stages","Brain","All Brain","611","Age-standardised","18.6","17.1","20.1",NA
2017,"Females","All ages","Government Office Region","E12000002","North West","All quintiles","All stages","Brain","All Brain","607","Non-standardised","16.4","15.1","17.8",NA
2017,"Females","All ages","Government Office Region","E12000002","North West","All quintiles","All stages","Brain","All Brain","607","Age-standardised","16.6","15.3","17.9",NA
2017,"Males","All ages","Government Office Region","E12000002","North West","All quintiles","All stages","Brain","All Brain","653","Non-standardised","18.3","16.9","19.7",NA
2017,"Males","All ages","Government Office Region","E12000002","North West","All quintiles","All stages","Brain","All Brain","653","Age-standardised","19.4","17.9","21",NA
2018,"Females","All ages","Government Office Region","E12000002","North West","All quintiles","All stages","Brain","All Brain","631","Non-standardised","17","15.7","18.3",NA
2018,"Females","All ages","Government Office Region","E12000002","North West","All quintiles","All stages","Brain","All Brain","631","Age-standardised","17.1","15.8","18.5",NA
2018,"Males","All ages","Government Office Region","E12000002","North West","All quintiles","All stages","Brain","All Brain","596","Non-standardised","16.6","15.3","18",NA
2018,"Males","All ages","Government Office Region","E12000002","North West","All quintiles","All stages","Brain","All Brain","596","Age-standardised","17.6","16.2","19.1",NA
2019,"Females","All ages","Government Office Region","E12000002","North West","All quintiles","All stages","Brain","All Brain","607","Non-standardised","16.2","14.9","17.5",NA
2019,"Females","All ages","Government Office Region","E12000002","North West","All quintiles","All stages","Brain","All Brain","607","Age-standardised","16.2","14.9","17.5",NA
2019,"Males","All ages","Government Office Region","E12000002","North West","All quintiles","All stages","Brain","All Brain","656","Non-standardised","18.1","16.8","19.6",NA
2019,"Males","All ages","Government Office Region","E12000002","North West","All quintiles","All stages","Brain","All Brain","656","Age-standardised","19.2","17.7","20.7",NA
2020,"Females","All ages","Government Office Region","E12000002","North West","All quintiles","All stages","Brain","All Brain","541","Non-standardised","14.4","13.2","15.7",NA
2020,"Females","All ages","Government Office Region","E12000002","North West","All quintiles","All stages","Brain","All Brain","541","Age-standardised","14.2","13.1","15.5",NA
2020,"Males","All ages","Government Office Region","E12000002","North West","All quintiles","All stages","Brain","All Brain","582","Non-standardised","16.1","14.8","17.4",NA
2020,"Males","All ages","Government Office Region","E12000002","North West","All quintiles","All stages","Brain","All Brain","582","Age-standardised","16.9","15.5","18.3",NA
2021,"Females","All ages","Government Office Region","E12000002","North West","All quintiles","All stages","Brain","All Brain","552","Non-standardised","14.6","13.4","15.9",NA
2021,"Females","All ages","Government Office Region","E12000002","North West","All quintiles","All stages","Brain","All Brain","552","Age-standardised","14.5","13.3","15.7",NA
2021,"Males","All ages","Government Office Region","E12000002","North West","All quintiles","All stages","Brain","All Brain","574","Non-standardised","15.8","14.5","17.1",NA
2021,"Males","All ages","Government Office Region","E12000002","North West","All quintiles","All stages","Brain","All Brain","574","Age-standardised","16.5","15.2","17.9",NA
2022,"Females","All ages","Government Office Region","E12000002","North West","All quintiles","All stages","Brain","All Brain","562","Non-standardised","14.7","13.5","16",NA
2022,"Females","All ages","Government Office Region","E12000002","North West","All quintiles","All stages","Brain","All Brain","562","Age-standardised","14.6","13.4","15.9",NA
2022,"Males","All ages","Government Office Region","E12000002","North West","All quintiles","All stages","Brain","All Brain","537","Non-standardised","14.5","13.3","15.8",NA
2022,"Males","All ages","Government Office Region","E12000002","North West","All quintiles","All stages","Brain","All Brain","537","Age-standardised","15.2","14","16.6",NA
2013,"Females","All ages","Government Office Region","E12000008","South East","All quintiles","All stages","Brain","Benign endocrine","85","Non-standardised","1.9","1.5","2.3",NA
2013,"Females","All ages","Government Office Region","E12000008","South East","All quintiles","All stages","Brain","Benign endocrine","85","Age-standardised","1.9","1.6","2.4",NA
2013,"Males","All ages","Government Office Region","E12000008","South East","All quintiles","All stages","Brain","Benign endocrine","97","Non-standardised","2.2","1.8","2.7",NA
2013,"Males","All ages","Government Office Region","E12000008","South East","All quintiles","All stages","Brain","Benign endocrine","97","Age-standardised","2.5","2","3",NA
2014,"Females","All ages","Government Office Region","E12000008","South East","All quintiles","All stages","Brain","Benign endocrine","74","Non-standardised","1.6","1.3","2.1",NA
2014,"Females","All ages","Government Office Region","E12000008","South East","All quintiles","All stages","Brain","Benign endocrine","74","Age-standardised","1.7","1.3","2.1",NA
2014,"Males","All ages","Government Office Region","E12000008","South East","All quintiles","All stages","Brain","Benign endocrine","116","Non-standardised","2.7","2.2","3.2",NA
2014,"Males","All ages","Government Office Region","E12000008","South East","All quintiles","All stages","Brain","Benign endocrine","116","Age-standardised","2.8","2.3","3.4",NA
2015,"Females","All ages","Government Office Region","E12000008","South East","All quintiles","All stages","Brain","Benign endocrine","64","Non-standardised","1.4","1.1","1.8",NA
2015,"Females","All ages","Government Office Region","E12000008","South East","All quintiles","All stages","Brain","Benign endocrine","64","Age-standardised","1.4","1.1","1.8",NA
2015,"Males","All ages","Government Office Region","E12000008","South East","All quintiles","All stages","Brain","Benign endocrine","79","Non-standardised","1.8","1.4","2.2",NA
2015,"Males","All ages","Government Office Region","E12000008","South East","All quintiles","All stages","Brain","Benign endocrine","79","Age-standardised","1.9","1.5","2.4",NA
2016,"Females","All ages","Government Office Region","E12000008","South East","All quintiles","All stages","Brain","Benign endocrine","71","Non-standardised","1.5","1.2","1.9",NA
2016,"Females","All ages","Government Office Region","E12000008","South East","All quintiles","All stages","Brain","Benign endocrine","71","Age-standardised","1.5","1.2","2",NA
2016,"Males","All ages","Government Office Region","E12000008","South East","All quintiles","All stages","Brain","Benign endocrine","76","Non-standardised","1.7","1.3","2.1",NA
2016,"Males","All ages","Government Office Region","E12000008","South East","All quintiles","All stages","Brain","Benign endocrine","76","Age-standardised","1.8","1.4","2.3",NA
2017,"Females","All ages","Government Office Region","E12000008","South East","All quintiles","All stages","Brain","Benign endocrine","66","Non-standardised","1.4","1.1","1.8",NA
2017,"Females","All ages","Government Office Region","E12000008","South East","All quintiles","All stages","Brain","Benign endocrine","66","Age-standardised","1.4","1.1","1.8",NA
2017,"Males","All ages","Government Office Region","E12000008","South East","All quintiles","All stages","Brain","Benign endocrine","85","Non-standardised","1.9","1.5","2.4",NA
2017,"Males","All ages","Government Office Region","E12000008","South East","All quintiles","All stages","Brain","Benign endocrine","85","Age-standardised","2","1.6","2.5",NA
2018,"Females","All ages","Government Office Region","E12000008","South East","All quintiles","All stages","Brain","Benign endocrine","66","Non-standardised","1.4","1.1","1.8",NA
2018,"Females","All ages","Government Office Region","E12000008","South East","All quintiles","All stages","Brain","Benign endocrine","66","Age-standardised","1.4","1.1","1.8",NA
2018,"Males","All ages","Government Office Region","E12000008","South East","All quintiles","All stages","Brain","Benign endocrine","73","Non-standardised","1.6","1.3","2",NA
2018,"Males","All ages","Government Office Region","E12000008","South East","All quintiles","All stages","Brain","Benign endocrine","73","Age-standardised","1.7","1.3","2.2",NA
2019,"Females","All ages","Government Office Region","E12000008","South East","All quintiles","All stages","Brain","Benign endocrine","54","Non-standardised","1.2","0.9","1.5",NA
2019,"Females","All ages","Government Office Region","E12000008","South East","All quintiles","All stages","Brain","Benign endocrine","54","Age-standardised","1.1","0.9","1.5",NA
2019,"Males","All ages","Government Office Region","E12000008","South East","All quintiles","All stages","Brain","Benign endocrine","70","Non-standardised","1.6","1.2","2",NA
2019,"Males","All ages","Government Office Region","E12000008","South East","All quintiles","All stages","Brain","Benign endocrine","70","Age-standardised","1.6","1.3","2.1",NA
2020,"Females","All ages","Government Office Region","E12000008","South East","All quintiles","All stages","Brain","Benign endocrine","46","Non-standardised","1","0.7","1.3",NA
2020,"Females","All ages","Government Office Region","E12000008","South East","All quintiles","All stages","Brain","Benign endocrine","46","Age-standardised","1","0.7","1.3",NA
2020,"Males","All ages","Government Office Region","E12000008","South East","All quintiles","All stages","Brain","Benign endocrine","35","Non-standardised","0.8","0.5","1.1",NA
2020,"Males","All ages","Government Office Region","E12000008","South East","All quintiles","All stages","Brain","Benign endocrine","35","Age-standardised","0.8","0.6","1.1",NA
2021,"Females","All ages","Government Office Region","E12000008","South East","All quintiles","All stages","Brain","Benign endocrine","50","Non-standardised","1.1","0.8","1.4",NA
2021,"Females","All ages","Government Office Region","E12000008","South East","All quintiles","All stages","Brain","Benign endocrine","50","Age-standardised","1","0.8","1.4",NA
2021,"Males","All ages","Government Office Region","E12000008","South East","All quintiles","All stages","Brain","Benign endocrine","69","Non-standardised","1.5","1.2","1.9",NA
2021,"Males","All ages","Government Office Region","E12000008","South East","All quintiles","All stages","Brain","Benign endocrine","69","Age-standardised","1.6","1.2","2",NA
2022,"Females","All ages","Government Office Region","E12000008","South East","All quintiles","All stages","Brain","Benign endocrine","35","Non-standardised","0.7","0.5","1",NA
2022,"Females","All ages","Government Office Region","E12000008","South East","All quintiles","All stages","Brain","Benign endocrine","35","Age-standardised","0.7","0.5","1",NA
2022,"Males","All ages","Government Office Region","E12000008","South East","All quintiles","All stages","Brain","Benign endocrine","30","Non-standardised","0.7","0.4","0.9",NA
2022,"Males","All ages","Government Office Region","E12000008","South East","All quintiles","All stages","Brain","Benign endocrine","30","Age-standardised","0.7","0.5","1",NA
2013,"Females","All ages","Government Office Region","E12000008","South East","All quintiles","All stages","Brain","Malignant brain","365","Non-standardised","8.1","7.3","9",NA
2013,"Females","All ages","Government Office Region","E12000008","South East","All quintiles","All stages","Brain","Malignant brain","365","Age-standardised","8.2","7.4","9.1",NA
2013,"Males","All ages","Government Office Region","E12000008","South East","All quintiles","All stages","Brain","Malignant brain","448","Non-standardised","10.4","9.4","11.4",NA
2013,"Males","All ages","Government Office Region","E12000008","South East","All quintiles","All stages","Brain","Malignant brain","448","Age-standardised","11.4","10.3","12.5",NA
2014,"Females","All ages","Government Office Region","E12000008","South East","All quintiles","All stages","Brain","Malignant brain","340","Non-standardised","7.5","6.7","8.4",NA
2014,"Females","All ages","Government Office Region","E12000008","South East","All quintiles","All stages","Brain","Malignant brain","340","Age-standardised","7.5","6.7","8.4",NA
2014,"Males","All ages","Government Office Region","E12000008","South East","All quintiles","All stages","Brain","Malignant brain","449","Non-standardised","10.3","9.4","11.3",NA
2014,"Males","All ages","Government Office Region","E12000008","South East","All quintiles","All stages","Brain","Malignant brain","449","Age-standardised","11.1","10.1","12.2",NA
2015,"Females","All ages","Government Office Region","E12000008","South East","All quintiles","All stages","Brain","Malignant brain","336","Non-standardised","7.4","6.6","8.2",NA
2015,"Females","All ages","Government Office Region","E12000008","South East","All quintiles","All stages","Brain","Malignant brain","336","Age-standardised","7.3","6.6","8.2",NA
2015,"Males","All ages","Government Office Region","E12000008","South East","All quintiles","All stages","Brain","Malignant brain","502","Non-standardised","11.4","10.4","12.4",NA
2015,"Males","All ages","Government Office Region","E12000008","South East","All quintiles","All stages","Brain","Malignant brain","502","Age-standardised","12.2","11.2","13.4",NA
2016,"Females","All ages","Government Office Region","E12000008","South East","All quintiles","All stages","Brain","Malignant brain","364","Non-standardised","7.9","7.1","8.8",NA
2016,"Females","All ages","Government Office Region","E12000008","South East","All quintiles","All stages","Brain","Malignant brain","364","Age-standardised","7.9","7.1","8.7",NA
2016,"Males","All ages","Government Office Region","E12000008","South East","All quintiles","All stages","Brain","Malignant brain","467","Non-standardised","10.5","9.6","11.5",NA
2016,"Males","All ages","Government Office Region","E12000008","South East","All quintiles","All stages","Brain","Malignant brain","467","Age-standardised","11.3","10.3","12.4",NA
2017,"Females","All ages","Government Office Region","E12000008","South East","All quintiles","All stages","Brain","Malignant brain","368","Non-standardised","7.9","7.1","8.8",NA
2017,"Females","All ages","Government Office Region","E12000008","South East","All quintiles","All stages","Brain","Malignant brain","368","Age-standardised","7.9","7.1","8.7",NA
2017,"Males","All ages","Government Office Region","E12000008","South East","All quintiles","All stages","Brain","Malignant brain","517","Non-standardised","11.6","10.6","12.6",NA
2017,"Males","All ages","Government Office Region","E12000008","South East","All quintiles","All stages","Brain","Malignant brain","517","Age-standardised","12.3","11.2","13.4",NA
2018,"Females","All ages","Government Office Region","E12000008","South East","All quintiles","All stages","Brain","Malignant brain","333","Non-standardised","7.1","6.4","7.9",NA
2018,"Females","All ages","Government Office Region","E12000008","South East","All quintiles","All stages","Brain","Malignant brain","333","Age-standardised","7","6.3","7.8",NA
2018,"Males","All ages","Government Office Region","E12000008","South East","All quintiles","All stages","Brain","Malignant brain","484","Non-standardised","10.8","9.8","11.8",NA
2018,"Males","All ages","Government Office Region","E12000008","South East","All quintiles","All stages","Brain","Malignant brain","484","Age-standardised","11.4","10.4","12.4",NA
2019,"Females","All ages","Government Office Region","E12000008","South East","All quintiles","All stages","Brain","Malignant brain","383","Non-standardised","8.2","7.4","9",NA
2019,"Females","All ages","Government Office Region","E12000008","South East","All quintiles","All stages","Brain","Malignant brain","383","Age-standardised","8","7.2","8.8",NA
2019,"Males","All ages","Government Office Region","E12000008","South East","All quintiles","All stages","Brain","Malignant brain","470","Non-standardised","10.4","9.5","11.4",NA
2019,"Males","All ages","Government Office Region","E12000008","South East","All quintiles","All stages","Brain","Malignant brain","470","Age-standardised","10.9","9.9","11.9",NA
2020,"Females","All ages","Government Office Region","E12000008","South East","All quintiles","All stages","Brain","Malignant brain","338","Non-standardised","7.2","6.4","8",NA
2020,"Females","All ages","Government Office Region","E12000008","South East","All quintiles","All stages","Brain","Malignant brain","338","Age-standardised","7","6.2","7.7",NA
2020,"Males","All ages","Government Office Region","E12000008","South East","All quintiles","All stages","Brain","Malignant brain","519","Non-standardised","11.5","10.5","12.5",NA
2020,"Males","All ages","Government Office Region","E12000008","South East","All quintiles","All stages","Brain","Malignant brain","519","Age-standardised","11.9","10.9","13",NA
2021,"Females","All ages","Government Office Region","E12000008","South East","All quintiles","All stages","Brain","Malignant brain","337","Non-standardised","7.1","6.4","7.9",NA
2021,"Females","All ages","Government Office Region","E12000008","South East","All quintiles","All stages","Brain","Malignant brain","337","Age-standardised","6.9","6.2","7.7",NA
2021,"Males","All ages","Government Office Region","E12000008","South East","All quintiles","All stages","Brain","Malignant brain","469","Non-standardised","10.3","9.4","11.3",NA
2021,"Males","All ages","Government Office Region","E12000008","South East","All quintiles","All stages","Brain","Malignant brain","469","Age-standardised","10.7","9.7","11.7",NA
2022,"Females","All ages","Government Office Region","E12000008","South East","All quintiles","All stages","Brain","Malignant brain","359","Non-standardised","7.5","6.7","8.3",NA
2022,"Females","All ages","Government Office Region","E12000008","South East","All quintiles","All stages","Brain","Malignant brain","359","Age-standardised","7.2","6.5","8",NA
2022,"Males","All ages","Government Office Region","E12000008","South East","All quintiles","All stages","Brain","Malignant brain","497","Non-standardised","10.8","9.9","11.8",NA
2022,"Males","All ages","Government Office Region","E12000008","South East","All quintiles","All stages","Brain","Malignant brain","497","Age-standardised","11.1","10.1","12.1",NA
2013,"Females","All ages","Government Office Region","E12000008","South East","All quintiles","All stages","Brain","Non-benign endocrine","28","Non-standardised","0.6","0.4","0.9",NA
2013,"Females","All ages","Government Office Region","E12000008","South East","All quintiles","All stages","Brain","Non-benign endocrine","28","Age-standardised","0.6","0.4","0.9",NA
2013,"Males","All ages","Government Office Region","E12000008","South East","All quintiles","All stages","Brain","Non-benign endocrine","36","Non-standardised","0.8","0.6","1.2",NA
2013,"Males","All ages","Government Office Region","E12000008","South East","All quintiles","All stages","Brain","Non-benign endocrine","36","Age-standardised","0.8","0.6","1.2",NA
2014,"Females","All ages","Government Office Region","E12000008","South East","All quintiles","All stages","Brain","Non-benign endocrine","13","Non-standardised","0.3","0.2","0.5",NA
2014,"Females","All ages","Government Office Region","E12000008","South East","All quintiles","All stages","Brain","Non-benign endocrine","13","Age-standardised","0.3","0.2","0.5","[note1]"
2014,"Males","All ages","Government Office Region","E12000008","South East","All quintiles","All stages","Brain","Non-benign endocrine","13","Non-standardised","0.3","0.2","0.5",NA
2014,"Males","All ages","Government Office Region","E12000008","South East","All quintiles","All stages","Brain","Non-benign endocrine","13","Age-standardised","0.3","0.2","0.5","[note1]"
2015,"Females","All ages","Government Office Region","E12000008","South East","All quintiles","All stages","Brain","Non-benign endocrine","19","Non-standardised","0.4","0.3","0.6",NA
2015,"Females","All ages","Government Office Region","E12000008","South East","All quintiles","All stages","Brain","Non-benign endocrine","19","Age-standardised","0.4","0.3","0.7","[note1]"
2015,"Males","All ages","Government Office Region","E12000008","South East","All quintiles","All stages","Brain","Non-benign endocrine","26","Non-standardised","0.6","0.4","0.9",NA
2015,"Males","All ages","Government Office Region","E12000008","South East","All quintiles","All stages","Brain","Non-benign endocrine","26","Age-standardised","0.6","0.4","0.9",NA
2016,"Females","All ages","Government Office Region","E12000008","South East","All quintiles","All stages","Brain","Non-benign endocrine","8","Non-standardised","0.2","0.1","0.3",NA
2016,"Females","All ages","Government Office Region","E12000008","South East","All quintiles","All stages","Brain","Non-benign endocrine","8","Age-standardised","[u]","[u]","[u]","[note2]"
2016,"Males","All ages","Government Office Region","E12000008","South East","All quintiles","All stages","Brain","Non-benign endocrine","13","Non-standardised","0.3","0.2","0.5",NA
2016,"Males","All ages","Government Office Region","E12000008","South East","All quintiles","All stages","Brain","Non-benign endocrine","13","Age-standardised","0.3","0.1","0.5","[note1]"
2017,"Females","All ages","Government Office Region","E12000008","South East","All quintiles","All stages","Brain","Non-benign endocrine","16","Non-standardised","0.3","0.2","0.6",NA
2017,"Females","All ages","Government Office Region","E12000008","South East","All quintiles","All stages","Brain","Non-benign endocrine","16","Age-standardised","0.3","0.2","0.5","[note1]"
2017,"Males","All ages","Government Office Region","E12000008","South East","All quintiles","All stages","Brain","Non-benign endocrine","20","Non-standardised","0.4","0.3","0.7",NA
2017,"Males","All ages","Government Office Region","E12000008","South East","All quintiles","All stages","Brain","Non-benign endocrine","20","Age-standardised","0.4","0.3","0.7",NA
2018,"Females","All ages","Government Office Region","E12000008","South East","All quintiles","All stages","Brain","Non-benign endocrine","16","Non-standardised","0.3","0.2","0.6",NA
2018,"Females","All ages","Government Office Region","E12000008","South East","All quintiles","All stages","Brain","Non-benign endocrine","16","Age-standardised","0.3","0.2","0.6","[note1]"
2018,"Males","All ages","Government Office Region","E12000008","South East","All quintiles","All stages","Brain","Non-benign endocrine","15","Non-standardised","0.3","0.2","0.6",NA
2018,"Males","All ages","Government Office Region","E12000008","South East","All quintiles","All stages","Brain","Non-benign endocrine","15","Age-standardised","0.3","0.2","0.5","[note1]"
2019,"Females","All ages","Government Office Region","E12000008","South East","All quintiles","All stages","Brain","Non-benign endocrine","11","Non-standardised","0.2","0.1","0.4",NA
2019,"Females","All ages","Government Office Region","E12000008","South East","All quintiles","All stages","Brain","Non-benign endocrine","11","Age-standardised","0.2","0.1","0.4","[note1]"
2019,"Males","All ages","Government Office Region","E12000008","South East","All quintiles","All stages","Brain","Non-benign endocrine","11","Non-standardised","0.2","0.1","0.4",NA
2019,"Males","All ages","Government Office Region","E12000008","South East","All quintiles","All stages","Brain","Non-benign endocrine","11","Age-standardised","0.3","0.1","0.5","[note1]"
2020,"Females","All ages","Government Office Region","E12000008","South East","All quintiles","All stages","Brain","Non-benign endocrine","12","Non-standardised","0.3","0.1","0.4",NA
2020,"Females","All ages","Government Office Region","E12000008","South East","All quintiles","All stages","Brain","Non-benign endocrine","12","Age-standardised","0.3","0.1","0.4","[note1]"
2020,"Males","All ages","Government Office Region","E12000008","South East","All quintiles","All stages","Brain","Non-benign endocrine","14","Non-standardised","0.3","0.2","0.5",NA
2020,"Males","All ages","Government Office Region","E12000008","South East","All quintiles","All stages","Brain","Non-benign endocrine","14","Age-standardised","0.3","0.2","0.5","[note1]"
2021,"Females","All ages","Government Office Region","E12000008","South East","All quintiles","All stages","Brain","Non-benign endocrine","15","Non-standardised","0.3","0.2","0.5",NA
2021,"Females","All ages","Government Office Region","E12000008","South East","All quintiles","All stages","Brain","Non-benign endocrine","15","Age-standardised","0.3","0.2","0.5","[note1]"
2021,"Males","All ages","Government Office Region","E12000008","South East","All quintiles","All stages","Brain","Non-benign endocrine","18","Non-standardised","0.4","0.2","0.6",NA
2021,"Males","All ages","Government Office Region","E12000008","South East","All quintiles","All stages","Brain","Non-benign endocrine","18","Age-standardised","0.4","0.2","0.6","[note1]"
2022,"Females","All ages","Government Office Region","E12000008","South East","All quintiles","All stages","Brain","Non-benign endocrine","11","Non-standardised","0.2","0.1","0.4",NA
2022,"Females","All ages","Government Office Region","E12000008","South East","All quintiles","All stages","Brain","Non-benign endocrine","11","Age-standardised","0.2","0.1","0.4","[note1]"
2022,"Males","All ages","Government Office Region","E12000008","South East","All quintiles","All stages","Brain","Non-benign endocrine","11","Non-standardised","0.2","0.1","0.4",NA
2022,"Males","All ages","Government Office Region","E12000008","South East","All quintiles","All stages","Brain","Non-benign endocrine","11","Age-standardised","0.2","0.1","0.4","[note1]"
2013,"Females","All ages","Government Office Region","E12000008","South East","All quintiles","All stages","Brain","Non-malignant brain","421","Non-standardised","9.4","8.5","10.3",NA
2013,"Females","All ages","Government Office Region","E12000008","South East","All quintiles","All stages","Brain","Non-malignant brain","421","Age-standardised","9.3","8.4","10.3",NA
2013,"Males","All ages","Government Office Region","E12000008","South East","All quintiles","All stages","Brain","Non-malignant brain","281","Non-standardised","6.5","5.8","7.3",NA
2013,"Males","All ages","Government Office Region","E12000008","South East","All quintiles","All stages","Brain","Non-malignant brain","281","Age-standardised","7.2","6.4","8.1",NA
2014,"Females","All ages","Government Office Region","E12000008","South East","All quintiles","All stages","Brain","Non-malignant brain","479","Non-standardised","10.6","9.7","11.6",NA
2014,"Females","All ages","Government Office Region","E12000008","South East","All quintiles","All stages","Brain","Non-malignant brain","479","Age-standardised","10.6","9.7","11.6",NA
2014,"Males","All ages","Government Office Region","E12000008","South East","All quintiles","All stages","Brain","Non-malignant brain","254","Non-standardised","5.8","5.1","6.6",NA
2014,"Males","All ages","Government Office Region","E12000008","South East","All quintiles","All stages","Brain","Non-malignant brain","254","Age-standardised","6.2","5.5","7.1",NA
2015,"Females","All ages","Government Office Region","E12000008","South East","All quintiles","All stages","Brain","Non-malignant brain","452","Non-standardised","9.9","9","10.9",NA
2015,"Females","All ages","Government Office Region","E12000008","South East","All quintiles","All stages","Brain","Non-malignant brain","452","Age-standardised","9.9","9","10.9",NA
2015,"Males","All ages","Government Office Region","E12000008","South East","All quintiles","All stages","Brain","Non-malignant brain","235","Non-standardised","5.3","4.7","6.1",NA
2015,"Males","All ages","Government Office Region","E12000008","South East","All quintiles","All stages","Brain","Non-malignant brain","235","Age-standardised","5.7","5","6.5",NA
2016,"Females","All ages","Government Office Region","E12000008","South East","All quintiles","All stages","Brain","Non-malignant brain","411","Non-standardised","8.9","8.1","9.8",NA
2016,"Females","All ages","Government Office Region","E12000008","South East","All quintiles","All stages","Brain","Non-malignant brain","411","Age-standardised","8.9","8.1","9.8",NA
2016,"Males","All ages","Government Office Region","E12000008","South East","All quintiles","All stages","Brain","Non-malignant brain","211","Non-standardised","4.7","4.1","5.4",NA
2016,"Males","All ages","Government Office Region","E12000008","South East","All quintiles","All stages","Brain","Non-malignant brain","211","Age-standardised","5.1","4.4","5.9",NA
2017,"Females","All ages","Government Office Region","E12000008","South East","All quintiles","All stages","Brain","Non-malignant brain","412","Non-standardised","8.9","8","9.8",NA
2017,"Females","All ages","Government Office Region","E12000008","South East","All quintiles","All stages","Brain","Non-malignant brain","412","Age-standardised","8.8","7.9","9.7",NA
2017,"Males","All ages","Government Office Region","E12000008","South East","All quintiles","All stages","Brain","Non-malignant brain","235","Non-standardised","5.3","4.6","6",NA
2017,"Males","All ages","Government Office Region","E12000008","South East","All quintiles","All stages","Brain","Non-malignant brain","235","Age-standardised","5.6","4.9","6.3",NA
2018,"Females","All ages","Government Office Region","E12000008","South East","All quintiles","All stages","Brain","Non-malignant brain","409","Non-standardised","8.8","7.9","9.7",NA
2018,"Females","All ages","Government Office Region","E12000008","South East","All quintiles","All stages","Brain","Non-malignant brain","409","Age-standardised","8.7","7.8","9.5",NA
2018,"Males","All ages","Government Office Region","E12000008","South East","All quintiles","All stages","Brain","Non-malignant brain","231","Non-standardised","5.1","4.5","5.9",NA
2018,"Males","All ages","Government Office Region","E12000008","South East","All quintiles","All stages","Brain","Non-malignant brain","231","Age-standardised","5.5","4.8","6.2",NA
2019,"Females","All ages","Government Office Region","E12000008","South East","All quintiles","All stages","Brain","Non-malignant brain","371","Non-standardised","7.9","7.1","8.8",NA
2019,"Females","All ages","Government Office Region","E12000008","South East","All quintiles","All stages","Brain","Non-malignant brain","371","Age-standardised","7.7","7","8.6",NA
2019,"Males","All ages","Government Office Region","E12000008","South East","All quintiles","All stages","Brain","Non-malignant brain","235","Non-standardised","5.2","4.6","5.9",NA
2019,"Males","All ages","Government Office Region","E12000008","South East","All quintiles","All stages","Brain","Non-malignant brain","235","Age-standardised","5.4","4.8","6.2",NA
2020,"Females","All ages","Government Office Region","E12000008","South East","All quintiles","All stages","Brain","Non-malignant brain","361","Non-standardised","7.7","6.9","8.5",NA
2020,"Females","All ages","Government Office Region","E12000008","South East","All quintiles","All stages","Brain","Non-malignant brain","361","Age-standardised","7.4","6.6","8.2",NA
2020,"Males","All ages","Government Office Region","E12000008","South East","All quintiles","All stages","Brain","Non-malignant brain","208","Non-standardised","4.6","4","5.3",NA
2020,"Males","All ages","Government Office Region","E12000008","South East","All quintiles","All stages","Brain","Non-malignant brain","208","Age-standardised","4.8","4.2","5.5",NA
2021,"Females","All ages","Government Office Region","E12000008","South East","All quintiles","All stages","Brain","Non-malignant brain","340","Non-standardised","7.2","6.4","8",NA
2021,"Females","All ages","Government Office Region","E12000008","South East","All quintiles","All stages","Brain","Non-malignant brain","340","Age-standardised","7","6.2","7.8",NA
2021,"Males","All ages","Government Office Region","E12000008","South East","All quintiles","All stages","Brain","Non-malignant brain","212","Non-standardised","4.7","4.1","5.3",NA
2021,"Males","All ages","Government Office Region","E12000008","South East","All quintiles","All stages","Brain","Non-malignant brain","212","Age-standardised","4.8","4.2","5.5",NA
2022,"Females","All ages","Government Office Region","E12000008","South East","All quintiles","All stages","Brain","Non-malignant brain","349","Non-standardised","7.3","6.5","8.1",NA
2022,"Females","All ages","Government Office Region","E12000008","South East","All quintiles","All stages","Brain","Non-malignant brain","349","Age-standardised","7","6.3","7.8",NA
2022,"Males","All ages","Government Office Region","E12000008","South East","All quintiles","All stages","Brain","Non-malignant brain","169","Non-standardised","3.7","3.1","4.3",NA
2022,"Males","All ages","Government Office Region","E12000008","South East","All quintiles","All stages","Brain","Non-malignant brain","169","Age-standardised","3.8","3.2","4.4",NA
2013,"Females","All ages","Government Office Region","E12000008","South East","All quintiles","All stages","Brain","All Brain","899","Non-standardised","20.1","18.8","21.4",NA
2013,"Females","All ages","Government Office Region","E12000008","South East","All quintiles","All stages","Brain","All Brain","899","Age-standardised","20.1","18.8","21.5",NA
2013,"Males","All ages","Government Office Region","E12000008","South East","All quintiles","All stages","Brain","All Brain","862","Non-standardised","19.9","18.6","21.3",NA
2013,"Males","All ages","Government Office Region","E12000008","South East","All quintiles","All stages","Brain","All Brain","862","Age-standardised","21.9","20.5","23.4",NA
2014,"Females","All ages","Government Office Region","E12000008","South East","All quintiles","All stages","Brain","All Brain","906","Non-standardised","20","18.7","21.4",NA
2014,"Females","All ages","Government Office Region","E12000008","South East","All quintiles","All stages","Brain","All Brain","906","Age-standardised","20.1","18.8","21.5",NA
2014,"Males","All ages","Government Office Region","E12000008","South East","All quintiles","All stages","Brain","All Brain","832","Non-standardised","19.1","17.8","20.4",NA
2014,"Males","All ages","Government Office Region","E12000008","South East","All quintiles","All stages","Brain","All Brain","832","Age-standardised","20.5","19.1","21.9",NA
2015,"Females","All ages","Government Office Region","E12000008","South East","All quintiles","All stages","Brain","All Brain","871","Non-standardised","19.1","17.8","20.4",NA
2015,"Females","All ages","Government Office Region","E12000008","South East","All quintiles","All stages","Brain","All Brain","871","Age-standardised","19.1","17.8","20.4",NA
2015,"Males","All ages","Government Office Region","E12000008","South East","All quintiles","All stages","Brain","All Brain","842","Non-standardised","19.1","17.8","20.5",NA
2015,"Males","All ages","Government Office Region","E12000008","South East","All quintiles","All stages","Brain","All Brain","842","Age-standardised","20.5","19.2","22",NA
2016,"Females","All ages","Government Office Region","E12000008","South East","All quintiles","All stages","Brain","All Brain","854","Non-standardised","18.5","17.3","19.8",NA
2016,"Females","All ages","Government Office Region","E12000008","South East","All quintiles","All stages","Brain","All Brain","854","Age-standardised","18.5","17.3","19.8",NA
2016,"Males","All ages","Government Office Region","E12000008","South East","All quintiles","All stages","Brain","All Brain","767","Non-standardised","17.3","16.1","18.5",NA
2016,"Males","All ages","Government Office Region","E12000008","South East","All quintiles","All stages","Brain","All Brain","767","Age-standardised","18.5","17.2","19.8",NA
2017,"Females","All ages","Government Office Region","E12000008","South East","All quintiles","All stages","Brain","All Brain","862","Non-standardised","18.6","17.4","19.9",NA
2017,"Females","All ages","Government Office Region","E12000008","South East","All quintiles","All stages","Brain","All Brain","862","Age-standardised","18.4","17.2","19.7",NA
2017,"Males","All ages","Government Office Region","E12000008","South East","All quintiles","All stages","Brain","All Brain","857","Non-standardised","19.2","17.9","20.5",NA
2017,"Males","All ages","Government Office Region","E12000008","South East","All quintiles","All stages","Brain","All Brain","857","Age-standardised","20.3","18.9","21.7",NA
2018,"Females","All ages","Government Office Region","E12000008","South East","All quintiles","All stages","Brain","All Brain","824","Non-standardised","17.7","16.5","18.9",NA
2018,"Females","All ages","Government Office Region","E12000008","South East","All quintiles","All stages","Brain","All Brain","824","Age-standardised","17.4","16.2","18.7",NA
2018,"Males","All ages","Government Office Region","E12000008","South East","All quintiles","All stages","Brain","All Brain","803","Non-standardised","17.9","16.7","19.2",NA
2018,"Males","All ages","Government Office Region","E12000008","South East","All quintiles","All stages","Brain","All Brain","803","Age-standardised","18.9","17.6","20.2",NA
2019,"Females","All ages","Government Office Region","E12000008","South East","All quintiles","All stages","Brain","All Brain","819","Non-standardised","17.5","16.3","18.7",NA
2019,"Females","All ages","Government Office Region","E12000008","South East","All quintiles","All stages","Brain","All Brain","819","Age-standardised","17.1","15.9","18.3",NA
2019,"Males","All ages","Government Office Region","E12000008","South East","All quintiles","All stages","Brain","All Brain","786","Non-standardised","17.5","16.3","18.7",NA
2019,"Males","All ages","Government Office Region","E12000008","South East","All quintiles","All stages","Brain","All Brain","786","Age-standardised","18.2","17","19.5",NA
2020,"Females","All ages","Government Office Region","E12000008","South East","All quintiles","All stages","Brain","All Brain","757","Non-standardised","16.1","15","17.3",NA
2020,"Females","All ages","Government Office Region","E12000008","South East","All quintiles","All stages","Brain","All Brain","757","Age-standardised","15.5","14.4","16.7",NA
2020,"Males","All ages","Government Office Region","E12000008","South East","All quintiles","All stages","Brain","All Brain","776","Non-standardised","17.2","16","18.4",NA
2020,"Males","All ages","Government Office Region","E12000008","South East","All quintiles","All stages","Brain","All Brain","776","Age-standardised","17.8","16.6","19.1",NA
2021,"Females","All ages","Government Office Region","E12000008","South East","All quintiles","All stages","Brain","All Brain","742","Non-standardised","15.6","14.5","16.8",NA
2021,"Females","All ages","Government Office Region","E12000008","South East","All quintiles","All stages","Brain","All Brain","742","Age-standardised","15.2","14.2","16.4",NA
2021,"Males","All ages","Government Office Region","E12000008","South East","All quintiles","All stages","Brain","All Brain","768","Non-standardised","16.9","15.7","18.1",NA
2021,"Males","All ages","Government Office Region","E12000008","South East","All quintiles","All stages","Brain","All Brain","768","Age-standardised","17.4","16.2","18.7",NA
2022,"Females","All ages","Government Office Region","E12000008","South East","All quintiles","All stages","Brain","All Brain","754","Non-standardised","15.7","14.6","16.9",NA
2022,"Females","All ages","Government Office Region","E12000008","South East","All quintiles","All stages","Brain","All Brain","754","Age-standardised","15.2","14.1","16.3",NA
2022,"Males","All ages","Government Office Region","E12000008","South East","All quintiles","All stages","Brain","All Brain","707","Non-standardised","15.4","14.3","16.6",NA
2022,"Males","All ages","Government Office Region","E12000008","South East","All quintiles","All stages","Brain","All Brain","707","Age-standardised","15.8","14.7","17",NA
2013,"Females","All ages","Government Office Region","E12000009","South West","All quintiles","All stages","Brain","Benign endocrine","45","Non-standardised","1.6","1.2","2.2",NA
2013,"Females","All ages","Government Office Region","E12000009","South West","All quintiles","All stages","Brain","Benign endocrine","45","Age-standardised","1.6","1.2","2.1",NA
2013,"Males","All ages","Government Office Region","E12000009","South West","All quintiles","All stages","Brain","Benign endocrine","43","Non-standardised","1.6","1.2","2.2",NA
2013,"Males","All ages","Government Office Region","E12000009","South West","All quintiles","All stages","Brain","Benign endocrine","43","Age-standardised","1.7","1.2","2.3",NA
2014,"Females","All ages","Government Office Region","E12000009","South West","All quintiles","All stages","Brain","Benign endocrine","43","Non-standardised","1.6","1.1","2.1",NA
2014,"Females","All ages","Government Office Region","E12000009","South West","All quintiles","All stages","Brain","Benign endocrine","43","Age-standardised","1.5","1.1","2",NA
2014,"Males","All ages","Government Office Region","E12000009","South West","All quintiles","All stages","Brain","Benign endocrine","53","Non-standardised","2","1.5","2.6",NA
2014,"Males","All ages","Government Office Region","E12000009","South West","All quintiles","All stages","Brain","Benign endocrine","53","Age-standardised","2.1","1.5","2.7",NA
2015,"Females","All ages","Government Office Region","E12000009","South West","All quintiles","All stages","Brain","Benign endocrine","40","Non-standardised","1.4","1","2",NA
2015,"Females","All ages","Government Office Region","E12000009","South West","All quintiles","All stages","Brain","Benign endocrine","40","Age-standardised","1.4","1","2",NA
2015,"Males","All ages","Government Office Region","E12000009","South West","All quintiles","All stages","Brain","Benign endocrine","56","Non-standardised","2.1","1.6","2.7",NA
2015,"Males","All ages","Government Office Region","E12000009","South West","All quintiles","All stages","Brain","Benign endocrine","56","Age-standardised","2.1","1.6","2.8",NA
2016,"Females","All ages","Government Office Region","E12000009","South West","All quintiles","All stages","Brain","Benign endocrine","38","Non-standardised","1.3","1","1.9",NA
2016,"Females","All ages","Government Office Region","E12000009","South West","All quintiles","All stages","Brain","Benign endocrine","38","Age-standardised","1.3","0.9","1.8",NA
2016,"Males","All ages","Government Office Region","E12000009","South West","All quintiles","All stages","Brain","Benign endocrine","58","Non-standardised","2.1","1.6","2.8",NA
2016,"Males","All ages","Government Office Region","E12000009","South West","All quintiles","All stages","Brain","Benign endocrine","58","Age-standardised","2.2","1.6","2.8",NA
2017,"Females","All ages","Government Office Region","E12000009","South West","All quintiles","All stages","Brain","Benign endocrine","47","Non-standardised","1.7","1.2","2.2",NA
2017,"Females","All ages","Government Office Region","E12000009","South West","All quintiles","All stages","Brain","Benign endocrine","47","Age-standardised","1.6","1.2","2.1",NA
2017,"Males","All ages","Government Office Region","E12000009","South West","All quintiles","All stages","Brain","Benign endocrine","62","Non-standardised","2.3","1.7","2.9",NA
2017,"Males","All ages","Government Office Region","E12000009","South West","All quintiles","All stages","Brain","Benign endocrine","62","Age-standardised","2.3","1.7","2.9",NA
2018,"Females","All ages","Government Office Region","E12000009","South West","All quintiles","All stages","Brain","Benign endocrine","52","Non-standardised","1.8","1.4","2.4",NA
2018,"Females","All ages","Government Office Region","E12000009","South West","All quintiles","All stages","Brain","Benign endocrine","52","Age-standardised","1.8","1.3","2.3",NA
2018,"Males","All ages","Government Office Region","E12000009","South West","All quintiles","All stages","Brain","Benign endocrine","54","Non-standardised","2","1.5","2.6",NA
2018,"Males","All ages","Government Office Region","E12000009","South West","All quintiles","All stages","Brain","Benign endocrine","54","Age-standardised","1.9","1.5","2.5",NA
2019,"Females","All ages","Government Office Region","E12000009","South West","All quintiles","All stages","Brain","Benign endocrine","42","Non-standardised","1.5","1.1","2",NA
2019,"Females","All ages","Government Office Region","E12000009","South West","All quintiles","All stages","Brain","Benign endocrine","42","Age-standardised","1.4","1","1.9",NA
2019,"Males","All ages","Government Office Region","E12000009","South West","All quintiles","All stages","Brain","Benign endocrine","56","Non-standardised","2","1.5","2.6",NA
2019,"Males","All ages","Government Office Region","E12000009","South West","All quintiles","All stages","Brain","Benign endocrine","56","Age-standardised","2","1.5","2.6",NA
2020,"Females","All ages","Government Office Region","E12000009","South West","All quintiles","All stages","Brain","Benign endocrine","46","Non-standardised","1.6","1.2","2.1",NA
2020,"Females","All ages","Government Office Region","E12000009","South West","All quintiles","All stages","Brain","Benign endocrine","46","Age-standardised","1.6","1.1","2.1",NA
2020,"Males","All ages","Government Office Region","E12000009","South West","All quintiles","All stages","Brain","Benign endocrine","52","Non-standardised","1.9","1.4","2.5",NA
2020,"Males","All ages","Government Office Region","E12000009","South West","All quintiles","All stages","Brain","Benign endocrine","52","Age-standardised","1.8","1.4","2.4",NA
2021,"Females","All ages","Government Office Region","E12000009","South West","All quintiles","All stages","Brain","Benign endocrine","52","Non-standardised","1.8","1.3","2.3",NA
2021,"Females","All ages","Government Office Region","E12000009","South West","All quintiles","All stages","Brain","Benign endocrine","52","Age-standardised","1.7","1.3","2.2",NA
2021,"Males","All ages","Government Office Region","E12000009","South West","All quintiles","All stages","Brain","Benign endocrine","60","Non-standardised","2.1","1.6","2.8",NA
2021,"Males","All ages","Government Office Region","E12000009","South West","All quintiles","All stages","Brain","Benign endocrine","60","Age-standardised","2.1","1.6","2.7",NA
2022,"Females","All ages","Government Office Region","E12000009","South West","All quintiles","All stages","Brain","Benign endocrine","54","Non-standardised","1.8","1.4","2.4",NA
2022,"Females","All ages","Government Office Region","E12000009","South West","All quintiles","All stages","Brain","Benign endocrine","54","Age-standardised","1.8","1.4","2.4",NA
2022,"Males","All ages","Government Office Region","E12000009","South West","All quintiles","All stages","Brain","Benign endocrine","70","Non-standardised","2.5","1.9","3.1",NA
2022,"Males","All ages","Government Office Region","E12000009","South West","All quintiles","All stages","Brain","Benign endocrine","70","Age-standardised","2.4","1.9","3",NA
2013,"Females","All ages","Government Office Region","E12000009","South West","All quintiles","All stages","Brain","Malignant brain","236","Non-standardised","8.6","7.6","9.8",NA
2013,"Females","All ages","Government Office Region","E12000009","South West","All quintiles","All stages","Brain","Malignant brain","236","Age-standardised","8.2","7.2","9.3",NA
2013,"Males","All ages","Government Office Region","E12000009","South West","All quintiles","All stages","Brain","Malignant brain","295","Non-standardised","11.2","10","12.5",NA
2013,"Males","All ages","Government Office Region","E12000009","South West","All quintiles","All stages","Brain","Malignant brain","295","Age-standardised","11.6","10.3","13",NA
2014,"Females","All ages","Government Office Region","E12000009","South West","All quintiles","All stages","Brain","Malignant brain","208","Non-standardised","7.5","6.5","8.6",NA
2014,"Females","All ages","Government Office Region","E12000009","South West","All quintiles","All stages","Brain","Malignant brain","208","Age-standardised","7.2","6.2","8.2",NA
2014,"Males","All ages","Government Office Region","E12000009","South West","All quintiles","All stages","Brain","Malignant brain","289","Non-standardised","10.9","9.7","12.2",NA
2014,"Males","All ages","Government Office Region","E12000009","South West","All quintiles","All stages","Brain","Malignant brain","289","Age-standardised","11.1","9.8","12.4",NA
2015,"Females","All ages","Government Office Region","E12000009","South West","All quintiles","All stages","Brain","Malignant brain","223","Non-standardised","8","7","9.1",NA
2015,"Females","All ages","Government Office Region","E12000009","South West","All quintiles","All stages","Brain","Malignant brain","223","Age-standardised","7.5","6.5","8.5",NA
2015,"Males","All ages","Government Office Region","E12000009","South West","All quintiles","All stages","Brain","Malignant brain","319","Non-standardised","11.9","10.6","13.3",NA
2015,"Males","All ages","Government Office Region","E12000009","South West","All quintiles","All stages","Brain","Malignant brain","319","Age-standardised","11.9","10.7","13.3",NA
2016,"Females","All ages","Government Office Region","E12000009","South West","All quintiles","All stages","Brain","Malignant brain","249","Non-standardised","8.8","7.8","10",NA
2016,"Females","All ages","Government Office Region","E12000009","South West","All quintiles","All stages","Brain","Malignant brain","249","Age-standardised","8.4","7.4","9.5",NA
2016,"Males","All ages","Government Office Region","E12000009","South West","All quintiles","All stages","Brain","Malignant brain","342","Non-standardised","12.6","11.3","14",NA
2016,"Males","All ages","Government Office Region","E12000009","South West","All quintiles","All stages","Brain","Malignant brain","342","Age-standardised","12.6","11.3","14.1",NA
2017,"Females","All ages","Government Office Region","E12000009","South West","All quintiles","All stages","Brain","Malignant brain","253","Non-standardised","8.9","7.8","10.1",NA
2017,"Females","All ages","Government Office Region","E12000009","South West","All quintiles","All stages","Brain","Malignant brain","253","Age-standardised","8.3","7.3","9.4",NA
2017,"Males","All ages","Government Office Region","E12000009","South West","All quintiles","All stages","Brain","Malignant brain","350","Non-standardised","12.8","11.5","14.2",NA
2017,"Males","All ages","Government Office Region","E12000009","South West","All quintiles","All stages","Brain","Malignant brain","350","Age-standardised","12.7","11.4","14.1",NA
2018,"Females","All ages","Government Office Region","E12000009","South West","All quintiles","All stages","Brain","Malignant brain","240","Non-standardised","8.4","7.4","9.5",NA
2018,"Females","All ages","Government Office Region","E12000009","South West","All quintiles","All stages","Brain","Malignant brain","240","Age-standardised","7.8","6.8","8.9",NA
2018,"Males","All ages","Government Office Region","E12000009","South West","All quintiles","All stages","Brain","Malignant brain","330","Non-standardised","12","10.7","13.4",NA
2018,"Males","All ages","Government Office Region","E12000009","South West","All quintiles","All stages","Brain","Malignant brain","330","Age-standardised","11.9","10.6","13.2",NA
2019,"Females","All ages","Government Office Region","E12000009","South West","All quintiles","All stages","Brain","Malignant brain","231","Non-standardised","8","7","9.1",NA
2019,"Females","All ages","Government Office Region","E12000009","South West","All quintiles","All stages","Brain","Malignant brain","231","Age-standardised","7.4","6.5","8.5",NA
2019,"Males","All ages","Government Office Region","E12000009","South West","All quintiles","All stages","Brain","Malignant brain","353","Non-standardised","12.8","11.5","14.2",NA
2019,"Males","All ages","Government Office Region","E12000009","South West","All quintiles","All stages","Brain","Malignant brain","353","Age-standardised","12.4","11.2","13.8",NA
2020,"Females","All ages","Government Office Region","E12000009","South West","All quintiles","All stages","Brain","Malignant brain","231","Non-standardised","8","7","9.1",NA
2020,"Females","All ages","Government Office Region","E12000009","South West","All quintiles","All stages","Brain","Malignant brain","231","Age-standardised","7.4","6.4","8.4",NA
2020,"Males","All ages","Government Office Region","E12000009","South West","All quintiles","All stages","Brain","Malignant brain","332","Non-standardised","12","10.7","13.3",NA
2020,"Males","All ages","Government Office Region","E12000009","South West","All quintiles","All stages","Brain","Malignant brain","332","Age-standardised","11.6","10.4","12.9",NA
2021,"Females","All ages","Government Office Region","E12000009","South West","All quintiles","All stages","Brain","Malignant brain","262","Non-standardised","9","7.9","10.1",NA
2021,"Females","All ages","Government Office Region","E12000009","South West","All quintiles","All stages","Brain","Malignant brain","262","Age-standardised","8.1","7.1","9.2",NA
2021,"Males","All ages","Government Office Region","E12000009","South West","All quintiles","All stages","Brain","Malignant brain","324","Non-standardised","11.6","10.4","12.9",NA
2021,"Males","All ages","Government Office Region","E12000009","South West","All quintiles","All stages","Brain","Malignant brain","324","Age-standardised","11.2","10","12.4",NA
2022,"Females","All ages","Government Office Region","E12000009","South West","All quintiles","All stages","Brain","Malignant brain","262","Non-standardised","8.9","7.9","10",NA
2022,"Females","All ages","Government Office Region","E12000009","South West","All quintiles","All stages","Brain","Malignant brain","262","Age-standardised","8","7.1","9.1",NA
2022,"Males","All ages","Government Office Region","E12000009","South West","All quintiles","All stages","Brain","Malignant brain","325","Non-standardised","11.5","10.3","12.8",NA
2022,"Males","All ages","Government Office Region","E12000009","South West","All quintiles","All stages","Brain","Malignant brain","325","Age-standardised","11","9.9","12.3",NA
2013,"Females","All ages","Government Office Region","E12000009","South West","All quintiles","All stages","Brain","Non-benign endocrine","11","Non-standardised","0.4","0.2","0.7",NA
2013,"Females","All ages","Government Office Region","E12000009","South West","All quintiles","All stages","Brain","Non-benign endocrine","11","Age-standardised","0.4","0.2","0.7","[note1]"
2013,"Males","All ages","Government Office Region","E12000009","South West","All quintiles","All stages","Brain","Non-benign endocrine","7","Non-standardised","0.3","0.1","0.5",NA
2013,"Males","All ages","Government Office Region","E12000009","South West","All quintiles","All stages","Brain","Non-benign endocrine","7","Age-standardised","[u]","[u]","[u]","[note2]"
2014,"Females","All ages","Government Office Region","E12000009","South West","All quintiles","All stages","Brain","Non-benign endocrine","13","Non-standardised","0.5","0.3","0.8",NA
2014,"Females","All ages","Government Office Region","E12000009","South West","All quintiles","All stages","Brain","Non-benign endocrine","13","Age-standardised","0.5","0.2","0.8","[note1]"
2014,"Males","All ages","Government Office Region","E12000009","South West","All quintiles","All stages","Brain","Non-benign endocrine","5","Non-standardised","0.2","0.1","0.4",NA
2014,"Males","All ages","Government Office Region","E12000009","South West","All quintiles","All stages","Brain","Non-benign endocrine","5","Age-standardised","[u]","[u]","[u]","[note2]"
2015,"Females","All ages","Government Office Region","E12000009","South West","All quintiles","All stages","Brain","Non-benign endocrine","6","Non-standardised","0.2","0.1","0.5",NA
2015,"Females","All ages","Government Office Region","E12000009","South West","All quintiles","All stages","Brain","Non-benign endocrine","6","Age-standardised","[u]","[u]","[u]","[note2]"
2015,"Males","All ages","Government Office Region","E12000009","South West","All quintiles","All stages","Brain","Non-benign endocrine","14","Non-standardised","0.5","0.3","0.9",NA
2015,"Males","All ages","Government Office Region","E12000009","South West","All quintiles","All stages","Brain","Non-benign endocrine","14","Age-standardised","0.5","0.3","0.9","[note1]"
2016,"Females","All ages","Government Office Region","E12000009","South West","All quintiles","All stages","Brain","Non-benign endocrine","2","Non-standardised","[u]","[u]","[u]","[note2]"
2016,"Females","All ages","Government Office Region","E12000009","South West","All quintiles","All stages","Brain","Non-benign endocrine","2","Age-standardised","[u]","[u]","[u]","[note2]"
2016,"Males","All ages","Government Office Region","E12000009","South West","All quintiles","All stages","Brain","Non-benign endocrine","9","Non-standardised","0.3","0.2","0.6",NA
2016,"Males","All ages","Government Office Region","E12000009","South West","All quintiles","All stages","Brain","Non-benign endocrine","9","Age-standardised","[u]","[u]","[u]","[note2]"
2017,"Females","All ages","Government Office Region","E12000009","South West","All quintiles","All stages","Brain","Non-benign endocrine","11","Non-standardised","0.4","0.2","0.7",NA
2017,"Females","All ages","Government Office Region","E12000009","South West","All quintiles","All stages","Brain","Non-benign endocrine","11","Age-standardised","0.4","0.2","0.7","[note1]"
2017,"Males","All ages","Government Office Region","E12000009","South West","All quintiles","All stages","Brain","Non-benign endocrine","15","Non-standardised","0.5","0.3","0.9",NA
2017,"Males","All ages","Government Office Region","E12000009","South West","All quintiles","All stages","Brain","Non-benign endocrine","15","Age-standardised","0.5","0.3","0.9","[note1]"
2018,"Females","All ages","Government Office Region","E12000009","South West","All quintiles","All stages","Brain","Non-benign endocrine","4","Non-standardised","0.1","0","0.4",NA
2018,"Females","All ages","Government Office Region","E12000009","South West","All quintiles","All stages","Brain","Non-benign endocrine","4","Age-standardised","[u]","[u]","[u]","[note2]"
2018,"Males","All ages","Government Office Region","E12000009","South West","All quintiles","All stages","Brain","Non-benign endocrine","9","Non-standardised","0.3","0.1","0.6",NA
2018,"Males","All ages","Government Office Region","E12000009","South West","All quintiles","All stages","Brain","Non-benign endocrine","9","Age-standardised","[u]","[u]","[u]","[note2]"
2019,"Females","All ages","Government Office Region","E12000009","South West","All quintiles","All stages","Brain","Non-benign endocrine","6","Non-standardised","0.2","0.1","0.5",NA
2019,"Females","All ages","Government Office Region","E12000009","South West","All quintiles","All stages","Brain","Non-benign endocrine","6","Age-standardised","[u]","[u]","[u]","[note2]"
2019,"Males","All ages","Government Office Region","E12000009","South West","All quintiles","All stages","Brain","Non-benign endocrine","13","Non-standardised","0.5","0.3","0.8",NA
2019,"Males","All ages","Government Office Region","E12000009","South West","All quintiles","All stages","Brain","Non-benign endocrine","13","Age-standardised","0.5","0.2","0.8","[note1]"
2020,"Females","All ages","Government Office Region","E12000009","South West","All quintiles","All stages","Brain","Non-benign endocrine","9","Non-standardised","0.3","0.1","0.6",NA
2020,"Females","All ages","Government Office Region","E12000009","South West","All quintiles","All stages","Brain","Non-benign endocrine","9","Age-standardised","[u]","[u]","[u]","[note2]"
2020,"Males","All ages","Government Office Region","E12000009","South West","All quintiles","All stages","Brain","Non-benign endocrine","9","Non-standardised","0.3","0.1","0.6",NA
2020,"Males","All ages","Government Office Region","E12000009","South West","All quintiles","All stages","Brain","Non-benign endocrine","9","Age-standardised","[u]","[u]","[u]","[note2]"
2021,"Females","All ages","Government Office Region","E12000009","South West","All quintiles","All stages","Brain","Non-benign endocrine","7","Non-standardised","0.2","0.1","0.5",NA
2021,"Females","All ages","Government Office Region","E12000009","South West","All quintiles","All stages","Brain","Non-benign endocrine","7","Age-standardised","[u]","[u]","[u]","[note2]"
2021,"Males","All ages","Government Office Region","E12000009","South West","All quintiles","All stages","Brain","Non-benign endocrine","6","Non-standardised","0.2","0.1","0.5",NA
2021,"Males","All ages","Government Office Region","E12000009","South West","All quintiles","All stages","Brain","Non-benign endocrine","6","Age-standardised","[u]","[u]","[u]","[note2]"
2022,"Females","All ages","Government Office Region","E12000009","South West","All quintiles","All stages","Brain","Non-benign endocrine","10","Non-standardised","0.3","0.2","0.6",NA
2022,"Females","All ages","Government Office Region","E12000009","South West","All quintiles","All stages","Brain","Non-benign endocrine","10","Age-standardised","0.4","0.2","0.6","[note1]"
2022,"Males","All ages","Government Office Region","E12000009","South West","All quintiles","All stages","Brain","Non-benign endocrine","11","Non-standardised","0.4","0.2","0.7",NA
2022,"Males","All ages","Government Office Region","E12000009","South West","All quintiles","All stages","Brain","Non-benign endocrine","11","Age-standardised","0.4","0.2","0.7","[note1]"
2013,"Females","All ages","Government Office Region","E12000009","South West","All quintiles","All stages","Brain","Non-malignant brain","390","Non-standardised","14.2","12.9","15.7",NA
2013,"Females","All ages","Government Office Region","E12000009","South West","All quintiles","All stages","Brain","Non-malignant brain","390","Age-standardised","13.3","12","14.7",NA
2013,"Males","All ages","Government Office Region","E12000009","South West","All quintiles","All stages","Brain","Non-malignant brain","182","Non-standardised","6.9","5.9","8",NA
2013,"Males","All ages","Government Office Region","E12000009","South West","All quintiles","All stages","Brain","Non-malignant brain","182","Age-standardised","7","6.1","8.2",NA
2014,"Females","All ages","Government Office Region","E12000009","South West","All quintiles","All stages","Brain","Non-malignant brain","373","Non-standardised","13.5","12.2","14.9",NA
2014,"Females","All ages","Government Office Region","E12000009","South West","All quintiles","All stages","Brain","Non-malignant brain","373","Age-standardised","12.7","11.4","14",NA
2014,"Males","All ages","Government Office Region","E12000009","South West","All quintiles","All stages","Brain","Non-malignant brain","184","Non-standardised","6.9","6","8",NA
2014,"Males","All ages","Government Office Region","E12000009","South West","All quintiles","All stages","Brain","Non-malignant brain","184","Age-standardised","7.1","6.1","8.2",NA
2015,"Females","All ages","Government Office Region","E12000009","South West","All quintiles","All stages","Brain","Non-malignant brain","365","Non-standardised","13.1","11.8","14.5",NA
2015,"Females","All ages","Government Office Region","E12000009","South West","All quintiles","All stages","Brain","Non-malignant brain","365","Age-standardised","12.3","11.1","13.7",NA
2015,"Males","All ages","Government Office Region","E12000009","South West","All quintiles","All stages","Brain","Non-malignant brain","215","Non-standardised","8","7","9.2",NA
2015,"Males","All ages","Government Office Region","E12000009","South West","All quintiles","All stages","Brain","Non-malignant brain","215","Age-standardised","8.2","7.1","9.3",NA
2016,"Females","All ages","Government Office Region","E12000009","South West","All quintiles","All stages","Brain","Non-malignant brain","422","Non-standardised","15","13.6","16.5",NA
2016,"Females","All ages","Government Office Region","E12000009","South West","All quintiles","All stages","Brain","Non-malignant brain","422","Age-standardised","14","12.7","15.5",NA
2016,"Males","All ages","Government Office Region","E12000009","South West","All quintiles","All stages","Brain","Non-malignant brain","213","Non-standardised","7.9","6.8","9",NA
2016,"Males","All ages","Government Office Region","E12000009","South West","All quintiles","All stages","Brain","Non-malignant brain","213","Age-standardised","7.9","6.9","9.1",NA
2017,"Females","All ages","Government Office Region","E12000009","South West","All quintiles","All stages","Brain","Non-malignant brain","423","Non-standardised","14.9","13.5","16.4",NA
2017,"Females","All ages","Government Office Region","E12000009","South West","All quintiles","All stages","Brain","Non-malignant brain","423","Age-standardised","14","12.7","15.4",NA
2017,"Males","All ages","Government Office Region","E12000009","South West","All quintiles","All stages","Brain","Non-malignant brain","244","Non-standardised","8.9","7.8","10.1",NA
2017,"Males","All ages","Government Office Region","E12000009","South West","All quintiles","All stages","Brain","Non-malignant brain","244","Age-standardised","8.9","7.8","10.1",NA
2018,"Females","All ages","Government Office Region","E12000009","South West","All quintiles","All stages","Brain","Non-malignant brain","464","Non-standardised","16.2","14.8","17.8",NA
2018,"Females","All ages","Government Office Region","E12000009","South West","All quintiles","All stages","Brain","Non-malignant brain","464","Age-standardised","15.1","13.8","16.6",NA
2018,"Males","All ages","Government Office Region","E12000009","South West","All quintiles","All stages","Brain","Non-malignant brain","220","Non-standardised","8","7","9.1",NA
2018,"Males","All ages","Government Office Region","E12000009","South West","All quintiles","All stages","Brain","Non-malignant brain","220","Age-standardised","7.9","6.9","9.1",NA
2019,"Females","All ages","Government Office Region","E12000009","South West","All quintiles","All stages","Brain","Non-malignant brain","454","Non-standardised","15.8","14.3","17.3",NA
2019,"Females","All ages","Government Office Region","E12000009","South West","All quintiles","All stages","Brain","Non-malignant brain","454","Age-standardised","14.4","13.1","15.8",NA
2019,"Males","All ages","Government Office Region","E12000009","South West","All quintiles","All stages","Brain","Non-malignant brain","235","Non-standardised","8.5","7.5","9.7",NA
2019,"Males","All ages","Government Office Region","E12000009","South West","All quintiles","All stages","Brain","Non-malignant brain","235","Age-standardised","8.3","7.3","9.5",NA
2020,"Females","All ages","Government Office Region","E12000009","South West","All quintiles","All stages","Brain","Non-malignant brain","328","Non-standardised","11.3","10.2","12.6",NA
2020,"Females","All ages","Government Office Region","E12000009","South West","All quintiles","All stages","Brain","Non-malignant brain","328","Age-standardised","10.4","9.3","11.6",NA
2020,"Males","All ages","Government Office Region","E12000009","South West","All quintiles","All stages","Brain","Non-malignant brain","230","Non-standardised","8.3","7.3","9.4",NA
2020,"Males","All ages","Government Office Region","E12000009","South West","All quintiles","All stages","Brain","Non-malignant brain","230","Age-standardised","8.1","7.1","9.2",NA
2021,"Females","All ages","Government Office Region","E12000009","South West","All quintiles","All stages","Brain","Non-malignant brain","419","Non-standardised","14.4","13","15.8",NA
2021,"Females","All ages","Government Office Region","E12000009","South West","All quintiles","All stages","Brain","Non-malignant brain","419","Age-standardised","13","11.8","14.4",NA
2021,"Males","All ages","Government Office Region","E12000009","South West","All quintiles","All stages","Brain","Non-malignant brain","241","Non-standardised","8.6","7.6","9.8",NA
2021,"Males","All ages","Government Office Region","E12000009","South West","All quintiles","All stages","Brain","Non-malignant brain","241","Age-standardised","8.4","7.4","9.5",NA
2022,"Females","All ages","Government Office Region","E12000009","South West","All quintiles","All stages","Brain","Non-malignant brain","444","Non-standardised","15.1","13.7","16.6",NA
2022,"Females","All ages","Government Office Region","E12000009","South West","All quintiles","All stages","Brain","Non-malignant brain","444","Age-standardised","13.7","12.4","15.1",NA
2022,"Males","All ages","Government Office Region","E12000009","South West","All quintiles","All stages","Brain","Non-malignant brain","237","Non-standardised","8.4","7.4","9.5",NA
2022,"Males","All ages","Government Office Region","E12000009","South West","All quintiles","All stages","Brain","Non-malignant brain","237","Age-standardised","8.1","7.1","9.2",NA
2013,"Females","All ages","Government Office Region","E12000009","South West","All quintiles","All stages","Brain","All Brain","682","Non-standardised","24.9","23.1","26.8",NA
2013,"Females","All ages","Government Office Region","E12000009","South West","All quintiles","All stages","Brain","All Brain","682","Age-standardised","23.5","21.7","25.3",NA
2013,"Males","All ages","Government Office Region","E12000009","South West","All quintiles","All stages","Brain","All Brain","527","Non-standardised","20","18.3","21.8",NA
2013,"Males","All ages","Government Office Region","E12000009","South West","All quintiles","All stages","Brain","All Brain","527","Age-standardised","20.5","18.8","22.4",NA
2014,"Females","All ages","Government Office Region","E12000009","South West","All quintiles","All stages","Brain","All Brain","637","Non-standardised","23","21.3","24.9",NA
2014,"Females","All ages","Government Office Region","E12000009","South West","All quintiles","All stages","Brain","All Brain","637","Age-standardised","21.8","20.1","23.5",NA
2014,"Males","All ages","Government Office Region","E12000009","South West","All quintiles","All stages","Brain","All Brain","531","Non-standardised","20","18.3","21.8",NA
2014,"Males","All ages","Government Office Region","E12000009","South West","All quintiles","All stages","Brain","All Brain","531","Age-standardised","20.4","18.7","22.2",NA
2015,"Females","All ages","Government Office Region","E12000009","South West","All quintiles","All stages","Brain","All Brain","634","Non-standardised","22.7","21","24.6",NA
2015,"Females","All ages","Government Office Region","E12000009","South West","All quintiles","All stages","Brain","All Brain","634","Age-standardised","21.5","19.8","23.2",NA
2015,"Males","All ages","Government Office Region","E12000009","South West","All quintiles","All stages","Brain","All Brain","604","Non-standardised","22.5","20.8","24.4",NA
2015,"Males","All ages","Government Office Region","E12000009","South West","All quintiles","All stages","Brain","All Brain","604","Age-standardised","22.7","21","24.6",NA
2016,"Females","All ages","Government Office Region","E12000009","South West","All quintiles","All stages","Brain","All Brain","711","Non-standardised","25.2","23.4","27.2",NA
2016,"Females","All ages","Government Office Region","E12000009","South West","All quintiles","All stages","Brain","All Brain","711","Age-standardised","23.8","22.1","25.6",NA
2016,"Males","All ages","Government Office Region","E12000009","South West","All quintiles","All stages","Brain","All Brain","622","Non-standardised","23","21.2","24.8",NA
2016,"Males","All ages","Government Office Region","E12000009","South West","All quintiles","All stages","Brain","All Brain","622","Age-standardised","23.1","21.3","24.9",NA
2017,"Females","All ages","Government Office Region","E12000009","South West","All quintiles","All stages","Brain","All Brain","734","Non-standardised","25.8","24","27.8",NA
2017,"Females","All ages","Government Office Region","E12000009","South West","All quintiles","All stages","Brain","All Brain","734","Age-standardised","24.2","22.5","26.1",NA
2017,"Males","All ages","Government Office Region","E12000009","South West","All quintiles","All stages","Brain","All Brain","671","Non-standardised","24.6","22.7","26.5",NA
2017,"Males","All ages","Government Office Region","E12000009","South West","All quintiles","All stages","Brain","All Brain","671","Age-standardised","24.4","22.6","26.3",NA
2018,"Females","All ages","Government Office Region","E12000009","South West","All quintiles","All stages","Brain","All Brain","760","Non-standardised","26.6","24.7","28.5",NA
2018,"Females","All ages","Government Office Region","E12000009","South West","All quintiles","All stages","Brain","All Brain","760","Age-standardised","24.8","23.1","26.7",NA
2018,"Males","All ages","Government Office Region","E12000009","South West","All quintiles","All stages","Brain","All Brain","613","Non-standardised","22.3","20.6","24.1",NA
2018,"Males","All ages","Government Office Region","E12000009","South West","All quintiles","All stages","Brain","All Brain","613","Age-standardised","22.1","20.3","23.9",NA
2019,"Females","All ages","Government Office Region","E12000009","South West","All quintiles","All stages","Brain","All Brain","733","Non-standardised","25.5","23.6","27.4",NA
2019,"Females","All ages","Government Office Region","E12000009","South West","All quintiles","All stages","Brain","All Brain","733","Age-standardised","23.5","21.8","25.3",NA
2019,"Males","All ages","Government Office Region","E12000009","South West","All quintiles","All stages","Brain","All Brain","657","Non-standardised","23.8","22","25.7",NA
2019,"Males","All ages","Government Office Region","E12000009","South West","All quintiles","All stages","Brain","All Brain","657","Age-standardised","23.3","21.5","25.1",NA
2020,"Females","All ages","Government Office Region","E12000009","South West","All quintiles","All stages","Brain","All Brain","614","Non-standardised","21.2","19.6","23",NA
2020,"Females","All ages","Government Office Region","E12000009","South West","All quintiles","All stages","Brain","All Brain","614","Age-standardised","19.6","18.1","21.3",NA
2020,"Males","All ages","Government Office Region","E12000009","South West","All quintiles","All stages","Brain","All Brain","623","Non-standardised","22.5","20.7","24.3",NA
2020,"Males","All ages","Government Office Region","E12000009","South West","All quintiles","All stages","Brain","All Brain","623","Age-standardised","21.8","20.1","23.6",NA
2021,"Females","All ages","Government Office Region","E12000009","South West","All quintiles","All stages","Brain","All Brain","740","Non-standardised","25.4","23.6","27.3",NA
2021,"Females","All ages","Government Office Region","E12000009","South West","All quintiles","All stages","Brain","All Brain","740","Age-standardised","23.1","21.4","24.8",NA
2021,"Males","All ages","Government Office Region","E12000009","South West","All quintiles","All stages","Brain","All Brain","631","Non-standardised","22.6","20.8","24.4",NA
2021,"Males","All ages","Government Office Region","E12000009","South West","All quintiles","All stages","Brain","All Brain","631","Age-standardised","21.8","20.2","23.6",NA
2022,"Females","All ages","Government Office Region","E12000009","South West","All quintiles","All stages","Brain","All Brain","770","Non-standardised","26.2","24.3","28.1",NA
2022,"Females","All ages","Government Office Region","E12000009","South West","All quintiles","All stages","Brain","All Brain","770","Age-standardised","23.9","22.2","25.7",NA
2022,"Males","All ages","Government Office Region","E12000009","South West","All quintiles","All stages","Brain","All Brain","643","Non-standardised","22.8","21","24.6",NA
2022,"Males","All ages","Government Office Region","E12000009","South West","All quintiles","All stages","Brain","All Brain","643","Age-standardised","21.9","20.2","23.7",NA
2013,"Females","All ages","Government Office Region","E12000005","West Midlands","All quintiles","All stages","Brain","Benign endocrine","29","Non-standardised","1","0.7","1.4",NA
2013,"Females","All ages","Government Office Region","E12000005","West Midlands","All quintiles","All stages","Brain","Benign endocrine","29","Age-standardised","1.1","0.7","1.5",NA
2013,"Males","All ages","Government Office Region","E12000005","West Midlands","All quintiles","All stages","Brain","Benign endocrine","53","Non-standardised","1.9","1.4","2.5",NA
2013,"Males","All ages","Government Office Region","E12000005","West Midlands","All quintiles","All stages","Brain","Benign endocrine","53","Age-standardised","2.1","1.6","2.8",NA
2014,"Females","All ages","Government Office Region","E12000005","West Midlands","All quintiles","All stages","Brain","Benign endocrine","42","Non-standardised","1.5","1","2",NA
2014,"Females","All ages","Government Office Region","E12000005","West Midlands","All quintiles","All stages","Brain","Benign endocrine","42","Age-standardised","1.5","1.1","2",NA
2014,"Males","All ages","Government Office Region","E12000005","West Midlands","All quintiles","All stages","Brain","Benign endocrine","43","Non-standardised","1.5","1.1","2.1",NA
2014,"Males","All ages","Government Office Region","E12000005","West Midlands","All quintiles","All stages","Brain","Benign endocrine","43","Age-standardised","1.7","1.2","2.2",NA
2015,"Females","All ages","Government Office Region","E12000005","West Midlands","All quintiles","All stages","Brain","Benign endocrine","39","Non-standardised","1.3","1","1.8",NA
2015,"Females","All ages","Government Office Region","E12000005","West Midlands","All quintiles","All stages","Brain","Benign endocrine","39","Age-standardised","1.4","1","1.9",NA
2015,"Males","All ages","Government Office Region","E12000005","West Midlands","All quintiles","All stages","Brain","Benign endocrine","54","Non-standardised","1.9","1.4","2.5",NA
2015,"Males","All ages","Government Office Region","E12000005","West Midlands","All quintiles","All stages","Brain","Benign endocrine","54","Age-standardised","2.1","1.6","2.7",NA
2016,"Females","All ages","Government Office Region","E12000005","West Midlands","All quintiles","All stages","Brain","Benign endocrine","31","Non-standardised","1.1","0.7","1.5",NA
2016,"Females","All ages","Government Office Region","E12000005","West Midlands","All quintiles","All stages","Brain","Benign endocrine","31","Age-standardised","1.1","0.7","1.5",NA
2016,"Males","All ages","Government Office Region","E12000005","West Midlands","All quintiles","All stages","Brain","Benign endocrine","48","Non-standardised","1.7","1.2","2.2",NA
2016,"Males","All ages","Government Office Region","E12000005","West Midlands","All quintiles","All stages","Brain","Benign endocrine","48","Age-standardised","1.8","1.3","2.4",NA
2017,"Females","All ages","Government Office Region","E12000005","West Midlands","All quintiles","All stages","Brain","Benign endocrine","47","Non-standardised","1.6","1.2","2.1",NA
2017,"Females","All ages","Government Office Region","E12000005","West Midlands","All quintiles","All stages","Brain","Benign endocrine","47","Age-standardised","1.6","1.2","2.2",NA
2017,"Males","All ages","Government Office Region","E12000005","West Midlands","All quintiles","All stages","Brain","Benign endocrine","64","Non-standardised","2.2","1.7","2.8",NA
2017,"Males","All ages","Government Office Region","E12000005","West Midlands","All quintiles","All stages","Brain","Benign endocrine","64","Age-standardised","2.4","1.8","3",NA
2018,"Females","All ages","Government Office Region","E12000005","West Midlands","All quintiles","All stages","Brain","Benign endocrine","54","Non-standardised","1.8","1.4","2.4",NA
2018,"Females","All ages","Government Office Region","E12000005","West Midlands","All quintiles","All stages","Brain","Benign endocrine","54","Age-standardised","1.8","1.4","2.4",NA
2018,"Males","All ages","Government Office Region","E12000005","West Midlands","All quintiles","All stages","Brain","Benign endocrine","63","Non-standardised","2.2","1.7","2.8",NA
2018,"Males","All ages","Government Office Region","E12000005","West Midlands","All quintiles","All stages","Brain","Benign endocrine","63","Age-standardised","2.3","1.8","3",NA
2019,"Females","All ages","Government Office Region","E12000005","West Midlands","All quintiles","All stages","Brain","Benign endocrine","55","Non-standardised","1.8","1.4","2.4",NA
2019,"Females","All ages","Government Office Region","E12000005","West Midlands","All quintiles","All stages","Brain","Benign endocrine","55","Age-standardised","1.9","1.4","2.4",NA
2019,"Males","All ages","Government Office Region","E12000005","West Midlands","All quintiles","All stages","Brain","Benign endocrine","56","Non-standardised","1.9","1.4","2.5",NA
2019,"Males","All ages","Government Office Region","E12000005","West Midlands","All quintiles","All stages","Brain","Benign endocrine","56","Age-standardised","2.1","1.6","2.7",NA
2020,"Females","All ages","Government Office Region","E12000005","West Midlands","All quintiles","All stages","Brain","Benign endocrine","43","Non-standardised","1.4","1","1.9",NA
2020,"Females","All ages","Government Office Region","E12000005","West Midlands","All quintiles","All stages","Brain","Benign endocrine","43","Age-standardised","1.5","1.1","2",NA
2020,"Males","All ages","Government Office Region","E12000005","West Midlands","All quintiles","All stages","Brain","Benign endocrine","48","Non-standardised","1.6","1.2","2.2",NA
2020,"Males","All ages","Government Office Region","E12000005","West Midlands","All quintiles","All stages","Brain","Benign endocrine","48","Age-standardised","1.7","1.3","2.3",NA
2021,"Females","All ages","Government Office Region","E12000005","West Midlands","All quintiles","All stages","Brain","Benign endocrine","42","Non-standardised","1.4","1","1.9",NA
2021,"Females","All ages","Government Office Region","E12000005","West Midlands","All quintiles","All stages","Brain","Benign endocrine","42","Age-standardised","1.4","1","1.9",NA
2021,"Males","All ages","Government Office Region","E12000005","West Midlands","All quintiles","All stages","Brain","Benign endocrine","54","Non-standardised","1.8","1.4","2.4",NA
2021,"Males","All ages","Government Office Region","E12000005","West Midlands","All quintiles","All stages","Brain","Benign endocrine","54","Age-standardised","1.9","1.4","2.5",NA
2022,"Females","All ages","Government Office Region","E12000005","West Midlands","All quintiles","All stages","Brain","Benign endocrine","46","Non-standardised","1.5","1.1","2",NA
2022,"Females","All ages","Government Office Region","E12000005","West Midlands","All quintiles","All stages","Brain","Benign endocrine","46","Age-standardised","1.5","1.1","2",NA
2022,"Males","All ages","Government Office Region","E12000005","West Midlands","All quintiles","All stages","Brain","Benign endocrine","45","Non-standardised","1.5","1.1","2",NA
2022,"Males","All ages","Government Office Region","E12000005","West Midlands","All quintiles","All stages","Brain","Benign endocrine","45","Age-standardised","1.6","1.2","2.1",NA
2013,"Females","All ages","Government Office Region","E12000005","West Midlands","All quintiles","All stages","Brain","Malignant brain","188","Non-standardised","6.5","5.6","7.5",NA
2013,"Females","All ages","Government Office Region","E12000005","West Midlands","All quintiles","All stages","Brain","Malignant brain","188","Age-standardised","6.7","5.8","7.8",NA
2013,"Males","All ages","Government Office Region","E12000005","West Midlands","All quintiles","All stages","Brain","Malignant brain","282","Non-standardised","10.1","8.9","11.3",NA
2013,"Males","All ages","Government Office Region","E12000005","West Midlands","All quintiles","All stages","Brain","Malignant brain","282","Age-standardised","11.2","9.9","12.6",NA
2014,"Females","All ages","Government Office Region","E12000005","West Midlands","All quintiles","All stages","Brain","Malignant brain","197","Non-standardised","6.8","5.9","7.8",NA
2014,"Females","All ages","Government Office Region","E12000005","West Midlands","All quintiles","All stages","Brain","Malignant brain","197","Age-standardised","6.9","6","8",NA
2014,"Males","All ages","Government Office Region","E12000005","West Midlands","All quintiles","All stages","Brain","Malignant brain","275","Non-standardised","9.7","8.6","11",NA
2014,"Males","All ages","Government Office Region","E12000005","West Midlands","All quintiles","All stages","Brain","Malignant brain","275","Age-standardised","10.7","9.4","12",NA
2015,"Females","All ages","Government Office Region","E12000005","West Midlands","All quintiles","All stages","Brain","Malignant brain","192","Non-standardised","6.6","5.7","7.6",NA
2015,"Females","All ages","Government Office Region","E12000005","West Midlands","All quintiles","All stages","Brain","Malignant brain","192","Age-standardised","6.7","5.8","7.7",NA
2015,"Males","All ages","Government Office Region","E12000005","West Midlands","All quintiles","All stages","Brain","Malignant brain","298","Non-standardised","10.5","9.3","11.7",NA
2015,"Males","All ages","Government Office Region","E12000005","West Midlands","All quintiles","All stages","Brain","Malignant brain","298","Age-standardised","11.4","10.2","12.8",NA
2016,"Females","All ages","Government Office Region","E12000005","West Midlands","All quintiles","All stages","Brain","Malignant brain","219","Non-standardised","7.4","6.5","8.5",NA
2016,"Females","All ages","Government Office Region","E12000005","West Midlands","All quintiles","All stages","Brain","Malignant brain","219","Age-standardised","7.6","6.6","8.6",NA
2016,"Males","All ages","Government Office Region","E12000005","West Midlands","All quintiles","All stages","Brain","Malignant brain","321","Non-standardised","11.2","10","12.5",NA
2016,"Males","All ages","Government Office Region","E12000005","West Midlands","All quintiles","All stages","Brain","Malignant brain","321","Age-standardised","12.2","10.9","13.6",NA
2017,"Females","All ages","Government Office Region","E12000005","West Midlands","All quintiles","All stages","Brain","Malignant brain","214","Non-standardised","7.2","6.3","8.3",NA
2017,"Females","All ages","Government Office Region","E12000005","West Midlands","All quintiles","All stages","Brain","Malignant brain","214","Age-standardised","7.3","6.4","8.4",NA
2017,"Males","All ages","Government Office Region","E12000005","West Midlands","All quintiles","All stages","Brain","Malignant brain","270","Non-standardised","9.3","8.3","10.5",NA
2017,"Males","All ages","Government Office Region","E12000005","West Midlands","All quintiles","All stages","Brain","Malignant brain","270","Age-standardised","10.1","8.9","11.4",NA
2018,"Females","All ages","Government Office Region","E12000005","West Midlands","All quintiles","All stages","Brain","Malignant brain","198","Non-standardised","6.6","5.7","7.6",NA
2018,"Females","All ages","Government Office Region","E12000005","West Midlands","All quintiles","All stages","Brain","Malignant brain","198","Age-standardised","6.7","5.8","7.7",NA
2018,"Males","All ages","Government Office Region","E12000005","West Midlands","All quintiles","All stages","Brain","Malignant brain","292","Non-standardised","10.1","8.9","11.3",NA
2018,"Males","All ages","Government Office Region","E12000005","West Midlands","All quintiles","All stages","Brain","Malignant brain","292","Age-standardised","10.7","9.5","12",NA
2019,"Females","All ages","Government Office Region","E12000005","West Midlands","All quintiles","All stages","Brain","Malignant brain","206","Non-standardised","6.9","6","7.9",NA
2019,"Females","All ages","Government Office Region","E12000005","West Midlands","All quintiles","All stages","Brain","Malignant brain","206","Age-standardised","6.9","6","7.9",NA
2019,"Males","All ages","Government Office Region","E12000005","West Midlands","All quintiles","All stages","Brain","Malignant brain","283","Non-standardised","9.7","8.6","10.9",NA
2019,"Males","All ages","Government Office Region","E12000005","West Midlands","All quintiles","All stages","Brain","Malignant brain","283","Age-standardised","10.2","9","11.5",NA
2020,"Females","All ages","Government Office Region","E12000005","West Midlands","All quintiles","All stages","Brain","Malignant brain","205","Non-standardised","6.8","5.9","7.8",NA
2020,"Females","All ages","Government Office Region","E12000005","West Midlands","All quintiles","All stages","Brain","Malignant brain","205","Age-standardised","6.7","5.8","7.7",NA
2020,"Males","All ages","Government Office Region","E12000005","West Midlands","All quintiles","All stages","Brain","Malignant brain","283","Non-standardised","9.7","8.6","10.9",NA
2020,"Males","All ages","Government Office Region","E12000005","West Midlands","All quintiles","All stages","Brain","Malignant brain","283","Age-standardised","10.3","9.1","11.6",NA
2021,"Females","All ages","Government Office Region","E12000005","West Midlands","All quintiles","All stages","Brain","Malignant brain","196","Non-standardised","6.5","5.6","7.4",NA
2021,"Females","All ages","Government Office Region","E12000005","West Midlands","All quintiles","All stages","Brain","Malignant brain","196","Age-standardised","6.5","5.6","7.4",NA
2021,"Males","All ages","Government Office Region","E12000005","West Midlands","All quintiles","All stages","Brain","Malignant brain","287","Non-standardised","9.8","8.7","11",NA
2021,"Males","All ages","Government Office Region","E12000005","West Midlands","All quintiles","All stages","Brain","Malignant brain","287","Age-standardised","10.3","9.1","11.6",NA
2022,"Females","All ages","Government Office Region","E12000005","West Midlands","All quintiles","All stages","Brain","Malignant brain","187","Non-standardised","6.1","5.3","7.1",NA
2022,"Females","All ages","Government Office Region","E12000005","West Midlands","All quintiles","All stages","Brain","Malignant brain","187","Age-standardised","6.1","5.2","7",NA
2022,"Males","All ages","Government Office Region","E12000005","West Midlands","All quintiles","All stages","Brain","Malignant brain","280","Non-standardised","9.4","8.4","10.6",NA
2022,"Males","All ages","Government Office Region","E12000005","West Midlands","All quintiles","All stages","Brain","Malignant brain","280","Age-standardised","9.8","8.7","11",NA
2013,"Females","All ages","Government Office Region","E12000005","West Midlands","All quintiles","All stages","Brain","Non-benign endocrine","7","Non-standardised","0.2","0.1","0.5",NA
2013,"Females","All ages","Government Office Region","E12000005","West Midlands","All quintiles","All stages","Brain","Non-benign endocrine","7","Age-standardised","[u]","[u]","[u]","[note2]"
2013,"Males","All ages","Government Office Region","E12000005","West Midlands","All quintiles","All stages","Brain","Non-benign endocrine","4","Non-standardised","0.1","0","0.4",NA
2013,"Males","All ages","Government Office Region","E12000005","West Midlands","All quintiles","All stages","Brain","Non-benign endocrine","4","Age-standardised","[u]","[u]","[u]","[note2]"
2014,"Females","All ages","Government Office Region","E12000005","West Midlands","All quintiles","All stages","Brain","Non-benign endocrine","13","Non-standardised","0.4","0.2","0.8",NA
2014,"Females","All ages","Government Office Region","E12000005","West Midlands","All quintiles","All stages","Brain","Non-benign endocrine","13","Age-standardised","0.4","0.2","0.8","[note1]"
2014,"Males","All ages","Government Office Region","E12000005","West Midlands","All quintiles","All stages","Brain","Non-benign endocrine","10","Non-standardised","0.4","0.2","0.7",NA
2014,"Males","All ages","Government Office Region","E12000005","West Midlands","All quintiles","All stages","Brain","Non-benign endocrine","10","Age-standardised","0.4","0.2","0.7","[note1]"
2015,"Females","All ages","Government Office Region","E12000005","West Midlands","All quintiles","All stages","Brain","Non-benign endocrine","6","Non-standardised","0.2","0.1","0.4",NA
2015,"Females","All ages","Government Office Region","E12000005","West Midlands","All quintiles","All stages","Brain","Non-benign endocrine","6","Age-standardised","[u]","[u]","[u]","[note2]"
2015,"Males","All ages","Government Office Region","E12000005","West Midlands","All quintiles","All stages","Brain","Non-benign endocrine","13","Non-standardised","0.5","0.2","0.8",NA
2015,"Males","All ages","Government Office Region","E12000005","West Midlands","All quintiles","All stages","Brain","Non-benign endocrine","13","Age-standardised","0.5","0.3","0.8","[note1]"
2016,"Females","All ages","Government Office Region","E12000005","West Midlands","All quintiles","All stages","Brain","Non-benign endocrine","7","Non-standardised","0.2","0.1","0.5",NA
2016,"Females","All ages","Government Office Region","E12000005","West Midlands","All quintiles","All stages","Brain","Non-benign endocrine","7","Age-standardised","[u]","[u]","[u]","[note2]"
2016,"Males","All ages","Government Office Region","E12000005","West Midlands","All quintiles","All stages","Brain","Non-benign endocrine","12","Non-standardised","0.4","0.2","0.7",NA
2016,"Males","All ages","Government Office Region","E12000005","West Midlands","All quintiles","All stages","Brain","Non-benign endocrine","12","Age-standardised","0.4","0.2","0.8","[note1]"
2017,"Females","All ages","Government Office Region","E12000005","West Midlands","All quintiles","All stages","Brain","Non-benign endocrine","5","Non-standardised","0.2","0.1","0.4",NA
2017,"Females","All ages","Government Office Region","E12000005","West Midlands","All quintiles","All stages","Brain","Non-benign endocrine","5","Age-standardised","[u]","[u]","[u]","[note2]"
2017,"Males","All ages","Government Office Region","E12000005","West Midlands","All quintiles","All stages","Brain","Non-benign endocrine","9","Non-standardised","0.3","0.1","0.6",NA
2017,"Males","All ages","Government Office Region","E12000005","West Midlands","All quintiles","All stages","Brain","Non-benign endocrine","9","Age-standardised","[u]","[u]","[u]","[note2]"
2018,"Females","All ages","Government Office Region","E12000005","West Midlands","All quintiles","All stages","Brain","Non-benign endocrine","6","Non-standardised","0.2","0.1","0.4",NA
2018,"Females","All ages","Government Office Region","E12000005","West Midlands","All quintiles","All stages","Brain","Non-benign endocrine","6","Age-standardised","[u]","[u]","[u]","[note2]"
2018,"Males","All ages","Government Office Region","E12000005","West Midlands","All quintiles","All stages","Brain","Non-benign endocrine","7","Non-standardised","0.2","0.1","0.5",NA
2018,"Males","All ages","Government Office Region","E12000005","West Midlands","All quintiles","All stages","Brain","Non-benign endocrine","7","Age-standardised","[u]","[u]","[u]","[note2]"
2019,"Females","All ages","Government Office Region","E12000005","West Midlands","All quintiles","All stages","Brain","Non-benign endocrine","8","Non-standardised","0.3","0.1","0.5",NA
2019,"Females","All ages","Government Office Region","E12000005","West Midlands","All quintiles","All stages","Brain","Non-benign endocrine","8","Age-standardised","[u]","[u]","[u]","[note2]"
2019,"Males","All ages","Government Office Region","E12000005","West Midlands","All quintiles","All stages","Brain","Non-benign endocrine","14","Non-standardised","0.5","0.3","0.8",NA
2019,"Males","All ages","Government Office Region","E12000005","West Midlands","All quintiles","All stages","Brain","Non-benign endocrine","14","Age-standardised","0.5","0.3","0.8","[note1]"
2020,"Females","All ages","Government Office Region","E12000005","West Midlands","All quintiles","All stages","Brain","Non-benign endocrine","12","Non-standardised","0.4","0.2","0.7",NA
2020,"Females","All ages","Government Office Region","E12000005","West Midlands","All quintiles","All stages","Brain","Non-benign endocrine","12","Age-standardised","0.4","0.2","0.7","[note1]"
2020,"Males","All ages","Government Office Region","E12000005","West Midlands","All quintiles","All stages","Brain","Non-benign endocrine","9","Non-standardised","0.3","0.1","0.6",NA
2020,"Males","All ages","Government Office Region","E12000005","West Midlands","All quintiles","All stages","Brain","Non-benign endocrine","9","Age-standardised","[u]","[u]","[u]","[note2]"
2021,"Females","All ages","Government Office Region","E12000005","West Midlands","All quintiles","All stages","Brain","Non-benign endocrine","7","Non-standardised","0.2","0.1","0.5",NA
2021,"Females","All ages","Government Office Region","E12000005","West Midlands","All quintiles","All stages","Brain","Non-benign endocrine","7","Age-standardised","[u]","[u]","[u]","[note2]"
2021,"Males","All ages","Government Office Region","E12000005","West Midlands","All quintiles","All stages","Brain","Non-benign endocrine","7","Non-standardised","0.2","0.1","0.5",NA
2021,"Males","All ages","Government Office Region","E12000005","West Midlands","All quintiles","All stages","Brain","Non-benign endocrine","7","Age-standardised","[u]","[u]","[u]","[note2]"
2022,"Females","All ages","Government Office Region","E12000005","West Midlands","All quintiles","All stages","Brain","Non-benign endocrine","12","Non-standardised","0.4","0.2","0.7",NA
2022,"Females","All ages","Government Office Region","E12000005","West Midlands","All quintiles","All stages","Brain","Non-benign endocrine","12","Age-standardised","0.4","0.2","0.7","[note1]"
2022,"Males","All ages","Government Office Region","E12000005","West Midlands","All quintiles","All stages","Brain","Non-benign endocrine","12","Non-standardised","0.4","0.2","0.7",NA
2022,"Males","All ages","Government Office Region","E12000005","West Midlands","All quintiles","All stages","Brain","Non-benign endocrine","12","Age-standardised","0.4","0.2","0.7","[note1]"
2013,"Females","All ages","Government Office Region","E12000005","West Midlands","All quintiles","All stages","Brain","Non-malignant brain","266","Non-standardised","9.3","8.2","10.4",NA
2013,"Females","All ages","Government Office Region","E12000005","West Midlands","All quintiles","All stages","Brain","Non-malignant brain","266","Age-standardised","9.4","8.3","10.6",NA
2013,"Males","All ages","Government Office Region","E12000005","West Midlands","All quintiles","All stages","Brain","Non-malignant brain","154","Non-standardised","5.5","4.7","6.4",NA
2013,"Males","All ages","Government Office Region","E12000005","West Midlands","All quintiles","All stages","Brain","Non-malignant brain","154","Age-standardised","6.2","5.3","7.3",NA
2014,"Females","All ages","Government Office Region","E12000005","West Midlands","All quintiles","All stages","Brain","Non-malignant brain","241","Non-standardised","8.3","7.3","9.4",NA
2014,"Females","All ages","Government Office Region","E12000005","West Midlands","All quintiles","All stages","Brain","Non-malignant brain","241","Age-standardised","8.5","7.5","9.7",NA
2014,"Males","All ages","Government Office Region","E12000005","West Midlands","All quintiles","All stages","Brain","Non-malignant brain","148","Non-standardised","5.2","4.4","6.2",NA
2014,"Males","All ages","Government Office Region","E12000005","West Midlands","All quintiles","All stages","Brain","Non-malignant brain","148","Age-standardised","5.7","4.8","6.7",NA
2015,"Females","All ages","Government Office Region","E12000005","West Midlands","All quintiles","All stages","Brain","Non-malignant brain","261","Non-standardised","9","7.9","10.1",NA
2015,"Females","All ages","Government Office Region","E12000005","West Midlands","All quintiles","All stages","Brain","Non-malignant brain","261","Age-standardised","9.2","8.1","10.4",NA
2015,"Males","All ages","Government Office Region","E12000005","West Midlands","All quintiles","All stages","Brain","Non-malignant brain","151","Non-standardised","5.3","4.5","6.2",NA
2015,"Males","All ages","Government Office Region","E12000005","West Midlands","All quintiles","All stages","Brain","Non-malignant brain","151","Age-standardised","5.8","4.9","6.8",NA
2016,"Females","All ages","Government Office Region","E12000005","West Midlands","All quintiles","All stages","Brain","Non-malignant brain","322","Non-standardised","10.9","9.8","12.2",NA
2016,"Females","All ages","Government Office Region","E12000005","West Midlands","All quintiles","All stages","Brain","Non-malignant brain","322","Age-standardised","11.3","10.1","12.6",NA
2016,"Males","All ages","Government Office Region","E12000005","West Midlands","All quintiles","All stages","Brain","Non-malignant brain","170","Non-standardised","5.9","5.1","6.9",NA
2016,"Males","All ages","Government Office Region","E12000005","West Midlands","All quintiles","All stages","Brain","Non-malignant brain","170","Age-standardised","6.5","5.5","7.5",NA
2017,"Females","All ages","Government Office Region","E12000005","West Midlands","All quintiles","All stages","Brain","Non-malignant brain","337","Non-standardised","11.4","10.2","12.6",NA
2017,"Females","All ages","Government Office Region","E12000005","West Midlands","All quintiles","All stages","Brain","Non-malignant brain","337","Age-standardised","11.6","10.4","12.9",NA
2017,"Males","All ages","Government Office Region","E12000005","West Midlands","All quintiles","All stages","Brain","Non-malignant brain","188","Non-standardised","6.5","5.6","7.5",NA
2017,"Males","All ages","Government Office Region","E12000005","West Midlands","All quintiles","All stages","Brain","Non-malignant brain","188","Age-standardised","7","6","8",NA
2018,"Females","All ages","Government Office Region","E12000005","West Midlands","All quintiles","All stages","Brain","Non-malignant brain","355","Non-standardised","11.9","10.7","13.2",NA
2018,"Females","All ages","Government Office Region","E12000005","West Midlands","All quintiles","All stages","Brain","Non-malignant brain","355","Age-standardised","12","10.7","13.3",NA
2018,"Males","All ages","Government Office Region","E12000005","West Midlands","All quintiles","All stages","Brain","Non-malignant brain","219","Non-standardised","7.5","6.6","8.6",NA
2018,"Males","All ages","Government Office Region","E12000005","West Midlands","All quintiles","All stages","Brain","Non-malignant brain","219","Age-standardised","8.2","7.1","9.4",NA
2019,"Females","All ages","Government Office Region","E12000005","West Midlands","All quintiles","All stages","Brain","Non-malignant brain","291","Non-standardised","9.7","8.6","10.9",NA
2019,"Females","All ages","Government Office Region","E12000005","West Midlands","All quintiles","All stages","Brain","Non-malignant brain","291","Age-standardised","9.7","8.6","10.9",NA
2019,"Males","All ages","Government Office Region","E12000005","West Midlands","All quintiles","All stages","Brain","Non-malignant brain","179","Non-standardised","6.1","5.3","7.1",NA
2019,"Males","All ages","Government Office Region","E12000005","West Midlands","All quintiles","All stages","Brain","Non-malignant brain","179","Age-standardised","6.6","5.7","7.7",NA
2020,"Females","All ages","Government Office Region","E12000005","West Midlands","All quintiles","All stages","Brain","Non-malignant brain","285","Non-standardised","9.5","8.4","10.6",NA
2020,"Females","All ages","Government Office Region","E12000005","West Midlands","All quintiles","All stages","Brain","Non-malignant brain","285","Age-standardised","9.3","8.3","10.5",NA
2020,"Males","All ages","Government Office Region","E12000005","West Midlands","All quintiles","All stages","Brain","Non-malignant brain","152","Non-standardised","5.2","4.4","6.1",NA
2020,"Males","All ages","Government Office Region","E12000005","West Midlands","All quintiles","All stages","Brain","Non-malignant brain","152","Age-standardised","5.5","4.7","6.5",NA
2021,"Females","All ages","Government Office Region","E12000005","West Midlands","All quintiles","All stages","Brain","Non-malignant brain","248","Non-standardised","8.2","7.2","9.3",NA
2021,"Females","All ages","Government Office Region","E12000005","West Midlands","All quintiles","All stages","Brain","Non-malignant brain","248","Age-standardised","8.1","7.1","9.2",NA
2021,"Males","All ages","Government Office Region","E12000005","West Midlands","All quintiles","All stages","Brain","Non-malignant brain","185","Non-standardised","6.3","5.4","7.3",NA
2021,"Males","All ages","Government Office Region","E12000005","West Midlands","All quintiles","All stages","Brain","Non-malignant brain","185","Age-standardised","6.8","5.8","7.8",NA
2022,"Females","All ages","Government Office Region","E12000005","West Midlands","All quintiles","All stages","Brain","Non-malignant brain","245","Non-standardised","8","7.1","9.1",NA
2022,"Females","All ages","Government Office Region","E12000005","West Midlands","All quintiles","All stages","Brain","Non-malignant brain","245","Age-standardised","7.9","6.9","8.9",NA
2022,"Males","All ages","Government Office Region","E12000005","West Midlands","All quintiles","All stages","Brain","Non-malignant brain","165","Non-standardised","5.6","4.8","6.5",NA
2022,"Males","All ages","Government Office Region","E12000005","West Midlands","All quintiles","All stages","Brain","Non-malignant brain","165","Age-standardised","5.9","5","6.9",NA
2013,"Females","All ages","Government Office Region","E12000005","West Midlands","All quintiles","All stages","Brain","All Brain","490","Non-standardised","17","15.6","18.6",NA
2013,"Females","All ages","Government Office Region","E12000005","West Midlands","All quintiles","All stages","Brain","All Brain","490","Age-standardised","17.4","15.9","19",NA
2013,"Males","All ages","Government Office Region","E12000005","West Midlands","All quintiles","All stages","Brain","All Brain","493","Non-standardised","17.6","16.1","19.2",NA
2013,"Males","All ages","Government Office Region","E12000005","West Midlands","All quintiles","All stages","Brain","All Brain","493","Age-standardised","19.7","18","21.6",NA
2014,"Females","All ages","Government Office Region","E12000005","West Midlands","All quintiles","All stages","Brain","All Brain","493","Non-standardised","17","15.6","18.6",NA
2014,"Females","All ages","Government Office Region","E12000005","West Midlands","All quintiles","All stages","Brain","All Brain","493","Age-standardised","17.4","15.9","19",NA
2014,"Males","All ages","Government Office Region","E12000005","West Midlands","All quintiles","All stages","Brain","All Brain","476","Non-standardised","16.9","15.4","18.5",NA
2014,"Males","All ages","Government Office Region","E12000005","West Midlands","All quintiles","All stages","Brain","All Brain","476","Age-standardised","18.3","16.7","20.1",NA
2015,"Females","All ages","Government Office Region","E12000005","West Midlands","All quintiles","All stages","Brain","All Brain","498","Non-standardised","17.1","15.6","18.7",NA
2015,"Females","All ages","Government Office Region","E12000005","West Midlands","All quintiles","All stages","Brain","All Brain","498","Age-standardised","17.5","16","19.1",NA
2015,"Males","All ages","Government Office Region","E12000005","West Midlands","All quintiles","All stages","Brain","All Brain","516","Non-standardised","18.2","16.6","19.8",NA
2015,"Males","All ages","Government Office Region","E12000005","West Midlands","All quintiles","All stages","Brain","All Brain","516","Age-standardised","19.8","18.1","21.6",NA
2016,"Females","All ages","Government Office Region","E12000005","West Midlands","All quintiles","All stages","Brain","All Brain","579","Non-standardised","19.7","18.1","21.4",NA
2016,"Females","All ages","Government Office Region","E12000005","West Midlands","All quintiles","All stages","Brain","All Brain","579","Age-standardised","20.2","18.6","21.9",NA
2016,"Males","All ages","Government Office Region","E12000005","West Midlands","All quintiles","All stages","Brain","All Brain","551","Non-standardised","19.2","17.6","20.9",NA
2016,"Males","All ages","Government Office Region","E12000005","West Midlands","All quintiles","All stages","Brain","All Brain","551","Age-standardised","20.9","19.2","22.7",NA
2017,"Females","All ages","Government Office Region","E12000005","West Midlands","All quintiles","All stages","Brain","All Brain","603","Non-standardised","20.3","18.8","22",NA
2017,"Females","All ages","Government Office Region","E12000005","West Midlands","All quintiles","All stages","Brain","All Brain","603","Age-standardised","20.7","19.1","22.4",NA
2017,"Males","All ages","Government Office Region","E12000005","West Midlands","All quintiles","All stages","Brain","All Brain","531","Non-standardised","18.4","16.8","20",NA
2017,"Males","All ages","Government Office Region","E12000005","West Midlands","All quintiles","All stages","Brain","All Brain","531","Age-standardised","19.7","18.1","21.5",NA
2018,"Females","All ages","Government Office Region","E12000005","West Midlands","All quintiles","All stages","Brain","All Brain","613","Non-standardised","20.5","18.9","22.2",NA
2018,"Females","All ages","Government Office Region","E12000005","West Midlands","All quintiles","All stages","Brain","All Brain","613","Age-standardised","20.7","19.1","22.4",NA
2018,"Males","All ages","Government Office Region","E12000005","West Midlands","All quintiles","All stages","Brain","All Brain","581","Non-standardised","20","18.4","21.7",NA
2018,"Males","All ages","Government Office Region","E12000005","West Midlands","All quintiles","All stages","Brain","All Brain","581","Age-standardised","21.5","19.8","23.3",NA
2019,"Females","All ages","Government Office Region","E12000005","West Midlands","All quintiles","All stages","Brain","All Brain","560","Non-standardised","18.6","17.1","20.3",NA
2019,"Females","All ages","Government Office Region","E12000005","West Midlands","All quintiles","All stages","Brain","All Brain","560","Age-standardised","18.7","17.2","20.3",NA
2019,"Males","All ages","Government Office Region","E12000005","West Midlands","All quintiles","All stages","Brain","All Brain","532","Non-standardised","18.2","16.7","19.9",NA
2019,"Males","All ages","Government Office Region","E12000005","West Midlands","All quintiles","All stages","Brain","All Brain","532","Age-standardised","19.4","17.8","21.1",NA
2020,"Females","All ages","Government Office Region","E12000005","West Midlands","All quintiles","All stages","Brain","All Brain","545","Non-standardised","18.1","16.6","19.7",NA
2020,"Females","All ages","Government Office Region","E12000005","West Midlands","All quintiles","All stages","Brain","All Brain","545","Age-standardised","17.9","16.5","19.5",NA
2020,"Males","All ages","Government Office Region","E12000005","West Midlands","All quintiles","All stages","Brain","All Brain","492","Non-standardised","16.8","15.4","18.4",NA
2020,"Males","All ages","Government Office Region","E12000005","West Midlands","All quintiles","All stages","Brain","All Brain","492","Age-standardised","17.9","16.3","19.5",NA
2021,"Females","All ages","Government Office Region","E12000005","West Midlands","All quintiles","All stages","Brain","All Brain","493","Non-standardised","16.3","14.9","17.8",NA
2021,"Females","All ages","Government Office Region","E12000005","West Midlands","All quintiles","All stages","Brain","All Brain","493","Age-standardised","16.2","14.8","17.7",NA
2021,"Males","All ages","Government Office Region","E12000005","West Midlands","All quintiles","All stages","Brain","All Brain","533","Non-standardised","18.2","16.7","19.8",NA
2021,"Males","All ages","Government Office Region","E12000005","West Midlands","All quintiles","All stages","Brain","All Brain","533","Age-standardised","19.2","17.6","20.9",NA
2022,"Females","All ages","Government Office Region","E12000005","West Midlands","All quintiles","All stages","Brain","All Brain","490","Non-standardised","16","14.7","17.5",NA
2022,"Females","All ages","Government Office Region","E12000005","West Midlands","All quintiles","All stages","Brain","All Brain","490","Age-standardised","15.9","14.5","17.3",NA
2022,"Males","All ages","Government Office Region","E12000005","West Midlands","All quintiles","All stages","Brain","All Brain","502","Non-standardised","16.9","15.5","18.5",NA
2022,"Males","All ages","Government Office Region","E12000005","West Midlands","All quintiles","All stages","Brain","All Brain","502","Age-standardised","17.7","16.2","19.3",NA
2013,"Females","All ages","Government Office Region","E12000003","Yorkshire and The Humber","All quintiles","All stages","Brain","Benign endocrine","53","Non-standardised","2","1.5","2.6",NA
2013,"Females","All ages","Government Office Region","E12000003","Yorkshire and The Humber","All quintiles","All stages","Brain","Benign endocrine","53","Age-standardised","2","1.5","2.6",NA
2013,"Males","All ages","Government Office Region","E12000003","Yorkshire and The Humber","All quintiles","All stages","Brain","Benign endocrine","52","Non-standardised","2","1.5","2.6",NA
2013,"Males","All ages","Government Office Region","E12000003","Yorkshire and The Humber","All quintiles","All stages","Brain","Benign endocrine","52","Age-standardised","2.2","1.6","2.9",NA
2014,"Females","All ages","Government Office Region","E12000003","Yorkshire and The Humber","All quintiles","All stages","Brain","Benign endocrine","53","Non-standardised","1.9","1.5","2.5",NA
2014,"Females","All ages","Government Office Region","E12000003","Yorkshire and The Humber","All quintiles","All stages","Brain","Benign endocrine","53","Age-standardised","2","1.5","2.7",NA
2014,"Males","All ages","Government Office Region","E12000003","Yorkshire and The Humber","All quintiles","All stages","Brain","Benign endocrine","82","Non-standardised","3.1","2.5","3.9",NA
2014,"Males","All ages","Government Office Region","E12000003","Yorkshire and The Humber","All quintiles","All stages","Brain","Benign endocrine","82","Age-standardised","3.4","2.7","4.2",NA
2015,"Females","All ages","Government Office Region","E12000003","Yorkshire and The Humber","All quintiles","All stages","Brain","Benign endocrine","56","Non-standardised","2.1","1.5","2.7",NA
2015,"Females","All ages","Government Office Region","E12000003","Yorkshire and The Humber","All quintiles","All stages","Brain","Benign endocrine","56","Age-standardised","2.1","1.6","2.8",NA
2015,"Males","All ages","Government Office Region","E12000003","Yorkshire and The Humber","All quintiles","All stages","Brain","Benign endocrine","72","Non-standardised","2.7","2.1","3.4",NA
2015,"Males","All ages","Government Office Region","E12000003","Yorkshire and The Humber","All quintiles","All stages","Brain","Benign endocrine","72","Age-standardised","3","2.3","3.8",NA
2016,"Females","All ages","Government Office Region","E12000003","Yorkshire and The Humber","All quintiles","All stages","Brain","Benign endocrine","53","Non-standardised","1.9","1.4","2.5",NA
2016,"Females","All ages","Government Office Region","E12000003","Yorkshire and The Humber","All quintiles","All stages","Brain","Benign endocrine","53","Age-standardised","2","1.5","2.6",NA
2016,"Males","All ages","Government Office Region","E12000003","Yorkshire and The Humber","All quintiles","All stages","Brain","Benign endocrine","58","Non-standardised","2.2","1.7","2.8",NA
2016,"Males","All ages","Government Office Region","E12000003","Yorkshire and The Humber","All quintiles","All stages","Brain","Benign endocrine","58","Age-standardised","2.4","1.8","3.1",NA
2017,"Females","All ages","Government Office Region","E12000003","Yorkshire and The Humber","All quintiles","All stages","Brain","Benign endocrine","81","Non-standardised","2.9","2.3","3.7",NA
2017,"Females","All ages","Government Office Region","E12000003","Yorkshire and The Humber","All quintiles","All stages","Brain","Benign endocrine","81","Age-standardised","2.9","2.3","3.7",NA
2017,"Males","All ages","Government Office Region","E12000003","Yorkshire and The Humber","All quintiles","All stages","Brain","Benign endocrine","82","Non-standardised","3.1","2.4","3.8",NA
2017,"Males","All ages","Government Office Region","E12000003","Yorkshire and The Humber","All quintiles","All stages","Brain","Benign endocrine","82","Age-standardised","3.3","2.6","4.1",NA
2018,"Females","All ages","Government Office Region","E12000003","Yorkshire and The Humber","All quintiles","All stages","Brain","Benign endocrine","65","Non-standardised","2.3","1.8","3",NA
2018,"Females","All ages","Government Office Region","E12000003","Yorkshire and The Humber","All quintiles","All stages","Brain","Benign endocrine","65","Age-standardised","2.4","1.8","3",NA
2018,"Males","All ages","Government Office Region","E12000003","Yorkshire and The Humber","All quintiles","All stages","Brain","Benign endocrine","68","Non-standardised","2.5","2","3.2",NA
2018,"Males","All ages","Government Office Region","E12000003","Yorkshire and The Humber","All quintiles","All stages","Brain","Benign endocrine","68","Age-standardised","2.8","2.1","3.5",NA
2019,"Females","All ages","Government Office Region","E12000003","Yorkshire and The Humber","All quintiles","All stages","Brain","Benign endocrine","97","Non-standardised","3.5","2.8","4.3",NA
2019,"Females","All ages","Government Office Region","E12000003","Yorkshire and The Humber","All quintiles","All stages","Brain","Benign endocrine","97","Age-standardised","3.5","2.9","4.3",NA
2019,"Males","All ages","Government Office Region","E12000003","Yorkshire and The Humber","All quintiles","All stages","Brain","Benign endocrine","79","Non-standardised","2.9","2.3","3.7",NA
2019,"Males","All ages","Government Office Region","E12000003","Yorkshire and The Humber","All quintiles","All stages","Brain","Benign endocrine","79","Age-standardised","3.2","2.5","3.9",NA
2020,"Females","All ages","Government Office Region","E12000003","Yorkshire and The Humber","All quintiles","All stages","Brain","Benign endocrine","57","Non-standardised","2","1.6","2.7",NA
2020,"Females","All ages","Government Office Region","E12000003","Yorkshire and The Humber","All quintiles","All stages","Brain","Benign endocrine","57","Age-standardised","2.1","1.6","2.7",NA
2020,"Males","All ages","Government Office Region","E12000003","Yorkshire and The Humber","All quintiles","All stages","Brain","Benign endocrine","60","Non-standardised","2.2","1.7","2.9",NA
2020,"Males","All ages","Government Office Region","E12000003","Yorkshire and The Humber","All quintiles","All stages","Brain","Benign endocrine","60","Age-standardised","2.4","1.8","3",NA
2021,"Females","All ages","Government Office Region","E12000003","Yorkshire and The Humber","All quintiles","All stages","Brain","Benign endocrine","96","Non-standardised","3.4","2.8","4.2",NA
2021,"Females","All ages","Government Office Region","E12000003","Yorkshire and The Humber","All quintiles","All stages","Brain","Benign endocrine","96","Age-standardised","3.4","2.8","4.2",NA
2021,"Males","All ages","Government Office Region","E12000003","Yorkshire and The Humber","All quintiles","All stages","Brain","Benign endocrine","104","Non-standardised","3.9","3.2","4.7",NA
2021,"Males","All ages","Government Office Region","E12000003","Yorkshire and The Humber","All quintiles","All stages","Brain","Benign endocrine","104","Age-standardised","4.1","3.3","4.9",NA
2022,"Females","All ages","Government Office Region","E12000003","Yorkshire and The Humber","All quintiles","All stages","Brain","Benign endocrine","100","Non-standardised","3.6","2.9","4.3",NA
2022,"Females","All ages","Government Office Region","E12000003","Yorkshire and The Humber","All quintiles","All stages","Brain","Benign endocrine","100","Age-standardised","3.6","2.9","4.3",NA
2022,"Males","All ages","Government Office Region","E12000003","Yorkshire and The Humber","All quintiles","All stages","Brain","Benign endocrine","84","Non-standardised","3.1","2.5","3.8",NA
2022,"Males","All ages","Government Office Region","E12000003","Yorkshire and The Humber","All quintiles","All stages","Brain","Benign endocrine","84","Age-standardised","3.2","2.6","4",NA
2013,"Females","All ages","Government Office Region","E12000003","Yorkshire and The Humber","All quintiles","All stages","Brain","Malignant brain","214","Non-standardised","7.9","6.9","9",NA
2013,"Females","All ages","Government Office Region","E12000003","Yorkshire and The Humber","All quintiles","All stages","Brain","Malignant brain","214","Age-standardised","8.2","7.1","9.4",NA
2013,"Males","All ages","Government Office Region","E12000003","Yorkshire and The Humber","All quintiles","All stages","Brain","Malignant brain","302","Non-standardised","11.5","10.2","12.9",NA
2013,"Males","All ages","Government Office Region","E12000003","Yorkshire and The Humber","All quintiles","All stages","Brain","Malignant brain","302","Age-standardised","12.9","11.5","14.5",NA
2014,"Females","All ages","Government Office Region","E12000003","Yorkshire and The Humber","All quintiles","All stages","Brain","Malignant brain","193","Non-standardised","7.1","6.1","8.2",NA
2014,"Females","All ages","Government Office Region","E12000003","Yorkshire and The Humber","All quintiles","All stages","Brain","Malignant brain","193","Age-standardised","7.2","6.2","8.3",NA
2014,"Males","All ages","Government Office Region","E12000003","Yorkshire and The Humber","All quintiles","All stages","Brain","Malignant brain","259","Non-standardised","9.8","8.7","11.1",NA
2014,"Males","All ages","Government Office Region","E12000003","Yorkshire and The Humber","All quintiles","All stages","Brain","Malignant brain","259","Age-standardised","10.6","9.4","12",NA
2015,"Females","All ages","Government Office Region","E12000003","Yorkshire and The Humber","All quintiles","All stages","Brain","Malignant brain","226","Non-standardised","8.3","7.2","9.4",NA
2015,"Females","All ages","Government Office Region","E12000003","Yorkshire and The Humber","All quintiles","All stages","Brain","Malignant brain","226","Age-standardised","8.3","7.3","9.5",NA
2015,"Males","All ages","Government Office Region","E12000003","Yorkshire and The Humber","All quintiles","All stages","Brain","Malignant brain","276","Non-standardised","10.4","9.2","11.7",NA
2015,"Males","All ages","Government Office Region","E12000003","Yorkshire and The Humber","All quintiles","All stages","Brain","Malignant brain","276","Age-standardised","11.2","9.9","12.7",NA
2016,"Females","All ages","Government Office Region","E12000003","Yorkshire and The Humber","All quintiles","All stages","Brain","Malignant brain","227","Non-standardised","8.3","7.2","9.4",NA
2016,"Females","All ages","Government Office Region","E12000003","Yorkshire and The Humber","All quintiles","All stages","Brain","Malignant brain","227","Age-standardised","8.4","7.3","9.6",NA
2016,"Males","All ages","Government Office Region","E12000003","Yorkshire and The Humber","All quintiles","All stages","Brain","Malignant brain","275","Non-standardised","10.3","9.1","11.6",NA
2016,"Males","All ages","Government Office Region","E12000003","Yorkshire and The Humber","All quintiles","All stages","Brain","Malignant brain","275","Age-standardised","11.1","9.8","12.5",NA
2017,"Females","All ages","Government Office Region","E12000003","Yorkshire and The Humber","All quintiles","All stages","Brain","Malignant brain","189","Non-standardised","6.9","5.9","7.9",NA
2017,"Females","All ages","Government Office Region","E12000003","Yorkshire and The Humber","All quintiles","All stages","Brain","Malignant brain","189","Age-standardised","6.9","5.9","7.9",NA
2017,"Males","All ages","Government Office Region","E12000003","Yorkshire and The Humber","All quintiles","All stages","Brain","Malignant brain","282","Non-standardised","10.6","9.4","11.9",NA
2017,"Males","All ages","Government Office Region","E12000003","Yorkshire and The Humber","All quintiles","All stages","Brain","Malignant brain","282","Age-standardised","11.3","10","12.7",NA
2018,"Females","All ages","Government Office Region","E12000003","Yorkshire and The Humber","All quintiles","All stages","Brain","Malignant brain","224","Non-standardised","8.1","7.1","9.2",NA
2018,"Females","All ages","Government Office Region","E12000003","Yorkshire and The Humber","All quintiles","All stages","Brain","Malignant brain","224","Age-standardised","8.1","7.1","9.2",NA
2018,"Males","All ages","Government Office Region","E12000003","Yorkshire and The Humber","All quintiles","All stages","Brain","Malignant brain","257","Non-standardised","9.6","8.5","10.8",NA
2018,"Males","All ages","Government Office Region","E12000003","Yorkshire and The Humber","All quintiles","All stages","Brain","Malignant brain","257","Age-standardised","10.3","9","11.6",NA
2019,"Females","All ages","Government Office Region","E12000003","Yorkshire and The Humber","All quintiles","All stages","Brain","Malignant brain","216","Non-standardised","7.8","6.8","8.9",NA
2019,"Females","All ages","Government Office Region","E12000003","Yorkshire and The Humber","All quintiles","All stages","Brain","Malignant brain","216","Age-standardised","7.7","6.7","8.8",NA
2019,"Males","All ages","Government Office Region","E12000003","Yorkshire and The Humber","All quintiles","All stages","Brain","Malignant brain","292","Non-standardised","10.9","9.7","12.2",NA
2019,"Males","All ages","Government Office Region","E12000003","Yorkshire and The Humber","All quintiles","All stages","Brain","Malignant brain","292","Age-standardised","11.4","10.1","12.8",NA
2020,"Females","All ages","Government Office Region","E12000003","Yorkshire and The Humber","All quintiles","All stages","Brain","Malignant brain","181","Non-standardised","6.5","5.6","7.5",NA
2020,"Females","All ages","Government Office Region","E12000003","Yorkshire and The Humber","All quintiles","All stages","Brain","Malignant brain","181","Age-standardised","6.4","5.5","7.4",NA
2020,"Males","All ages","Government Office Region","E12000003","Yorkshire and The Humber","All quintiles","All stages","Brain","Malignant brain","243","Non-standardised","9","7.9","10.3",NA
2020,"Males","All ages","Government Office Region","E12000003","Yorkshire and The Humber","All quintiles","All stages","Brain","Malignant brain","243","Age-standardised","9.4","8.2","10.6",NA
2021,"Females","All ages","Government Office Region","E12000003","Yorkshire and The Humber","All quintiles","All stages","Brain","Malignant brain","185","Non-standardised","6.6","5.7","7.7",NA
2021,"Females","All ages","Government Office Region","E12000003","Yorkshire and The Humber","All quintiles","All stages","Brain","Malignant brain","185","Age-standardised","6.5","5.6","7.5",NA
2021,"Males","All ages","Government Office Region","E12000003","Yorkshire and The Humber","All quintiles","All stages","Brain","Malignant brain","286","Non-standardised","10.6","9.4","11.9",NA
2021,"Males","All ages","Government Office Region","E12000003","Yorkshire and The Humber","All quintiles","All stages","Brain","Malignant brain","286","Age-standardised","11.1","9.8","12.4",NA
2022,"Females","All ages","Government Office Region","E12000003","Yorkshire and The Humber","All quintiles","All stages","Brain","Malignant brain","209","Non-standardised","7.4","6.4","8.5",NA
2022,"Females","All ages","Government Office Region","E12000003","Yorkshire and The Humber","All quintiles","All stages","Brain","Malignant brain","209","Age-standardised","7.3","6.3","8.3",NA
2022,"Males","All ages","Government Office Region","E12000003","Yorkshire and The Humber","All quintiles","All stages","Brain","Malignant brain","276","Non-standardised","10.1","9","11.4",NA
2022,"Males","All ages","Government Office Region","E12000003","Yorkshire and The Humber","All quintiles","All stages","Brain","Malignant brain","276","Age-standardised","10.5","9.3","11.9",NA
2013,"Females","All ages","Government Office Region","E12000003","Yorkshire and The Humber","All quintiles","All stages","Brain","Non-benign endocrine","4","Non-standardised","0.1","0","0.4",NA
2013,"Females","All ages","Government Office Region","E12000003","Yorkshire and The Humber","All quintiles","All stages","Brain","Non-benign endocrine","4","Age-standardised","[u]","[u]","[u]","[note2]"
2013,"Males","All ages","Government Office Region","E12000003","Yorkshire and The Humber","All quintiles","All stages","Brain","Non-benign endocrine","11","Non-standardised","0.4","0.2","0.7",NA
2013,"Males","All ages","Government Office Region","E12000003","Yorkshire and The Humber","All quintiles","All stages","Brain","Non-benign endocrine","11","Age-standardised","0.4","0.2","0.8","[note1]"
2014,"Females","All ages","Government Office Region","E12000003","Yorkshire and The Humber","All quintiles","All stages","Brain","Non-benign endocrine","4","Non-standardised","0.1","0","0.4",NA
2014,"Females","All ages","Government Office Region","E12000003","Yorkshire and The Humber","All quintiles","All stages","Brain","Non-benign endocrine","4","Age-standardised","[u]","[u]","[u]","[note2]"
2014,"Males","All ages","Government Office Region","E12000003","Yorkshire and The Humber","All quintiles","All stages","Brain","Non-benign endocrine","7","Non-standardised","0.3","0.1","0.5",NA
2014,"Males","All ages","Government Office Region","E12000003","Yorkshire and The Humber","All quintiles","All stages","Brain","Non-benign endocrine","7","Age-standardised","[u]","[u]","[u]","[note2]"
2015,"Females","All ages","Government Office Region","E12000003","Yorkshire and The Humber","All quintiles","All stages","Brain","Non-benign endocrine","6","Non-standardised","0.2","0.1","0.5",NA
2015,"Females","All ages","Government Office Region","E12000003","Yorkshire and The Humber","All quintiles","All stages","Brain","Non-benign endocrine","6","Age-standardised","[u]","[u]","[u]","[note2]"
2015,"Males","All ages","Government Office Region","E12000003","Yorkshire and The Humber","All quintiles","All stages","Brain","Non-benign endocrine","9","Non-standardised","0.3","0.2","0.6",NA
2015,"Males","All ages","Government Office Region","E12000003","Yorkshire and The Humber","All quintiles","All stages","Brain","Non-benign endocrine","9","Age-standardised","[u]","[u]","[u]","[note2]"
2016,"Females","All ages","Government Office Region","E12000003","Yorkshire and The Humber","All quintiles","All stages","Brain","Non-benign endocrine","8","Non-standardised","0.3","0.1","0.6",NA
2016,"Females","All ages","Government Office Region","E12000003","Yorkshire and The Humber","All quintiles","All stages","Brain","Non-benign endocrine","8","Age-standardised","[u]","[u]","[u]","[note2]"
2016,"Males","All ages","Government Office Region","E12000003","Yorkshire and The Humber","All quintiles","All stages","Brain","Non-benign endocrine","10","Non-standardised","0.4","0.2","0.7",NA
2016,"Males","All ages","Government Office Region","E12000003","Yorkshire and The Humber","All quintiles","All stages","Brain","Non-benign endocrine","10","Age-standardised","0.4","0.2","0.7","[note1]"
2017,"Females","All ages","Government Office Region","E12000003","Yorkshire and The Humber","All quintiles","All stages","Brain","Non-benign endocrine","5","Non-standardised","0.2","0.1","0.4",NA
2017,"Females","All ages","Government Office Region","E12000003","Yorkshire and The Humber","All quintiles","All stages","Brain","Non-benign endocrine","5","Age-standardised","[u]","[u]","[u]","[note2]"
2017,"Males","All ages","Government Office Region","E12000003","Yorkshire and The Humber","All quintiles","All stages","Brain","Non-benign endocrine","6","Non-standardised","0.2","0.1","0.5",NA
2017,"Males","All ages","Government Office Region","E12000003","Yorkshire and The Humber","All quintiles","All stages","Brain","Non-benign endocrine","6","Age-standardised","[u]","[u]","[u]","[note2]"
2018,"Females","All ages","Government Office Region","E12000003","Yorkshire and The Humber","All quintiles","All stages","Brain","Non-benign endocrine","8","Non-standardised","0.3","0.1","0.6",NA
2018,"Females","All ages","Government Office Region","E12000003","Yorkshire and The Humber","All quintiles","All stages","Brain","Non-benign endocrine","8","Age-standardised","[u]","[u]","[u]","[note2]"
2018,"Males","All ages","Government Office Region","E12000003","Yorkshire and The Humber","All quintiles","All stages","Brain","Non-benign endocrine","6","Non-standardised","0.2","0.1","0.5",NA
2018,"Males","All ages","Government Office Region","E12000003","Yorkshire and The Humber","All quintiles","All stages","Brain","Non-benign endocrine","6","Age-standardised","[u]","[u]","[u]","[note2]"
2019,"Females","All ages","Government Office Region","E12000003","Yorkshire and The Humber","All quintiles","All stages","Brain","Non-benign endocrine","23","Non-standardised","0.8","0.5","1.2",NA
2019,"Females","All ages","Government Office Region","E12000003","Yorkshire and The Humber","All quintiles","All stages","Brain","Non-benign endocrine","23","Age-standardised","0.8","0.5","1.2",NA
2019,"Males","All ages","Government Office Region","E12000003","Yorkshire and The Humber","All quintiles","All stages","Brain","Non-benign endocrine","14","Non-standardised","0.5","0.3","0.9",NA
2019,"Males","All ages","Government Office Region","E12000003","Yorkshire and The Humber","All quintiles","All stages","Brain","Non-benign endocrine","14","Age-standardised","0.5","0.3","0.9","[note1]"
2020,"Females","All ages","Government Office Region","E12000003","Yorkshire and The Humber","All quintiles","All stages","Brain","Non-benign endocrine","14","Non-standardised","0.5","0.3","0.8",NA
2020,"Females","All ages","Government Office Region","E12000003","Yorkshire and The Humber","All quintiles","All stages","Brain","Non-benign endocrine","14","Age-standardised","0.5","0.3","0.8","[note1]"
2020,"Males","All ages","Government Office Region","E12000003","Yorkshire and The Humber","All quintiles","All stages","Brain","Non-benign endocrine","15","Non-standardised","0.6","0.3","0.9",NA
2020,"Males","All ages","Government Office Region","E12000003","Yorkshire and The Humber","All quintiles","All stages","Brain","Non-benign endocrine","15","Age-standardised","0.5","0.3","0.9","[note1]"
2021,"Females","All ages","Government Office Region","E12000003","Yorkshire and The Humber","All quintiles","All stages","Brain","Non-benign endocrine","8","Non-standardised","0.3","0.1","0.6",NA
2021,"Females","All ages","Government Office Region","E12000003","Yorkshire and The Humber","All quintiles","All stages","Brain","Non-benign endocrine","8","Age-standardised","[u]","[u]","[u]","[note2]"
2021,"Males","All ages","Government Office Region","E12000003","Yorkshire and The Humber","All quintiles","All stages","Brain","Non-benign endocrine","13","Non-standardised","0.5","0.3","0.8",NA
2021,"Males","All ages","Government Office Region","E12000003","Yorkshire and The Humber","All quintiles","All stages","Brain","Non-benign endocrine","13","Age-standardised","0.5","0.3","0.8","[note1]"
2022,"Females","All ages","Government Office Region","E12000003","Yorkshire and The Humber","All quintiles","All stages","Brain","Non-benign endocrine","6","Non-standardised","0.2","0.1","0.5",NA
2022,"Females","All ages","Government Office Region","E12000003","Yorkshire and The Humber","All quintiles","All stages","Brain","Non-benign endocrine","6","Age-standardised","[u]","[u]","[u]","[note2]"
2022,"Males","All ages","Government Office Region","E12000003","Yorkshire and The Humber","All quintiles","All stages","Brain","Non-benign endocrine","6","Non-standardised","0.2","0.1","0.5",NA
2022,"Males","All ages","Government Office Region","E12000003","Yorkshire and The Humber","All quintiles","All stages","Brain","Non-benign endocrine","6","Age-standardised","[u]","[u]","[u]","[note2]"
2013,"Females","All ages","Government Office Region","E12000003","Yorkshire and The Humber","All quintiles","All stages","Brain","Non-malignant brain","308","Non-standardised","11.4","10.1","12.7",NA
2013,"Females","All ages","Government Office Region","E12000003","Yorkshire and The Humber","All quintiles","All stages","Brain","Non-malignant brain","308","Age-standardised","11.6","10.3","13",NA
2013,"Males","All ages","Government Office Region","E12000003","Yorkshire and The Humber","All quintiles","All stages","Brain","Non-malignant brain","189","Non-standardised","7.2","6.2","8.3",NA
2013,"Males","All ages","Government Office Region","E12000003","Yorkshire and The Humber","All quintiles","All stages","Brain","Non-malignant brain","189","Age-standardised","8.1","7","9.4",NA
2014,"Females","All ages","Government Office Region","E12000003","Yorkshire and The Humber","All quintiles","All stages","Brain","Non-malignant brain","348","Non-standardised","12.8","11.5","14.2",NA
2014,"Females","All ages","Government Office Region","E12000003","Yorkshire and The Humber","All quintiles","All stages","Brain","Non-malignant brain","348","Age-standardised","13","11.7","14.4",NA
2014,"Males","All ages","Government Office Region","E12000003","Yorkshire and The Humber","All quintiles","All stages","Brain","Non-malignant brain","197","Non-standardised","7.5","6.5","8.6",NA
2014,"Males","All ages","Government Office Region","E12000003","Yorkshire and The Humber","All quintiles","All stages","Brain","Non-malignant brain","197","Age-standardised","8.3","7.1","9.5",NA
2015,"Females","All ages","Government Office Region","E12000003","Yorkshire and The Humber","All quintiles","All stages","Brain","Non-malignant brain","448","Non-standardised","16.4","14.9","18",NA
2015,"Females","All ages","Government Office Region","E12000003","Yorkshire and The Humber","All quintiles","All stages","Brain","Non-malignant brain","448","Age-standardised","16.8","15.3","18.4",NA
2015,"Males","All ages","Government Office Region","E12000003","Yorkshire and The Humber","All quintiles","All stages","Brain","Non-malignant brain","250","Non-standardised","9.4","8.3","10.7",NA
2015,"Males","All ages","Government Office Region","E12000003","Yorkshire and The Humber","All quintiles","All stages","Brain","Non-malignant brain","250","Age-standardised","10.3","9.1","11.7",NA
2016,"Females","All ages","Government Office Region","E12000003","Yorkshire and The Humber","All quintiles","All stages","Brain","Non-malignant brain","494","Non-standardised","18","16.4","19.7",NA
2016,"Females","All ages","Government Office Region","E12000003","Yorkshire and The Humber","All quintiles","All stages","Brain","Non-malignant brain","494","Age-standardised","18.2","16.6","19.9",NA
2016,"Males","All ages","Government Office Region","E12000003","Yorkshire and The Humber","All quintiles","All stages","Brain","Non-malignant brain","241","Non-standardised","9","7.9","10.3",NA
2016,"Males","All ages","Government Office Region","E12000003","Yorkshire and The Humber","All quintiles","All stages","Brain","Non-malignant brain","241","Age-standardised","9.9","8.7","11.2",NA
2017,"Females","All ages","Government Office Region","E12000003","Yorkshire and The Humber","All quintiles","All stages","Brain","Non-malignant brain","599","Non-standardised","21.7","20","23.5",NA
2017,"Females","All ages","Government Office Region","E12000003","Yorkshire and The Humber","All quintiles","All stages","Brain","Non-malignant brain","599","Age-standardised","21.9","20.2","23.7",NA
2017,"Males","All ages","Government Office Region","E12000003","Yorkshire and The Humber","All quintiles","All stages","Brain","Non-malignant brain","291","Non-standardised","10.9","9.7","12.2",NA
2017,"Males","All ages","Government Office Region","E12000003","Yorkshire and The Humber","All quintiles","All stages","Brain","Non-malignant brain","291","Age-standardised","11.8","10.5","13.2",NA
2018,"Females","All ages","Government Office Region","E12000003","Yorkshire and The Humber","All quintiles","All stages","Brain","Non-malignant brain","600","Non-standardised","21.7","20","23.5",NA
2018,"Females","All ages","Government Office Region","E12000003","Yorkshire and The Humber","All quintiles","All stages","Brain","Non-malignant brain","600","Age-standardised","21.5","19.8","23.3",NA
2018,"Males","All ages","Government Office Region","E12000003","Yorkshire and The Humber","All quintiles","All stages","Brain","Non-malignant brain","277","Non-standardised","10.3","9.2","11.6",NA
2018,"Males","All ages","Government Office Region","E12000003","Yorkshire and The Humber","All quintiles","All stages","Brain","Non-malignant brain","277","Age-standardised","11.1","9.8","12.5",NA
2019,"Females","All ages","Government Office Region","E12000003","Yorkshire and The Humber","All quintiles","All stages","Brain","Non-malignant brain","614","Non-standardised","22.1","20.4","23.9",NA
2019,"Females","All ages","Government Office Region","E12000003","Yorkshire and The Humber","All quintiles","All stages","Brain","Non-malignant brain","614","Age-standardised","21.8","20.1","23.6",NA
2019,"Males","All ages","Government Office Region","E12000003","Yorkshire and The Humber","All quintiles","All stages","Brain","Non-malignant brain","331","Non-standardised","12.3","11","13.7",NA
2019,"Males","All ages","Government Office Region","E12000003","Yorkshire and The Humber","All quintiles","All stages","Brain","Non-malignant brain","331","Age-standardised","13","11.6","14.4",NA
2020,"Females","All ages","Government Office Region","E12000003","Yorkshire and The Humber","All quintiles","All stages","Brain","Non-malignant brain","521","Non-standardised","18.7","17.1","20.4",NA
2020,"Females","All ages","Government Office Region","E12000003","Yorkshire and The Humber","All quintiles","All stages","Brain","Non-malignant brain","521","Age-standardised","18.4","16.8","20",NA
2020,"Males","All ages","Government Office Region","E12000003","Yorkshire and The Humber","All quintiles","All stages","Brain","Non-malignant brain","264","Non-standardised","9.8","8.7","11.1",NA
2020,"Males","All ages","Government Office Region","E12000003","Yorkshire and The Humber","All quintiles","All stages","Brain","Non-malignant brain","264","Age-standardised","10.4","9.2","11.8",NA
2021,"Females","All ages","Government Office Region","E12000003","Yorkshire and The Humber","All quintiles","All stages","Brain","Non-malignant brain","616","Non-standardised","22.1","20.3","23.9",NA
2021,"Females","All ages","Government Office Region","E12000003","Yorkshire and The Humber","All quintiles","All stages","Brain","Non-malignant brain","616","Age-standardised","21.8","20.1","23.6",NA
2021,"Males","All ages","Government Office Region","E12000003","Yorkshire and The Humber","All quintiles","All stages","Brain","Non-malignant brain","319","Non-standardised","11.9","10.6","13.2",NA
2021,"Males","All ages","Government Office Region","E12000003","Yorkshire and The Humber","All quintiles","All stages","Brain","Non-malignant brain","319","Age-standardised","12.5","11.1","13.9",NA
2022,"Females","All ages","Government Office Region","E12000003","Yorkshire and The Humber","All quintiles","All stages","Brain","Non-malignant brain","660","Non-standardised","23.4","21.7","25.3",NA
2022,"Females","All ages","Government Office Region","E12000003","Yorkshire and The Humber","All quintiles","All stages","Brain","Non-malignant brain","660","Age-standardised","23.1","21.3","24.9",NA
2022,"Males","All ages","Government Office Region","E12000003","Yorkshire and The Humber","All quintiles","All stages","Brain","Non-malignant brain","329","Non-standardised","12.1","10.8","13.5",NA
2022,"Males","All ages","Government Office Region","E12000003","Yorkshire and The Humber","All quintiles","All stages","Brain","Non-malignant brain","329","Age-standardised","12.7","11.3","14.1",NA
2013,"Females","All ages","Government Office Region","E12000003","Yorkshire and The Humber","All quintiles","All stages","Brain","All Brain","579","Non-standardised","21.4","19.7","23.2",NA
2013,"Females","All ages","Government Office Region","E12000003","Yorkshire and The Humber","All quintiles","All stages","Brain","All Brain","579","Age-standardised","22","20.2","23.8",NA
2013,"Males","All ages","Government Office Region","E12000003","Yorkshire and The Humber","All quintiles","All stages","Brain","All Brain","554","Non-standardised","21.1","19.4","22.9",NA
2013,"Males","All ages","Government Office Region","E12000003","Yorkshire and The Humber","All quintiles","All stages","Brain","All Brain","554","Age-standardised","23.7","21.7","25.7",NA
2014,"Females","All ages","Government Office Region","E12000003","Yorkshire and The Humber","All quintiles","All stages","Brain","All Brain","598","Non-standardised","22","20.3","23.8",NA
2014,"Females","All ages","Government Office Region","E12000003","Yorkshire and The Humber","All quintiles","All stages","Brain","All Brain","598","Age-standardised","22.4","20.6","24.3",NA
2014,"Males","All ages","Government Office Region","E12000003","Yorkshire and The Humber","All quintiles","All stages","Brain","All Brain","545","Non-standardised","20.7","19","22.5",NA
2014,"Males","All ages","Government Office Region","E12000003","Yorkshire and The Humber","All quintiles","All stages","Brain","All Brain","545","Age-standardised","22.5","20.7","24.5",NA
2015,"Females","All ages","Government Office Region","E12000003","Yorkshire and The Humber","All quintiles","All stages","Brain","All Brain","736","Non-standardised","27","25.1","29",NA
2015,"Females","All ages","Government Office Region","E12000003","Yorkshire and The Humber","All quintiles","All stages","Brain","All Brain","736","Age-standardised","27.5","25.5","29.6",NA
2015,"Males","All ages","Government Office Region","E12000003","Yorkshire and The Humber","All quintiles","All stages","Brain","All Brain","607","Non-standardised","22.9","21.1","24.8",NA
2015,"Males","All ages","Government Office Region","E12000003","Yorkshire and The Humber","All quintiles","All stages","Brain","All Brain","607","Age-standardised","24.9","23","27",NA
2016,"Females","All ages","Government Office Region","E12000003","Yorkshire and The Humber","All quintiles","All stages","Brain","All Brain","782","Non-standardised","28.5","26.5","30.6",NA
2016,"Females","All ages","Government Office Region","E12000003","Yorkshire and The Humber","All quintiles","All stages","Brain","All Brain","782","Age-standardised","28.9","26.9","31",NA
2016,"Males","All ages","Government Office Region","E12000003","Yorkshire and The Humber","All quintiles","All stages","Brain","All Brain","584","Non-standardised","21.9","20.2","23.8",NA
2016,"Males","All ages","Government Office Region","E12000003","Yorkshire and The Humber","All quintiles","All stages","Brain","All Brain","584","Age-standardised","23.8","21.9","25.8",NA
2017,"Females","All ages","Government Office Region","E12000003","Yorkshire and The Humber","All quintiles","All stages","Brain","All Brain","874","Non-standardised","31.7","29.6","33.9",NA
2017,"Females","All ages","Government Office Region","E12000003","Yorkshire and The Humber","All quintiles","All stages","Brain","All Brain","874","Age-standardised","31.9","29.8","34.1",NA
2017,"Males","All ages","Government Office Region","E12000003","Yorkshire and The Humber","All quintiles","All stages","Brain","All Brain","661","Non-standardised","24.7","22.9","26.7",NA
2017,"Males","All ages","Government Office Region","E12000003","Yorkshire and The Humber","All quintiles","All stages","Brain","All Brain","661","Age-standardised","26.6","24.6","28.7",NA
2018,"Females","All ages","Government Office Region","E12000003","Yorkshire and The Humber","All quintiles","All stages","Brain","All Brain","897","Non-standardised","32.4","30.3","34.6",NA
2018,"Females","All ages","Government Office Region","E12000003","Yorkshire and The Humber","All quintiles","All stages","Brain","All Brain","897","Age-standardised","32.3","30.2","34.4",NA
2018,"Males","All ages","Government Office Region","E12000003","Yorkshire and The Humber","All quintiles","All stages","Brain","All Brain","608","Non-standardised","22.7","20.9","24.6",NA
2018,"Males","All ages","Government Office Region","E12000003","Yorkshire and The Humber","All quintiles","All stages","Brain","All Brain","608","Age-standardised","24.3","22.4","26.4",NA
2019,"Females","All ages","Government Office Region","E12000003","Yorkshire and The Humber","All quintiles","All stages","Brain","All Brain","950","Non-standardised","34.2","32.1","36.4",NA
2019,"Females","All ages","Government Office Region","E12000003","Yorkshire and The Humber","All quintiles","All stages","Brain","All Brain","950","Age-standardised","33.9","31.8","36.1",NA
2019,"Males","All ages","Government Office Region","E12000003","Yorkshire and The Humber","All quintiles","All stages","Brain","All Brain","716","Non-standardised","26.7","24.7","28.7",NA
2019,"Males","All ages","Government Office Region","E12000003","Yorkshire and The Humber","All quintiles","All stages","Brain","All Brain","716","Age-standardised","28.1","26","30.2",NA
2020,"Females","All ages","Government Office Region","E12000003","Yorkshire and The Humber","All quintiles","All stages","Brain","All Brain","773","Non-standardised","27.8","25.9","29.8",NA
2020,"Females","All ages","Government Office Region","E12000003","Yorkshire and The Humber","All quintiles","All stages","Brain","All Brain","773","Age-standardised","27.3","25.4","29.3",NA
2020,"Males","All ages","Government Office Region","E12000003","Yorkshire and The Humber","All quintiles","All stages","Brain","All Brain","582","Non-standardised","21.7","19.9","23.5",NA
2020,"Males","All ages","Government Office Region","E12000003","Yorkshire and The Humber","All quintiles","All stages","Brain","All Brain","582","Age-standardised","22.7","20.9","24.6",NA
2021,"Females","All ages","Government Office Region","E12000003","Yorkshire and The Humber","All quintiles","All stages","Brain","All Brain","905","Non-standardised","32.4","30.3","34.6",NA
2021,"Females","All ages","Government Office Region","E12000003","Yorkshire and The Humber","All quintiles","All stages","Brain","All Brain","905","Age-standardised","32","29.9","34.1",NA
2021,"Males","All ages","Government Office Region","E12000003","Yorkshire and The Humber","All quintiles","All stages","Brain","All Brain","722","Non-standardised","26.8","24.9","28.9",NA
2021,"Males","All ages","Government Office Region","E12000003","Yorkshire and The Humber","All quintiles","All stages","Brain","All Brain","722","Age-standardised","28.1","26.1","30.2",NA
2022,"Females","All ages","Government Office Region","E12000003","Yorkshire and The Humber","All quintiles","All stages","Brain","All Brain","975","Non-standardised","34.6","32.5","36.9",NA
2022,"Females","All ages","Government Office Region","E12000003","Yorkshire and The Humber","All quintiles","All stages","Brain","All Brain","975","Age-standardised","34.1","32","36.3",NA
2022,"Males","All ages","Government Office Region","E12000003","Yorkshire and The Humber","All quintiles","All stages","Brain","All Brain","695","Non-standardised","25.5","23.7","27.5",NA
2022,"Males","All ages","Government Office Region","E12000003","Yorkshire and The Humber","All quintiles","All stages","Brain","All Brain","695","Age-standardised","26.6","24.7","28.7",NA
2013,"Persons","All ages","Government Office Region","E12000004","East Midlands","All quintiles","All stages","Brain","Benign endocrine","72","Non-standardised","1.6","1.2","2",NA
2013,"Persons","All ages","Government Office Region","E12000004","East Midlands","All quintiles","All stages","Brain","Benign endocrine","72","Age-gender-standardised","1.6","1.3","2.1",NA
2014,"Persons","All ages","Government Office Region","E12000004","East Midlands","All quintiles","All stages","Brain","Benign endocrine","73","Non-standardised","1.6","1.2","2",NA
2014,"Persons","All ages","Government Office Region","E12000004","East Midlands","All quintiles","All stages","Brain","Benign endocrine","73","Age-gender-standardised","1.6","1.3","2",NA
2015,"Persons","All ages","Government Office Region","E12000004","East Midlands","All quintiles","All stages","Brain","Benign endocrine","77","Non-standardised","1.6","1.3","2.1",NA
2015,"Persons","All ages","Government Office Region","E12000004","East Midlands","All quintiles","All stages","Brain","Benign endocrine","77","Age-gender-standardised","1.7","1.4","2.2",NA
2016,"Persons","All ages","Government Office Region","E12000004","East Midlands","All quintiles","All stages","Brain","Benign endocrine","75","Non-standardised","1.6","1.2","2",NA
2016,"Persons","All ages","Government Office Region","E12000004","East Midlands","All quintiles","All stages","Brain","Benign endocrine","75","Age-gender-standardised","1.6","1.3","2",NA
2017,"Persons","All ages","Government Office Region","E12000004","East Midlands","All quintiles","All stages","Brain","Benign endocrine","69","Non-standardised","1.4","1.1","1.8",NA
2017,"Persons","All ages","Government Office Region","E12000004","East Midlands","All quintiles","All stages","Brain","Benign endocrine","69","Age-gender-standardised","1.5","1.2","1.9",NA
2018,"Persons","All ages","Government Office Region","E12000004","East Midlands","All quintiles","All stages","Brain","Benign endocrine","89","Non-standardised","1.8","1.5","2.3",NA
2018,"Persons","All ages","Government Office Region","E12000004","East Midlands","All quintiles","All stages","Brain","Benign endocrine","89","Age-gender-standardised","1.9","1.5","2.3",NA
2019,"Persons","All ages","Government Office Region","E12000004","East Midlands","All quintiles","All stages","Brain","Benign endocrine","89","Non-standardised","1.8","1.5","2.3",NA
2019,"Persons","All ages","Government Office Region","E12000004","East Midlands","All quintiles","All stages","Brain","Benign endocrine","89","Age-gender-standardised","1.9","1.6","2.4",NA
2020,"Persons","All ages","Government Office Region","E12000004","East Midlands","All quintiles","All stages","Brain","Benign endocrine","53","Non-standardised","1.1","0.8","1.4",NA
2020,"Persons","All ages","Government Office Region","E12000004","East Midlands","All quintiles","All stages","Brain","Benign endocrine","53","Age-gender-standardised","1.1","0.8","1.5",NA
2021,"Persons","All ages","Government Office Region","E12000004","East Midlands","All quintiles","All stages","Brain","Benign endocrine","49","Non-standardised","1","0.7","1.3",NA
2021,"Persons","All ages","Government Office Region","E12000004","East Midlands","All quintiles","All stages","Brain","Benign endocrine","49","Age-gender-standardised","1","0.7","1.3",NA
2022,"Persons","All ages","Government Office Region","E12000004","East Midlands","All quintiles","All stages","Brain","Benign endocrine","53","Non-standardised","1.1","0.8","1.4",NA
2022,"Persons","All ages","Government Office Region","E12000004","East Midlands","All quintiles","All stages","Brain","Benign endocrine","53","Age-gender-standardised","1.1","0.8","1.4",NA
2013,"Persons","All ages","Government Office Region","E12000004","East Midlands","All quintiles","All stages","Brain","Malignant brain","424","Non-standardised","9.2","8.4","10.1",NA
2013,"Persons","All ages","Government Office Region","E12000004","East Midlands","All quintiles","All stages","Brain","Malignant brain","424","Age-gender-standardised","9.7","8.8","10.7",NA
2014,"Persons","All ages","Government Office Region","E12000004","East Midlands","All quintiles","All stages","Brain","Malignant brain","405","Non-standardised","8.7","7.9","9.6",NA
2014,"Persons","All ages","Government Office Region","E12000004","East Midlands","All quintiles","All stages","Brain","Malignant brain","405","Age-gender-standardised","9.2","8.3","10.1",NA
2015,"Persons","All ages","Government Office Region","E12000004","East Midlands","All quintiles","All stages","Brain","Malignant brain","454","Non-standardised","9.7","8.8","10.6",NA
2015,"Persons","All ages","Government Office Region","E12000004","East Midlands","All quintiles","All stages","Brain","Malignant brain","454","Age-gender-standardised","10.2","9.2","11.2",NA
2016,"Persons","All ages","Government Office Region","E12000004","East Midlands","All quintiles","All stages","Brain","Malignant brain","424","Non-standardised","9","8.1","9.9",NA
2016,"Persons","All ages","Government Office Region","E12000004","East Midlands","All quintiles","All stages","Brain","Malignant brain","424","Age-gender-standardised","9.3","8.4","10.2",NA
2017,"Persons","All ages","Government Office Region","E12000004","East Midlands","All quintiles","All stages","Brain","Malignant brain","430","Non-standardised","9","8.2","9.9",NA
2017,"Persons","All ages","Government Office Region","E12000004","East Midlands","All quintiles","All stages","Brain","Malignant brain","430","Age-gender-standardised","9.2","8.4","10.1",NA
2018,"Persons","All ages","Government Office Region","E12000004","East Midlands","All quintiles","All stages","Brain","Malignant brain","407","Non-standardised","8.5","7.7","9.3",NA
2018,"Persons","All ages","Government Office Region","E12000004","East Midlands","All quintiles","All stages","Brain","Malignant brain","407","Age-gender-standardised","8.7","7.9","9.6",NA
2019,"Persons","All ages","Government Office Region","E12000004","East Midlands","All quintiles","All stages","Brain","Malignant brain","399","Non-standardised","8.2","7.4","9.1",NA
2019,"Persons","All ages","Government Office Region","E12000004","East Midlands","All quintiles","All stages","Brain","Malignant brain","399","Age-gender-standardised","8.4","7.6","9.2",NA
2020,"Persons","All ages","Government Office Region","E12000004","East Midlands","All quintiles","All stages","Brain","Malignant brain","399","Non-standardised","8.2","7.4","9.1",NA
2020,"Persons","All ages","Government Office Region","E12000004","East Midlands","All quintiles","All stages","Brain","Malignant brain","399","Age-gender-standardised","8.3","7.5","9.2",NA
2021,"Persons","All ages","Government Office Region","E12000004","East Midlands","All quintiles","All stages","Brain","Malignant brain","408","Non-standardised","8.4","7.6","9.2",NA
2021,"Persons","All ages","Government Office Region","E12000004","East Midlands","All quintiles","All stages","Brain","Malignant brain","408","Age-gender-standardised","8.4","7.6","9.3",NA
2022,"Persons","All ages","Government Office Region","E12000004","East Midlands","All quintiles","All stages","Brain","Malignant brain","442","Non-standardised","9","8.1","9.8",NA
2022,"Persons","All ages","Government Office Region","E12000004","East Midlands","All quintiles","All stages","Brain","Malignant brain","442","Age-gender-standardised","9","8.2","9.9",NA
2013,"Persons","All ages","Government Office Region","E12000004","East Midlands","All quintiles","All stages","Brain","Non-benign endocrine","19","Non-standardised","0.4","0.2","0.6",NA
2013,"Persons","All ages","Government Office Region","E12000004","East Midlands","All quintiles","All stages","Brain","Non-benign endocrine","19","Age-gender-standardised","0.4","0.2","0.6",NA
2014,"Persons","All ages","Government Office Region","E12000004","East Midlands","All quintiles","All stages","Brain","Non-benign endocrine","15","Non-standardised","0.3","0.2","0.5",NA
2014,"Persons","All ages","Government Office Region","E12000004","East Midlands","All quintiles","All stages","Brain","Non-benign endocrine","15","Age-gender-standardised","0.3","0.2","0.5",NA
2015,"Persons","All ages","Government Office Region","E12000004","East Midlands","All quintiles","All stages","Brain","Non-benign endocrine","19","Non-standardised","0.4","0.2","0.6",NA
2015,"Persons","All ages","Government Office Region","E12000004","East Midlands","All quintiles","All stages","Brain","Non-benign endocrine","19","Age-gender-standardised","0.4","0.2","0.6",NA
2016,"Persons","All ages","Government Office Region","E12000004","East Midlands","All quintiles","All stages","Brain","Non-benign endocrine","16","Non-standardised","0.3","0.2","0.5",NA
2016,"Persons","All ages","Government Office Region","E12000004","East Midlands","All quintiles","All stages","Brain","Non-benign endocrine","16","Age-gender-standardised","0.3","0.2","0.6",NA
2017,"Persons","All ages","Government Office Region","E12000004","East Midlands","All quintiles","All stages","Brain","Non-benign endocrine","17","Non-standardised","0.4","0.2","0.6",NA
2017,"Persons","All ages","Government Office Region","E12000004","East Midlands","All quintiles","All stages","Brain","Non-benign endocrine","17","Age-gender-standardised","0.3","0.2","0.6",NA
2018,"Persons","All ages","Government Office Region","E12000004","East Midlands","All quintiles","All stages","Brain","Non-benign endocrine","16","Non-standardised","0.3","0.2","0.5",NA
2018,"Persons","All ages","Government Office Region","E12000004","East Midlands","All quintiles","All stages","Brain","Non-benign endocrine","16","Age-gender-standardised","0.3","0.2","0.5",NA
2019,"Persons","All ages","Government Office Region","E12000004","East Midlands","All quintiles","All stages","Brain","Non-benign endocrine","13","Non-standardised","0.3","0.1","0.5",NA
2019,"Persons","All ages","Government Office Region","E12000004","East Midlands","All quintiles","All stages","Brain","Non-benign endocrine","13","Age-gender-standardised","0.3","0.1","0.5",NA
2020,"Persons","All ages","Government Office Region","E12000004","East Midlands","All quintiles","All stages","Brain","Non-benign endocrine","13","Non-standardised","0.3","0.1","0.5",NA
2020,"Persons","All ages","Government Office Region","E12000004","East Midlands","All quintiles","All stages","Brain","Non-benign endocrine","13","Age-gender-standardised","0.3","0.1","0.5",NA
2021,"Persons","All ages","Government Office Region","E12000004","East Midlands","All quintiles","All stages","Brain","Non-benign endocrine","12","Non-standardised","0.2","0.1","0.4",NA
2021,"Persons","All ages","Government Office Region","E12000004","East Midlands","All quintiles","All stages","Brain","Non-benign endocrine","12","Age-gender-standardised","0.2","0.1","0.4",NA
2022,"Persons","All ages","Government Office Region","E12000004","East Midlands","All quintiles","All stages","Brain","Non-benign endocrine","11","Non-standardised","0.2","0.1","0.4",NA
2022,"Persons","All ages","Government Office Region","E12000004","East Midlands","All quintiles","All stages","Brain","Non-benign endocrine","11","Age-gender-standardised","0.2","0.1","0.4",NA
2013,"Persons","All ages","Government Office Region","E12000004","East Midlands","All quintiles","All stages","Brain","Non-malignant brain","305","Non-standardised","6.6","5.9","7.4",NA
2013,"Persons","All ages","Government Office Region","E12000004","East Midlands","All quintiles","All stages","Brain","Non-malignant brain","305","Age-gender-standardised","6.8","6.1","7.6",NA
2014,"Persons","All ages","Government Office Region","E12000004","East Midlands","All quintiles","All stages","Brain","Non-malignant brain","318","Non-standardised","6.8","6.1","7.6",NA
2014,"Persons","All ages","Government Office Region","E12000004","East Midlands","All quintiles","All stages","Brain","Non-malignant brain","318","Age-gender-standardised","7.1","6.3","7.9",NA
2015,"Persons","All ages","Government Office Region","E12000004","East Midlands","All quintiles","All stages","Brain","Non-malignant brain","411","Non-standardised","8.8","8","9.7",NA
2015,"Persons","All ages","Government Office Region","E12000004","East Midlands","All quintiles","All stages","Brain","Non-malignant brain","411","Age-gender-standardised","9","8.2","9.9",NA
2016,"Persons","All ages","Government Office Region","E12000004","East Midlands","All quintiles","All stages","Brain","Non-malignant brain","430","Non-standardised","9.1","8.2","10",NA
2016,"Persons","All ages","Government Office Region","E12000004","East Midlands","All quintiles","All stages","Brain","Non-malignant brain","430","Age-gender-standardised","9.4","8.5","10.3",NA
2017,"Persons","All ages","Government Office Region","E12000004","East Midlands","All quintiles","All stages","Brain","Non-malignant brain","424","Non-standardised","8.9","8","9.8",NA
2017,"Persons","All ages","Government Office Region","E12000004","East Midlands","All quintiles","All stages","Brain","Non-malignant brain","424","Age-gender-standardised","9","8.2","9.9",NA
2018,"Persons","All ages","Government Office Region","E12000004","East Midlands","All quintiles","All stages","Brain","Non-malignant brain","446","Non-standardised","9.3","8.4","10.2",NA
2018,"Persons","All ages","Government Office Region","E12000004","East Midlands","All quintiles","All stages","Brain","Non-malignant brain","446","Age-gender-standardised","9.4","8.5","10.3",NA
2019,"Persons","All ages","Government Office Region","E12000004","East Midlands","All quintiles","All stages","Brain","Non-malignant brain","471","Non-standardised","9.7","8.9","10.6",NA
2019,"Persons","All ages","Government Office Region","E12000004","East Midlands","All quintiles","All stages","Brain","Non-malignant brain","471","Age-gender-standardised","9.7","8.9","10.7",NA
2020,"Persons","All ages","Government Office Region","E12000004","East Midlands","All quintiles","All stages","Brain","Non-malignant brain","397","Non-standardised","8.2","7.4","9",NA
2020,"Persons","All ages","Government Office Region","E12000004","East Midlands","All quintiles","All stages","Brain","Non-malignant brain","397","Age-gender-standardised","8.1","7.3","9",NA
2021,"Persons","All ages","Government Office Region","E12000004","East Midlands","All quintiles","All stages","Brain","Non-malignant brain","343","Non-standardised","7","6.3","7.8",NA
2021,"Persons","All ages","Government Office Region","E12000004","East Midlands","All quintiles","All stages","Brain","Non-malignant brain","343","Age-gender-standardised","7","6.3","7.8",NA
2022,"Persons","All ages","Government Office Region","E12000004","East Midlands","All quintiles","All stages","Brain","Non-malignant brain","409","Non-standardised","8.3","7.5","9.1",NA
2022,"Persons","All ages","Government Office Region","E12000004","East Midlands","All quintiles","All stages","Brain","Non-malignant brain","409","Age-gender-standardised","8.2","7.4","9",NA
2013,"Persons","All ages","Government Office Region","E12000004","East Midlands","All quintiles","All stages","Brain","All Brain","820","Non-standardised","17.8","16.6","19.1",NA
2013,"Persons","All ages","Government Office Region","E12000004","East Midlands","All quintiles","All stages","Brain","All Brain","820","Age-gender-standardised","18.6","17.3","19.9",NA
2014,"Persons","All ages","Government Office Region","E12000004","East Midlands","All quintiles","All stages","Brain","All Brain","811","Non-standardised","17.5","16.3","18.7",NA
2014,"Persons","All ages","Government Office Region","E12000004","East Midlands","All quintiles","All stages","Brain","All Brain","811","Age-gender-standardised","18.2","16.9","19.5",NA
2015,"Persons","All ages","Government Office Region","E12000004","East Midlands","All quintiles","All stages","Brain","All Brain","961","Non-standardised","20.5","19.2","21.9",NA
2015,"Persons","All ages","Government Office Region","E12000004","East Midlands","All quintiles","All stages","Brain","All Brain","961","Age-gender-standardised","21.3","20","22.7",NA
2016,"Persons","All ages","Government Office Region","E12000004","East Midlands","All quintiles","All stages","Brain","All Brain","945","Non-standardised","20","18.7","21.3",NA
2016,"Persons","All ages","Government Office Region","E12000004","East Midlands","All quintiles","All stages","Brain","All Brain","945","Age-gender-standardised","20.6","19.3","22",NA
2017,"Persons","All ages","Government Office Region","E12000004","East Midlands","All quintiles","All stages","Brain","All Brain","940","Non-standardised","19.7","18.4","21",NA
2017,"Persons","All ages","Government Office Region","E12000004","East Midlands","All quintiles","All stages","Brain","All Brain","940","Age-gender-standardised","20.1","18.8","21.4",NA
2018,"Persons","All ages","Government Office Region","E12000004","East Midlands","All quintiles","All stages","Brain","All Brain","958","Non-standardised","19.9","18.7","21.2",NA
2018,"Persons","All ages","Government Office Region","E12000004","East Midlands","All quintiles","All stages","Brain","All Brain","958","Age-gender-standardised","20.3","19","21.6",NA
2019,"Persons","All ages","Government Office Region","E12000004","East Midlands","All quintiles","All stages","Brain","All Brain","972","Non-standardised","20.1","18.8","21.4",NA
2019,"Persons","All ages","Government Office Region","E12000004","East Midlands","All quintiles","All stages","Brain","All Brain","972","Age-gender-standardised","20.3","19.1","21.7",NA
2020,"Persons","All ages","Government Office Region","E12000004","East Midlands","All quintiles","All stages","Brain","All Brain","862","Non-standardised","17.8","16.6","19",NA
2020,"Persons","All ages","Government Office Region","E12000004","East Midlands","All quintiles","All stages","Brain","All Brain","862","Age-gender-standardised","17.8","16.7","19.1",NA
2021,"Persons","All ages","Government Office Region","E12000004","East Midlands","All quintiles","All stages","Brain","All Brain","812","Non-standardised","16.6","15.5","17.8",NA
2021,"Persons","All ages","Government Office Region","E12000004","East Midlands","All quintiles","All stages","Brain","All Brain","812","Age-gender-standardised","16.7","15.6","17.9",NA
2022,"Persons","All ages","Government Office Region","E12000004","East Midlands","All quintiles","All stages","Brain","All Brain","915","Non-standardised","18.5","17.4","19.8",NA
2022,"Persons","All ages","Government Office Region","E12000004","East Midlands","All quintiles","All stages","Brain","All Brain","915","Age-gender-standardised","18.5","17.3","19.7",NA
2013,"Persons","All ages","Government Office Region","E12000006","East of England","All quintiles","All stages","Brain","Benign endocrine","120","Non-standardised","2","1.7","2.4",NA
2013,"Persons","All ages","Government Office Region","E12000006","East of England","All quintiles","All stages","Brain","Benign endocrine","120","Age-gender-standardised","2.1","1.8","2.5",NA
2014,"Persons","All ages","Government Office Region","E12000006","East of England","All quintiles","All stages","Brain","Benign endocrine","103","Non-standardised","1.7","1.4","2.1",NA
2014,"Persons","All ages","Government Office Region","E12000006","East of England","All quintiles","All stages","Brain","Benign endocrine","103","Age-gender-standardised","1.8","1.4","2.1",NA
2015,"Persons","All ages","Government Office Region","E12000006","East of England","All quintiles","All stages","Brain","Benign endocrine","106","Non-standardised","1.7","1.4","2.1",NA
2015,"Persons","All ages","Government Office Region","E12000006","East of England","All quintiles","All stages","Brain","Benign endocrine","106","Age-gender-standardised","1.8","1.5","2.2",NA
2016,"Persons","All ages","Government Office Region","E12000006","East of England","All quintiles","All stages","Brain","Benign endocrine","111","Non-standardised","1.8","1.5","2.2",NA
2016,"Persons","All ages","Government Office Region","E12000006","East of England","All quintiles","All stages","Brain","Benign endocrine","111","Age-gender-standardised","1.9","1.5","2.3",NA
2017,"Persons","All ages","Government Office Region","E12000006","East of England","All quintiles","All stages","Brain","Benign endocrine","90","Non-standardised","1.5","1.2","1.8",NA
2017,"Persons","All ages","Government Office Region","E12000006","East of England","All quintiles","All stages","Brain","Benign endocrine","90","Age-gender-standardised","1.5","1.2","1.9",NA
2018,"Persons","All ages","Government Office Region","E12000006","East of England","All quintiles","All stages","Brain","Benign endocrine","89","Non-standardised","1.4","1.1","1.8",NA
2018,"Persons","All ages","Government Office Region","E12000006","East of England","All quintiles","All stages","Brain","Benign endocrine","89","Age-gender-standardised","1.5","1.2","1.8",NA
2019,"Persons","All ages","Government Office Region","E12000006","East of England","All quintiles","All stages","Brain","Benign endocrine","79","Non-standardised","1.3","1","1.6",NA
2019,"Persons","All ages","Government Office Region","E12000006","East of England","All quintiles","All stages","Brain","Benign endocrine","79","Age-gender-standardised","1.3","1","1.6",NA
2020,"Persons","All ages","Government Office Region","E12000006","East of England","All quintiles","All stages","Brain","Benign endocrine","84","Non-standardised","1.3","1.1","1.7",NA
2020,"Persons","All ages","Government Office Region","E12000006","East of England","All quintiles","All stages","Brain","Benign endocrine","84","Age-gender-standardised","1.4","1.1","1.7",NA
2021,"Persons","All ages","Government Office Region","E12000006","East of England","All quintiles","All stages","Brain","Benign endocrine","107","Non-standardised","1.7","1.4","2",NA
2021,"Persons","All ages","Government Office Region","E12000006","East of England","All quintiles","All stages","Brain","Benign endocrine","107","Age-gender-standardised","1.7","1.4","2.1",NA
2022,"Persons","All ages","Government Office Region","E12000006","East of England","All quintiles","All stages","Brain","Benign endocrine","98","Non-standardised","1.5","1.2","1.9",NA
2022,"Persons","All ages","Government Office Region","E12000006","East of England","All quintiles","All stages","Brain","Benign endocrine","98","Age-gender-standardised","1.5","1.2","1.9",NA
2013,"Persons","All ages","Government Office Region","E12000006","East of England","All quintiles","All stages","Brain","Malignant brain","567","Non-standardised","9.5","8.7","10.3",NA
2013,"Persons","All ages","Government Office Region","E12000006","East of England","All quintiles","All stages","Brain","Malignant brain","567","Age-gender-standardised","10","9.2","10.9",NA
2014,"Persons","All ages","Government Office Region","E12000006","East of England","All quintiles","All stages","Brain","Malignant brain","493","Non-standardised","8.2","7.5","8.9",NA
2014,"Persons","All ages","Government Office Region","E12000006","East of England","All quintiles","All stages","Brain","Malignant brain","493","Age-gender-standardised","8.5","7.8","9.3",NA
2015,"Persons","All ages","Government Office Region","E12000006","East of England","All quintiles","All stages","Brain","Malignant brain","554","Non-standardised","9.1","8.3","9.9",NA
2015,"Persons","All ages","Government Office Region","E12000006","East of England","All quintiles","All stages","Brain","Malignant brain","554","Age-gender-standardised","9.4","8.6","10.2",NA
2016,"Persons","All ages","Government Office Region","E12000006","East of England","All quintiles","All stages","Brain","Malignant brain","553","Non-standardised","9","8.2","9.8",NA
2016,"Persons","All ages","Government Office Region","E12000006","East of England","All quintiles","All stages","Brain","Malignant brain","553","Age-gender-standardised","9.2","8.5","10",NA
2017,"Persons","All ages","Government Office Region","E12000006","East of England","All quintiles","All stages","Brain","Malignant brain","580","Non-standardised","9.4","8.6","10.1",NA
2017,"Persons","All ages","Government Office Region","E12000006","East of England","All quintiles","All stages","Brain","Malignant brain","580","Age-gender-standardised","9.6","8.8","10.4",NA
2018,"Persons","All ages","Government Office Region","E12000006","East of England","All quintiles","All stages","Brain","Malignant brain","577","Non-standardised","9.3","8.5","10",NA
2018,"Persons","All ages","Government Office Region","E12000006","East of England","All quintiles","All stages","Brain","Malignant brain","577","Age-gender-standardised","9.4","8.6","10.2",NA
2019,"Persons","All ages","Government Office Region","E12000006","East of England","All quintiles","All stages","Brain","Malignant brain","583","Non-standardised","9.3","8.6","10.1",NA
2019,"Persons","All ages","Government Office Region","E12000006","East of England","All quintiles","All stages","Brain","Malignant brain","583","Age-gender-standardised","9.4","8.7","10.2",NA
2020,"Persons","All ages","Government Office Region","E12000006","East of England","All quintiles","All stages","Brain","Malignant brain","534","Non-standardised","8.5","7.8","9.2",NA
2020,"Persons","All ages","Government Office Region","E12000006","East of England","All quintiles","All stages","Brain","Malignant brain","534","Age-gender-standardised","8.5","7.8","9.3",NA
2021,"Persons","All ages","Government Office Region","E12000006","East of England","All quintiles","All stages","Brain","Malignant brain","552","Non-standardised","8.7","8","9.4",NA
2021,"Persons","All ages","Government Office Region","E12000006","East of England","All quintiles","All stages","Brain","Malignant brain","552","Age-gender-standardised","8.7","8","9.4",NA
2022,"Persons","All ages","Government Office Region","E12000006","East of England","All quintiles","All stages","Brain","Malignant brain","542","Non-standardised","8.5","7.8","9.2",NA
2022,"Persons","All ages","Government Office Region","E12000006","East of England","All quintiles","All stages","Brain","Malignant brain","542","Age-gender-standardised","8.5","7.8","9.2",NA
2013,"Persons","All ages","Government Office Region","E12000006","East of England","All quintiles","All stages","Brain","Non-benign endocrine","15","Non-standardised","0.3","0.1","0.4",NA
2013,"Persons","All ages","Government Office Region","E12000006","East of England","All quintiles","All stages","Brain","Non-benign endocrine","15","Age-gender-standardised","0.3","0.1","0.4",NA
2014,"Persons","All ages","Government Office Region","E12000006","East of England","All quintiles","All stages","Brain","Non-benign endocrine","19","Non-standardised","0.3","0.2","0.5",NA
2014,"Persons","All ages","Government Office Region","E12000006","East of England","All quintiles","All stages","Brain","Non-benign endocrine","19","Age-gender-standardised","0.3","0.2","0.5",NA
2015,"Persons","All ages","Government Office Region","E12000006","East of England","All quintiles","All stages","Brain","Non-benign endocrine","18","Non-standardised","0.3","0.2","0.5",NA
2015,"Persons","All ages","Government Office Region","E12000006","East of England","All quintiles","All stages","Brain","Non-benign endocrine","18","Age-gender-standardised","0.3","0.2","0.5",NA
2016,"Persons","All ages","Government Office Region","E12000006","East of England","All quintiles","All stages","Brain","Non-benign endocrine","19","Non-standardised","0.3","0.2","0.5",NA
2016,"Persons","All ages","Government Office Region","E12000006","East of England","All quintiles","All stages","Brain","Non-benign endocrine","19","Age-gender-standardised","0.3","0.2","0.5",NA
2017,"Persons","All ages","Government Office Region","E12000006","East of England","All quintiles","All stages","Brain","Non-benign endocrine","13","Non-standardised","0.2","0.1","0.4",NA
2017,"Persons","All ages","Government Office Region","E12000006","East of England","All quintiles","All stages","Brain","Non-benign endocrine","13","Age-gender-standardised","0.2","0.1","0.4",NA
2018,"Persons","All ages","Government Office Region","E12000006","East of England","All quintiles","All stages","Brain","Non-benign endocrine","14","Non-standardised","0.2","0.1","0.4",NA
2018,"Persons","All ages","Government Office Region","E12000006","East of England","All quintiles","All stages","Brain","Non-benign endocrine","14","Age-gender-standardised","0.2","0.1","0.4",NA
2019,"Persons","All ages","Government Office Region","E12000006","East of England","All quintiles","All stages","Brain","Non-benign endocrine","27","Non-standardised","0.4","0.3","0.6",NA
2019,"Persons","All ages","Government Office Region","E12000006","East of England","All quintiles","All stages","Brain","Non-benign endocrine","27","Age-gender-standardised","0.4","0.3","0.6",NA
2020,"Persons","All ages","Government Office Region","E12000006","East of England","All quintiles","All stages","Brain","Non-benign endocrine","7","Non-standardised","0.1","0","0.2",NA
2020,"Persons","All ages","Government Office Region","E12000006","East of England","All quintiles","All stages","Brain","Non-benign endocrine","7","Age-gender-standardised","0.1","0","0.2",NA
2021,"Persons","All ages","Government Office Region","E12000006","East of England","All quintiles","All stages","Brain","Non-benign endocrine","16","Non-standardised","0.3","0.1","0.4",NA
2021,"Persons","All ages","Government Office Region","E12000006","East of England","All quintiles","All stages","Brain","Non-benign endocrine","16","Age-gender-standardised","0.3","0.1","0.4",NA
2022,"Persons","All ages","Government Office Region","E12000006","East of England","All quintiles","All stages","Brain","Non-benign endocrine","15","Non-standardised","0.2","0.1","0.4",NA
2022,"Persons","All ages","Government Office Region","E12000006","East of England","All quintiles","All stages","Brain","Non-benign endocrine","15","Age-gender-standardised","0.2","0.1","0.4",NA
2013,"Persons","All ages","Government Office Region","E12000006","East of England","All quintiles","All stages","Brain","Non-malignant brain","596","Non-standardised","10","9.2","10.8",NA
2013,"Persons","All ages","Government Office Region","E12000006","East of England","All quintiles","All stages","Brain","Non-malignant brain","596","Age-gender-standardised","10.3","9.4","11.1",NA
2014,"Persons","All ages","Government Office Region","E12000006","East of England","All quintiles","All stages","Brain","Non-malignant brain","495","Non-standardised","8.2","7.5","9",NA
2014,"Persons","All ages","Government Office Region","E12000006","East of England","All quintiles","All stages","Brain","Non-malignant brain","495","Age-gender-standardised","8.4","7.7","9.2",NA
2015,"Persons","All ages","Government Office Region","E12000006","East of England","All quintiles","All stages","Brain","Non-malignant brain","484","Non-standardised","7.9","7.2","8.7",NA
2015,"Persons","All ages","Government Office Region","E12000006","East of England","All quintiles","All stages","Brain","Non-malignant brain","484","Age-gender-standardised","8.1","7.4","8.8",NA
2016,"Persons","All ages","Government Office Region","E12000006","East of England","All quintiles","All stages","Brain","Non-malignant brain","523","Non-standardised","8.5","7.8","9.2",NA
2016,"Persons","All ages","Government Office Region","E12000006","East of England","All quintiles","All stages","Brain","Non-malignant brain","523","Age-gender-standardised","8.6","7.9","9.4",NA
2017,"Persons","All ages","Government Office Region","E12000006","East of England","All quintiles","All stages","Brain","Non-malignant brain","468","Non-standardised","7.5","6.9","8.3",NA
2017,"Persons","All ages","Government Office Region","E12000006","East of England","All quintiles","All stages","Brain","Non-malignant brain","468","Age-gender-standardised","7.6","6.9","8.3",NA
2018,"Persons","All ages","Government Office Region","E12000006","East of England","All quintiles","All stages","Brain","Non-malignant brain","441","Non-standardised","7.1","6.4","7.8",NA
2018,"Persons","All ages","Government Office Region","E12000006","East of England","All quintiles","All stages","Brain","Non-malignant brain","441","Age-gender-standardised","7.1","6.5","7.8",NA
2019,"Persons","All ages","Government Office Region","E12000006","East of England","All quintiles","All stages","Brain","Non-malignant brain","460","Non-standardised","7.3","6.7","8",NA
2019,"Persons","All ages","Government Office Region","E12000006","East of England","All quintiles","All stages","Brain","Non-malignant brain","460","Age-gender-standardised","7.2","6.6","7.9",NA
2020,"Persons","All ages","Government Office Region","E12000006","East of England","All quintiles","All stages","Brain","Non-malignant brain","419","Non-standardised","6.7","6","7.3",NA
2020,"Persons","All ages","Government Office Region","E12000006","East of England","All quintiles","All stages","Brain","Non-malignant brain","419","Age-gender-standardised","6.6","6","7.2",NA
2021,"Persons","All ages","Government Office Region","E12000006","East of England","All quintiles","All stages","Brain","Non-malignant brain","407","Non-standardised","6.4","5.8","7.1",NA
2021,"Persons","All ages","Government Office Region","E12000006","East of England","All quintiles","All stages","Brain","Non-malignant brain","407","Age-gender-standardised","6.3","5.7","6.9",NA
2022,"Persons","All ages","Government Office Region","E12000006","East of England","All quintiles","All stages","Brain","Non-malignant brain","400","Non-standardised","6.2","5.7","6.9",NA
2022,"Persons","All ages","Government Office Region","E12000006","East of England","All quintiles","All stages","Brain","Non-malignant brain","400","Age-gender-standardised","6.1","5.5","6.8",NA
2013,"Persons","All ages","Government Office Region","E12000006","East of England","All quintiles","All stages","Brain","All Brain","1298","Non-standardised","21.7","20.6","23",NA
2013,"Persons","All ages","Government Office Region","E12000006","East of England","All quintiles","All stages","Brain","All Brain","1298","Age-gender-standardised","22.7","21.4","23.9",NA
2014,"Persons","All ages","Government Office Region","E12000006","East of England","All quintiles","All stages","Brain","All Brain","1110","Non-standardised","18.4","17.3","19.5",NA
2014,"Persons","All ages","Government Office Region","E12000006","East of England","All quintiles","All stages","Brain","All Brain","1110","Age-gender-standardised","19","17.9","20.2",NA
2015,"Persons","All ages","Government Office Region","E12000006","East of England","All quintiles","All stages","Brain","All Brain","1162","Non-standardised","19.1","18","20.2",NA
2015,"Persons","All ages","Government Office Region","E12000006","East of England","All quintiles","All stages","Brain","All Brain","1162","Age-gender-standardised","19.6","18.4","20.7",NA
2016,"Persons","All ages","Government Office Region","E12000006","East of England","All quintiles","All stages","Brain","All Brain","1206","Non-standardised","19.6","18.5","20.7",NA
2016,"Persons","All ages","Government Office Region","E12000006","East of England","All quintiles","All stages","Brain","All Brain","1206","Age-gender-standardised","20","18.9","21.2",NA
2017,"Persons","All ages","Government Office Region","E12000006","East of England","All quintiles","All stages","Brain","All Brain","1151","Non-standardised","18.6","17.5","19.7",NA
2017,"Persons","All ages","Government Office Region","E12000006","East of England","All quintiles","All stages","Brain","All Brain","1151","Age-gender-standardised","18.9","17.8","20.1",NA
2018,"Persons","All ages","Government Office Region","E12000006","East of England","All quintiles","All stages","Brain","All Brain","1121","Non-standardised","18","16.9","19.1",NA
2018,"Persons","All ages","Government Office Region","E12000006","East of England","All quintiles","All stages","Brain","All Brain","1121","Age-gender-standardised","18.2","17.1","19.3",NA
2019,"Persons","All ages","Government Office Region","E12000006","East of England","All quintiles","All stages","Brain","All Brain","1149","Non-standardised","18.3","17.3","19.4",NA
2019,"Persons","All ages","Government Office Region","E12000006","East of England","All quintiles","All stages","Brain","All Brain","1149","Age-gender-standardised","18.3","17.3","19.4",NA
2020,"Persons","All ages","Government Office Region","E12000006","East of England","All quintiles","All stages","Brain","All Brain","1044","Non-standardised","16.6","15.6","17.6",NA
2020,"Persons","All ages","Government Office Region","E12000006","East of England","All quintiles","All stages","Brain","All Brain","1044","Age-gender-standardised","16.5","15.6","17.6",NA
2021,"Persons","All ages","Government Office Region","E12000006","East of England","All quintiles","All stages","Brain","All Brain","1082","Non-standardised","17","16","18.1",NA
2021,"Persons","All ages","Government Office Region","E12000006","East of England","All quintiles","All stages","Brain","All Brain","1082","Age-gender-standardised","16.9","15.9","18",NA
2022,"Persons","All ages","Government Office Region","E12000006","East of England","All quintiles","All stages","Brain","All Brain","1055","Non-standardised","16.5","15.5","17.5",NA
2022,"Persons","All ages","Government Office Region","E12000006","East of England","All quintiles","All stages","Brain","All Brain","1055","Age-gender-standardised","16.4","15.4","17.4",NA
2013,"Persons","All ages","Government Office Region","E12000007","London","All quintiles","All stages","Brain","Benign endocrine","124","Non-standardised","1.5","1.2","1.8",NA
2013,"Persons","All ages","Government Office Region","E12000007","London","All quintiles","All stages","Brain","Benign endocrine","124","Age-gender-standardised","1.7","1.4","2.1",NA
2014,"Persons","All ages","Government Office Region","E12000007","London","All quintiles","All stages","Brain","Benign endocrine","180","Non-standardised","2.1","1.8","2.4",NA
2014,"Persons","All ages","Government Office Region","E12000007","London","All quintiles","All stages","Brain","Benign endocrine","180","Age-gender-standardised","2.4","2","2.8",NA
2015,"Persons","All ages","Government Office Region","E12000007","London","All quintiles","All stages","Brain","Benign endocrine","144","Non-standardised","1.7","1.4","2",NA
2015,"Persons","All ages","Government Office Region","E12000007","London","All quintiles","All stages","Brain","Benign endocrine","144","Age-gender-standardised","1.9","1.6","2.3",NA
2016,"Persons","All ages","Government Office Region","E12000007","London","All quintiles","All stages","Brain","Benign endocrine","163","Non-standardised","1.9","1.6","2.2",NA
2016,"Persons","All ages","Government Office Region","E12000007","London","All quintiles","All stages","Brain","Benign endocrine","163","Age-gender-standardised","2.1","1.8","2.5",NA
2017,"Persons","All ages","Government Office Region","E12000007","London","All quintiles","All stages","Brain","Benign endocrine","137","Non-standardised","1.6","1.3","1.8",NA
2017,"Persons","All ages","Government Office Region","E12000007","London","All quintiles","All stages","Brain","Benign endocrine","137","Age-gender-standardised","1.8","1.5","2.2",NA
2018,"Persons","All ages","Government Office Region","E12000007","London","All quintiles","All stages","Brain","Benign endocrine","143","Non-standardised","1.6","1.4","1.9",NA
2018,"Persons","All ages","Government Office Region","E12000007","London","All quintiles","All stages","Brain","Benign endocrine","143","Age-gender-standardised","1.8","1.5","2.2",NA
2019,"Persons","All ages","Government Office Region","E12000007","London","All quintiles","All stages","Brain","Benign endocrine","126","Non-standardised","1.4","1.2","1.7",NA
2019,"Persons","All ages","Government Office Region","E12000007","London","All quintiles","All stages","Brain","Benign endocrine","126","Age-gender-standardised","1.5","1.3","1.8",NA
2020,"Persons","All ages","Government Office Region","E12000007","London","All quintiles","All stages","Brain","Benign endocrine","94","Non-standardised","1.1","0.9","1.3",NA
2020,"Persons","All ages","Government Office Region","E12000007","London","All quintiles","All stages","Brain","Benign endocrine","94","Age-gender-standardised","1.3","1","1.6",NA
2021,"Persons","All ages","Government Office Region","E12000007","London","All quintiles","All stages","Brain","Benign endocrine","76","Non-standardised","0.9","0.7","1.1",NA
2021,"Persons","All ages","Government Office Region","E12000007","London","All quintiles","All stages","Brain","Benign endocrine","76","Age-gender-standardised","1","0.8","1.3",NA
2022,"Persons","All ages","Government Office Region","E12000007","London","All quintiles","All stages","Brain","Benign endocrine","87","Non-standardised","1","0.8","1.2",NA
2022,"Persons","All ages","Government Office Region","E12000007","London","All quintiles","All stages","Brain","Benign endocrine","87","Age-gender-standardised","1.1","0.9","1.4",NA
2013,"Persons","All ages","Government Office Region","E12000007","London","All quintiles","All stages","Brain","Malignant brain","585","Non-standardised","6.9","6.4","7.5",NA
2013,"Persons","All ages","Government Office Region","E12000007","London","All quintiles","All stages","Brain","Malignant brain","585","Age-gender-standardised","9.2","8.4","10",NA
2014,"Persons","All ages","Government Office Region","E12000007","London","All quintiles","All stages","Brain","Malignant brain","544","Non-standardised","6.4","5.8","6.9",NA
2014,"Persons","All ages","Government Office Region","E12000007","London","All quintiles","All stages","Brain","Malignant brain","544","Age-gender-standardised","8.1","7.4","8.9",NA
2015,"Persons","All ages","Government Office Region","E12000007","London","All quintiles","All stages","Brain","Malignant brain","551","Non-standardised","6.4","5.8","6.9",NA
2015,"Persons","All ages","Government Office Region","E12000007","London","All quintiles","All stages","Brain","Malignant brain","551","Age-gender-standardised","8.2","7.5","8.9",NA
2016,"Persons","All ages","Government Office Region","E12000007","London","All quintiles","All stages","Brain","Malignant brain","534","Non-standardised","6.1","5.6","6.6",NA
2016,"Persons","All ages","Government Office Region","E12000007","London","All quintiles","All stages","Brain","Malignant brain","534","Age-gender-standardised","7.9","7.2","8.7",NA
2017,"Persons","All ages","Government Office Region","E12000007","London","All quintiles","All stages","Brain","Malignant brain","553","Non-standardised","6.3","5.8","6.8",NA
2017,"Persons","All ages","Government Office Region","E12000007","London","All quintiles","All stages","Brain","Malignant brain","553","Age-gender-standardised","8","7.4","8.8",NA
2018,"Persons","All ages","Government Office Region","E12000007","London","All quintiles","All stages","Brain","Malignant brain","572","Non-standardised","6.5","6","7",NA
2018,"Persons","All ages","Government Office Region","E12000007","London","All quintiles","All stages","Brain","Malignant brain","572","Age-gender-standardised","8.2","7.5","8.9",NA
2019,"Persons","All ages","Government Office Region","E12000007","London","All quintiles","All stages","Brain","Malignant brain","566","Non-standardised","6.4","5.9","6.9",NA
2019,"Persons","All ages","Government Office Region","E12000007","London","All quintiles","All stages","Brain","Malignant brain","566","Age-gender-standardised","8.1","7.4","8.8",NA
2020,"Persons","All ages","Government Office Region","E12000007","London","All quintiles","All stages","Brain","Malignant brain","536","Non-standardised","6","5.5","6.6",NA
2020,"Persons","All ages","Government Office Region","E12000007","London","All quintiles","All stages","Brain","Malignant brain","536","Age-gender-standardised","7.7","7","8.4",NA
2021,"Persons","All ages","Government Office Region","E12000007","London","All quintiles","All stages","Brain","Malignant brain","532","Non-standardised","6","5.5","6.6",NA
2021,"Persons","All ages","Government Office Region","E12000007","London","All quintiles","All stages","Brain","Malignant brain","532","Age-gender-standardised","7.8","7.1","8.5",NA
2022,"Persons","All ages","Government Office Region","E12000007","London","All quintiles","All stages","Brain","Malignant brain","523","Non-standardised","5.9","5.4","6.4",NA
2022,"Persons","All ages","Government Office Region","E12000007","London","All quintiles","All stages","Brain","Malignant brain","523","Age-gender-standardised","7.3","6.6","8",NA
2013,"Persons","All ages","Government Office Region","E12000007","London","All quintiles","All stages","Brain","Non-benign endocrine","34","Non-standardised","0.4","0.3","0.6",NA
2013,"Persons","All ages","Government Office Region","E12000007","London","All quintiles","All stages","Brain","Non-benign endocrine","34","Age-gender-standardised","0.4","0.3","0.6",NA
2014,"Persons","All ages","Government Office Region","E12000007","London","All quintiles","All stages","Brain","Non-benign endocrine","43","Non-standardised","0.5","0.4","0.7",NA
2014,"Persons","All ages","Government Office Region","E12000007","London","All quintiles","All stages","Brain","Non-benign endocrine","43","Age-gender-standardised","0.6","0.4","0.8",NA
2015,"Persons","All ages","Government Office Region","E12000007","London","All quintiles","All stages","Brain","Non-benign endocrine","42","Non-standardised","0.5","0.3","0.7",NA
2015,"Persons","All ages","Government Office Region","E12000007","London","All quintiles","All stages","Brain","Non-benign endocrine","42","Age-gender-standardised","0.5","0.4","0.7",NA
2016,"Persons","All ages","Government Office Region","E12000007","London","All quintiles","All stages","Brain","Non-benign endocrine","41","Non-standardised","0.5","0.3","0.6",NA
2016,"Persons","All ages","Government Office Region","E12000007","London","All quintiles","All stages","Brain","Non-benign endocrine","41","Age-gender-standardised","0.5","0.4","0.8",NA
2017,"Persons","All ages","Government Office Region","E12000007","London","All quintiles","All stages","Brain","Non-benign endocrine","46","Non-standardised","0.5","0.4","0.7",NA
2017,"Persons","All ages","Government Office Region","E12000007","London","All quintiles","All stages","Brain","Non-benign endocrine","46","Age-gender-standardised","0.6","0.4","0.8",NA
2018,"Persons","All ages","Government Office Region","E12000007","London","All quintiles","All stages","Brain","Non-benign endocrine","48","Non-standardised","0.5","0.4","0.7",NA
2018,"Persons","All ages","Government Office Region","E12000007","London","All quintiles","All stages","Brain","Non-benign endocrine","48","Age-gender-standardised","0.6","0.4","0.8",NA
2019,"Persons","All ages","Government Office Region","E12000007","London","All quintiles","All stages","Brain","Non-benign endocrine","21","Non-standardised","0.2","0.1","0.4",NA
2019,"Persons","All ages","Government Office Region","E12000007","London","All quintiles","All stages","Brain","Non-benign endocrine","21","Age-gender-standardised","0.3","0.2","0.4",NA
2020,"Persons","All ages","Government Office Region","E12000007","London","All quintiles","All stages","Brain","Non-benign endocrine","22","Non-standardised","0.2","0.2","0.4",NA
2020,"Persons","All ages","Government Office Region","E12000007","London","All quintiles","All stages","Brain","Non-benign endocrine","22","Age-gender-standardised","0.3","0.2","0.4",NA
2021,"Persons","All ages","Government Office Region","E12000007","London","All quintiles","All stages","Brain","Non-benign endocrine","24","Non-standardised","0.3","0.2","0.4",NA
2021,"Persons","All ages","Government Office Region","E12000007","London","All quintiles","All stages","Brain","Non-benign endocrine","24","Age-gender-standardised","0.3","0.2","0.4",NA
2022,"Persons","All ages","Government Office Region","E12000007","London","All quintiles","All stages","Brain","Non-benign endocrine","24","Non-standardised","0.3","0.2","0.4",NA
2022,"Persons","All ages","Government Office Region","E12000007","London","All quintiles","All stages","Brain","Non-benign endocrine","24","Age-gender-standardised","0.3","0.2","0.4",NA
2013,"Persons","All ages","Government Office Region","E12000007","London","All quintiles","All stages","Brain","Non-malignant brain","466","Non-standardised","5.5","5","6",NA
2013,"Persons","All ages","Government Office Region","E12000007","London","All quintiles","All stages","Brain","Non-malignant brain","466","Age-gender-standardised","7","6.3","7.7",NA
2014,"Persons","All ages","Government Office Region","E12000007","London","All quintiles","All stages","Brain","Non-malignant brain","583","Non-standardised","6.8","6.3","7.4",NA
2014,"Persons","All ages","Government Office Region","E12000007","London","All quintiles","All stages","Brain","Non-malignant brain","583","Age-gender-standardised","8.9","8.2","9.7",NA
2015,"Persons","All ages","Government Office Region","E12000007","London","All quintiles","All stages","Brain","Non-malignant brain","527","Non-standardised","6.1","5.6","6.6",NA
2015,"Persons","All ages","Government Office Region","E12000007","London","All quintiles","All stages","Brain","Non-malignant brain","527","Age-gender-standardised","7.9","7.2","8.7",NA
2016,"Persons","All ages","Government Office Region","E12000007","London","All quintiles","All stages","Brain","Non-malignant brain","465","Non-standardised","5.3","4.8","5.8",NA
2016,"Persons","All ages","Government Office Region","E12000007","London","All quintiles","All stages","Brain","Non-malignant brain","465","Age-gender-standardised","6.8","6.2","7.5",NA
2017,"Persons","All ages","Government Office Region","E12000007","London","All quintiles","All stages","Brain","Non-malignant brain","537","Non-standardised","6.1","5.6","6.7",NA
2017,"Persons","All ages","Government Office Region","E12000007","London","All quintiles","All stages","Brain","Non-malignant brain","537","Age-gender-standardised","7.7","7","8.4",NA
2018,"Persons","All ages","Government Office Region","E12000007","London","All quintiles","All stages","Brain","Non-malignant brain","557","Non-standardised","6.3","5.8","6.9",NA
2018,"Persons","All ages","Government Office Region","E12000007","London","All quintiles","All stages","Brain","Non-malignant brain","557","Age-gender-standardised","7.9","7.2","8.6",NA
2019,"Persons","All ages","Government Office Region","E12000007","London","All quintiles","All stages","Brain","Non-malignant brain","451","Non-standardised","5.1","4.6","5.6",NA
2019,"Persons","All ages","Government Office Region","E12000007","London","All quintiles","All stages","Brain","Non-malignant brain","451","Age-gender-standardised","6.3","5.7","6.9",NA
2020,"Persons","All ages","Government Office Region","E12000007","London","All quintiles","All stages","Brain","Non-malignant brain","449","Non-standardised","5.1","4.6","5.6",NA
2020,"Persons","All ages","Government Office Region","E12000007","London","All quintiles","All stages","Brain","Non-malignant brain","449","Age-gender-standardised","6.3","5.7","7",NA
2021,"Persons","All ages","Government Office Region","E12000007","London","All quintiles","All stages","Brain","Non-malignant brain","359","Non-standardised","4.1","3.7","4.5",NA
2021,"Persons","All ages","Government Office Region","E12000007","London","All quintiles","All stages","Brain","Non-malignant brain","359","Age-gender-standardised","4.8","4.3","5.4",NA
2022,"Persons","All ages","Government Office Region","E12000007","London","All quintiles","All stages","Brain","Non-malignant brain","422","Non-standardised","4.8","4.3","5.2",NA
2022,"Persons","All ages","Government Office Region","E12000007","London","All quintiles","All stages","Brain","Non-malignant brain","422","Age-gender-standardised","5.8","5.2","6.4",NA
2013,"Persons","All ages","Government Office Region","E12000007","London","All quintiles","All stages","Brain","All Brain","1209","Non-standardised","14.3","13.5","15.2",NA
2013,"Persons","All ages","Government Office Region","E12000007","London","All quintiles","All stages","Brain","All Brain","1209","Age-gender-standardised","18.3","17.2","19.4",NA
2014,"Persons","All ages","Government Office Region","E12000007","London","All quintiles","All stages","Brain","All Brain","1350","Non-standardised","15.8","15","16.7",NA
2014,"Persons","All ages","Government Office Region","E12000007","London","All quintiles","All stages","Brain","All Brain","1350","Age-gender-standardised","20","18.9","21.2",NA
2015,"Persons","All ages","Government Office Region","E12000007","London","All quintiles","All stages","Brain","All Brain","1264","Non-standardised","14.6","13.8","15.4",NA
2015,"Persons","All ages","Government Office Region","E12000007","London","All quintiles","All stages","Brain","All Brain","1264","Age-gender-standardised","18.5","17.4","19.6",NA
2016,"Persons","All ages","Government Office Region","E12000007","London","All quintiles","All stages","Brain","All Brain","1203","Non-standardised","13.8","13","14.6",NA
2016,"Persons","All ages","Government Office Region","E12000007","London","All quintiles","All stages","Brain","All Brain","1203","Age-gender-standardised","17.4","16.4","18.5",NA
2017,"Persons","All ages","Government Office Region","E12000007","London","All quintiles","All stages","Brain","All Brain","1273","Non-standardised","14.5","13.7","15.3",NA
2017,"Persons","All ages","Government Office Region","E12000007","London","All quintiles","All stages","Brain","All Brain","1273","Age-gender-standardised","18.1","17.1","19.2",NA
2018,"Persons","All ages","Government Office Region","E12000007","London","All quintiles","All stages","Brain","All Brain","1320","Non-standardised","14.9","14.1","15.8",NA
2018,"Persons","All ages","Government Office Region","E12000007","London","All quintiles","All stages","Brain","All Brain","1320","Age-gender-standardised","18.6","17.5","19.7",NA
2019,"Persons","All ages","Government Office Region","E12000007","London","All quintiles","All stages","Brain","All Brain","1164","Non-standardised","13.1","12.4","13.9",NA
2019,"Persons","All ages","Government Office Region","E12000007","London","All quintiles","All stages","Brain","All Brain","1164","Age-gender-standardised","16.2","15.2","17.2",NA
2020,"Persons","All ages","Government Office Region","E12000007","London","All quintiles","All stages","Brain","All Brain","1101","Non-standardised","12.4","11.7","13.2",NA
2020,"Persons","All ages","Government Office Region","E12000007","London","All quintiles","All stages","Brain","All Brain","1101","Age-gender-standardised","15.6","14.6","16.6",NA
2021,"Persons","All ages","Government Office Region","E12000007","London","All quintiles","All stages","Brain","All Brain","991","Non-standardised","11.3","10.6","12",NA
2021,"Persons","All ages","Government Office Region","E12000007","London","All quintiles","All stages","Brain","All Brain","991","Age-gender-standardised","13.9","13.1","14.9",NA
2022,"Persons","All ages","Government Office Region","E12000007","London","All quintiles","All stages","Brain","All Brain","1056","Non-standardised","11.9","11.2","12.6",NA
2022,"Persons","All ages","Government Office Region","E12000007","London","All quintiles","All stages","Brain","All Brain","1056","Age-gender-standardised","14.4","13.6","15.4",NA
2013,"Persons","All ages","Government Office Region","E12000001","North East","All quintiles","All stages","Brain","Benign endocrine","47","Non-standardised","1.8","1.3","2.4",NA
2013,"Persons","All ages","Government Office Region","E12000001","North East","All quintiles","All stages","Brain","Benign endocrine","47","Age-gender-standardised","1.9","1.4","2.5",NA
2014,"Persons","All ages","Government Office Region","E12000001","North East","All quintiles","All stages","Brain","Benign endocrine","76","Non-standardised","2.9","2.3","3.6",NA
2014,"Persons","All ages","Government Office Region","E12000001","North East","All quintiles","All stages","Brain","Benign endocrine","76","Age-gender-standardised","3.1","2.4","3.8",NA
2015,"Persons","All ages","Government Office Region","E12000001","North East","All quintiles","All stages","Brain","Benign endocrine","56","Non-standardised","2.1","1.6","2.8",NA
2015,"Persons","All ages","Government Office Region","E12000001","North East","All quintiles","All stages","Brain","Benign endocrine","56","Age-gender-standardised","2.2","1.7","2.9",NA
2016,"Persons","All ages","Government Office Region","E12000001","North East","All quintiles","All stages","Brain","Benign endocrine","70","Non-standardised","2.7","2.1","3.4",NA
2016,"Persons","All ages","Government Office Region","E12000001","North East","All quintiles","All stages","Brain","Benign endocrine","70","Age-gender-standardised","2.7","2.1","3.4",NA
2017,"Persons","All ages","Government Office Region","E12000001","North East","All quintiles","All stages","Brain","Benign endocrine","53","Non-standardised","2","1.5","2.6",NA
2017,"Persons","All ages","Government Office Region","E12000001","North East","All quintiles","All stages","Brain","Benign endocrine","53","Age-gender-standardised","2.1","1.5","2.7",NA
2018,"Persons","All ages","Government Office Region","E12000001","North East","All quintiles","All stages","Brain","Benign endocrine","37","Non-standardised","1.4","1","1.9",NA
2018,"Persons","All ages","Government Office Region","E12000001","North East","All quintiles","All stages","Brain","Benign endocrine","37","Age-gender-standardised","1.4","1","2",NA
2019,"Persons","All ages","Government Office Region","E12000001","North East","All quintiles","All stages","Brain","Benign endocrine","27","Non-standardised","1","0.7","1.5",NA
2019,"Persons","All ages","Government Office Region","E12000001","North East","All quintiles","All stages","Brain","Benign endocrine","27","Age-gender-standardised","1","0.7","1.5",NA
2020,"Persons","All ages","Government Office Region","E12000001","North East","All quintiles","All stages","Brain","Benign endocrine","14","Non-standardised","0.5","0.3","0.9",NA
2020,"Persons","All ages","Government Office Region","E12000001","North East","All quintiles","All stages","Brain","Benign endocrine","14","Age-gender-standardised","0.5","0.3","0.9",NA
2021,"Persons","All ages","Government Office Region","E12000001","North East","All quintiles","All stages","Brain","Benign endocrine","19","Non-standardised","0.7","0.4","1.1",NA
2021,"Persons","All ages","Government Office Region","E12000001","North East","All quintiles","All stages","Brain","Benign endocrine","19","Age-gender-standardised","0.7","0.4","1.1",NA
2022,"Persons","All ages","Government Office Region","E12000001","North East","All quintiles","All stages","Brain","Benign endocrine","9","Non-standardised","0.3","0.2","0.6",NA
2022,"Persons","All ages","Government Office Region","E12000001","North East","All quintiles","All stages","Brain","Benign endocrine","9","Age-gender-standardised","0.3","0.1","0.6",NA
2013,"Persons","All ages","Government Office Region","E12000001","North East","All quintiles","All stages","Brain","Malignant brain","265","Non-standardised","10.2","9","11.5",NA
2013,"Persons","All ages","Government Office Region","E12000001","North East","All quintiles","All stages","Brain","Malignant brain","265","Age-gender-standardised","10.7","9.4","12.1",NA
2014,"Persons","All ages","Government Office Region","E12000001","North East","All quintiles","All stages","Brain","Malignant brain","267","Non-standardised","10.2","9","11.5",NA
2014,"Persons","All ages","Government Office Region","E12000001","North East","All quintiles","All stages","Brain","Malignant brain","267","Age-gender-standardised","10.6","9.4","12",NA
2015,"Persons","All ages","Government Office Region","E12000001","North East","All quintiles","All stages","Brain","Malignant brain","271","Non-standardised","10.4","9.2","11.7",NA
2015,"Persons","All ages","Government Office Region","E12000001","North East","All quintiles","All stages","Brain","Malignant brain","271","Age-gender-standardised","10.7","9.4","12",NA
2016,"Persons","All ages","Government Office Region","E12000001","North East","All quintiles","All stages","Brain","Malignant brain","270","Non-standardised","10.3","9.1","11.6",NA
2016,"Persons","All ages","Government Office Region","E12000001","North East","All quintiles","All stages","Brain","Malignant brain","270","Age-gender-standardised","10.6","9.3","11.9",NA
2017,"Persons","All ages","Government Office Region","E12000001","North East","All quintiles","All stages","Brain","Malignant brain","248","Non-standardised","9.5","8.3","10.7",NA
2017,"Persons","All ages","Government Office Region","E12000001","North East","All quintiles","All stages","Brain","Malignant brain","248","Age-gender-standardised","9.5","8.4","10.8",NA
2018,"Persons","All ages","Government Office Region","E12000001","North East","All quintiles","All stages","Brain","Malignant brain","221","Non-standardised","8.4","7.3","9.6",NA
2018,"Persons","All ages","Government Office Region","E12000001","North East","All quintiles","All stages","Brain","Malignant brain","221","Age-gender-standardised","8.5","7.4","9.6",NA
2019,"Persons","All ages","Government Office Region","E12000001","North East","All quintiles","All stages","Brain","Malignant brain","257","Non-standardised","9.7","8.6","11",NA
2019,"Persons","All ages","Government Office Region","E12000001","North East","All quintiles","All stages","Brain","Malignant brain","257","Age-gender-standardised","9.7","8.5","11",NA
2020,"Persons","All ages","Government Office Region","E12000001","North East","All quintiles","All stages","Brain","Malignant brain","245","Non-standardised","9.3","8.2","10.5",NA
2020,"Persons","All ages","Government Office Region","E12000001","North East","All quintiles","All stages","Brain","Malignant brain","245","Age-gender-standardised","9.1","8","10.3",NA
2021,"Persons","All ages","Government Office Region","E12000001","North East","All quintiles","All stages","Brain","Malignant brain","234","Non-standardised","8.8","7.7","10",NA
2021,"Persons","All ages","Government Office Region","E12000001","North East","All quintiles","All stages","Brain","Malignant brain","234","Age-gender-standardised","8.7","7.6","9.8",NA
2022,"Persons","All ages","Government Office Region","E12000001","North East","All quintiles","All stages","Brain","Malignant brain","253","Non-standardised","9.4","8.3","10.7",NA
2022,"Persons","All ages","Government Office Region","E12000001","North East","All quintiles","All stages","Brain","Malignant brain","253","Age-gender-standardised","9.2","8.1","10.4",NA
2013,"Persons","All ages","Government Office Region","E12000001","North East","All quintiles","All stages","Brain","Non-benign endocrine","5","Non-standardised","0.2","0.1","0.4",NA
2013,"Persons","All ages","Government Office Region","E12000001","North East","All quintiles","All stages","Brain","Non-benign endocrine","5","Age-gender-standardised","0.2","0.1","0.4",NA
2014,"Persons","All ages","Government Office Region","E12000001","North East","All quintiles","All stages","Brain","Non-benign endocrine","5","Non-standardised","0.2","0.1","0.4",NA
2014,"Persons","All ages","Government Office Region","E12000001","North East","All quintiles","All stages","Brain","Non-benign endocrine","5","Age-gender-standardised","0.2","0.1","0.5",NA
2015,"Persons","All ages","Government Office Region","E12000001","North East","All quintiles","All stages","Brain","Non-benign endocrine","6","Non-standardised","0.2","0.1","0.5",NA
2015,"Persons","All ages","Government Office Region","E12000001","North East","All quintiles","All stages","Brain","Non-benign endocrine","6","Age-gender-standardised","0.2","0.1","0.5",NA
2016,"Persons","All ages","Government Office Region","E12000001","North East","All quintiles","All stages","Brain","Non-benign endocrine","7","Non-standardised","0.3","0.1","0.6",NA
2016,"Persons","All ages","Government Office Region","E12000001","North East","All quintiles","All stages","Brain","Non-benign endocrine","7","Age-gender-standardised","0.3","0.1","0.5",NA
2017,"Persons","All ages","Government Office Region","E12000001","North East","All quintiles","All stages","Brain","Non-benign endocrine","4","Non-standardised","0.2","0","0.4",NA
2017,"Persons","All ages","Government Office Region","E12000001","North East","All quintiles","All stages","Brain","Non-benign endocrine","4","Age-gender-standardised","0.1","0","0.4",NA
2018,"Persons","All ages","Government Office Region","E12000001","North East","All quintiles","All stages","Brain","Non-benign endocrine","8","Non-standardised","0.3","0.1","0.6",NA
2018,"Persons","All ages","Government Office Region","E12000001","North East","All quintiles","All stages","Brain","Non-benign endocrine","8","Age-gender-standardised","0.3","0.1","0.6",NA
2019,"Persons","All ages","Government Office Region","E12000001","North East","All quintiles","All stages","Brain","Non-benign endocrine","6","Non-standardised","0.2","0.1","0.5",NA
2019,"Persons","All ages","Government Office Region","E12000001","North East","All quintiles","All stages","Brain","Non-benign endocrine","6","Age-gender-standardised","0.2","0.1","0.5",NA
2020,"Persons","All ages","Government Office Region","E12000001","North East","All quintiles","All stages","Brain","Non-benign endocrine","8","Non-standardised","0.3","0.1","0.6",NA
2020,"Persons","All ages","Government Office Region","E12000001","North East","All quintiles","All stages","Brain","Non-benign endocrine","8","Age-gender-standardised","0.3","0.1","0.6",NA
2021,"Persons","All ages","Government Office Region","E12000001","North East","All quintiles","All stages","Brain","Non-benign endocrine","7","Non-standardised","0.3","0.1","0.5",NA
2021,"Persons","All ages","Government Office Region","E12000001","North East","All quintiles","All stages","Brain","Non-benign endocrine","7","Age-gender-standardised","0.3","0.1","0.6",NA
2022,"Persons","All ages","Government Office Region","E12000001","North East","All quintiles","All stages","Brain","Non-benign endocrine","4","Non-standardised","0.1","0","0.4",NA
2022,"Persons","All ages","Government Office Region","E12000001","North East","All quintiles","All stages","Brain","Non-benign endocrine","4","Age-gender-standardised","0.1","0","0.4",NA
2013,"Persons","All ages","Government Office Region","E12000001","North East","All quintiles","All stages","Brain","Non-malignant brain","171","Non-standardised","6.6","5.6","7.6",NA
2013,"Persons","All ages","Government Office Region","E12000001","North East","All quintiles","All stages","Brain","Non-malignant brain","171","Age-gender-standardised","6.7","5.7","7.7",NA
2014,"Persons","All ages","Government Office Region","E12000001","North East","All quintiles","All stages","Brain","Non-malignant brain","220","Non-standardised","8.4","7.4","9.6",NA
2014,"Persons","All ages","Government Office Region","E12000001","North East","All quintiles","All stages","Brain","Non-malignant brain","220","Age-gender-standardised","8.6","7.5","9.8",NA
2015,"Persons","All ages","Government Office Region","E12000001","North East","All quintiles","All stages","Brain","Non-malignant brain","228","Non-standardised","8.7","7.6","9.9",NA
2015,"Persons","All ages","Government Office Region","E12000001","North East","All quintiles","All stages","Brain","Non-malignant brain","228","Age-gender-standardised","8.8","7.7","10.1",NA
2016,"Persons","All ages","Government Office Region","E12000001","North East","All quintiles","All stages","Brain","Non-malignant brain","227","Non-standardised","8.7","7.6","9.9",NA
2016,"Persons","All ages","Government Office Region","E12000001","North East","All quintiles","All stages","Brain","Non-malignant brain","227","Age-gender-standardised","8.7","7.6","9.9",NA
2017,"Persons","All ages","Government Office Region","E12000001","North East","All quintiles","All stages","Brain","Non-malignant brain","239","Non-standardised","9.1","8","10.3",NA
2017,"Persons","All ages","Government Office Region","E12000001","North East","All quintiles","All stages","Brain","Non-malignant brain","239","Age-gender-standardised","9.1","8","10.3",NA
2018,"Persons","All ages","Government Office Region","E12000001","North East","All quintiles","All stages","Brain","Non-malignant brain","196","Non-standardised","7.5","6.4","8.6",NA
2018,"Persons","All ages","Government Office Region","E12000001","North East","All quintiles","All stages","Brain","Non-malignant brain","196","Age-gender-standardised","7.3","6.3","8.4",NA
2019,"Persons","All ages","Government Office Region","E12000001","North East","All quintiles","All stages","Brain","Non-malignant brain","241","Non-standardised","9.1","8","10.4",NA
2019,"Persons","All ages","Government Office Region","E12000001","North East","All quintiles","All stages","Brain","Non-malignant brain","241","Age-gender-standardised","8.9","7.8","10.2",NA
2020,"Persons","All ages","Government Office Region","E12000001","North East","All quintiles","All stages","Brain","Non-malignant brain","235","Non-standardised","8.9","7.8","10.1",NA
2020,"Persons","All ages","Government Office Region","E12000001","North East","All quintiles","All stages","Brain","Non-malignant brain","235","Age-gender-standardised","8.7","7.6","9.8",NA
2021,"Persons","All ages","Government Office Region","E12000001","North East","All quintiles","All stages","Brain","Non-malignant brain","210","Non-standardised","7.9","6.9","9.1",NA
2021,"Persons","All ages","Government Office Region","E12000001","North East","All quintiles","All stages","Brain","Non-malignant brain","210","Age-gender-standardised","7.7","6.7","8.8",NA
2022,"Persons","All ages","Government Office Region","E12000001","North East","All quintiles","All stages","Brain","Non-malignant brain","265","Non-standardised","9.9","8.7","11.1",NA
2022,"Persons","All ages","Government Office Region","E12000001","North East","All quintiles","All stages","Brain","Non-malignant brain","265","Age-gender-standardised","9.6","8.4","10.8",NA
2013,"Persons","All ages","Government Office Region","E12000001","North East","All quintiles","All stages","Brain","All Brain","488","Non-standardised","18.7","17.1","20.5",NA
2013,"Persons","All ages","Government Office Region","E12000001","North East","All quintiles","All stages","Brain","All Brain","488","Age-gender-standardised","19.4","17.7","21.2",NA
2014,"Persons","All ages","Government Office Region","E12000001","North East","All quintiles","All stages","Brain","All Brain","568","Non-standardised","21.8","20","23.6",NA
2014,"Persons","All ages","Government Office Region","E12000001","North East","All quintiles","All stages","Brain","All Brain","568","Age-gender-standardised","22.4","20.6","24.4",NA
2015,"Persons","All ages","Government Office Region","E12000001","North East","All quintiles","All stages","Brain","All Brain","561","Non-standardised","21.5","19.7","23.3",NA
2015,"Persons","All ages","Government Office Region","E12000001","North East","All quintiles","All stages","Brain","All Brain","561","Age-gender-standardised","21.9","20.1","23.8",NA
2016,"Persons","All ages","Government Office Region","E12000001","North East","All quintiles","All stages","Brain","All Brain","574","Non-standardised","21.9","20.2","23.8",NA
2016,"Persons","All ages","Government Office Region","E12000001","North East","All quintiles","All stages","Brain","All Brain","574","Age-gender-standardised","22.2","20.4","24.1",NA
2017,"Persons","All ages","Government Office Region","E12000001","North East","All quintiles","All stages","Brain","All Brain","544","Non-standardised","20.7","19","22.6",NA
2017,"Persons","All ages","Government Office Region","E12000001","North East","All quintiles","All stages","Brain","All Brain","544","Age-gender-standardised","20.8","19.1","22.7",NA
2018,"Persons","All ages","Government Office Region","E12000001","North East","All quintiles","All stages","Brain","All Brain","462","Non-standardised","17.6","16","19.2",NA
2018,"Persons","All ages","Government Office Region","E12000001","North East","All quintiles","All stages","Brain","All Brain","462","Age-gender-standardised","17.5","15.9","19.2",NA
2019,"Persons","All ages","Government Office Region","E12000001","North East","All quintiles","All stages","Brain","All Brain","531","Non-standardised","20.1","18.5","21.9",NA
2019,"Persons","All ages","Government Office Region","E12000001","North East","All quintiles","All stages","Brain","All Brain","531","Age-gender-standardised","19.9","18.2","21.6",NA
2020,"Persons","All ages","Government Office Region","E12000001","North East","All quintiles","All stages","Brain","All Brain","502","Non-standardised","19","17.4","20.8",NA
2020,"Persons","All ages","Government Office Region","E12000001","North East","All quintiles","All stages","Brain","All Brain","502","Age-gender-standardised","18.6","17","20.3",NA
2021,"Persons","All ages","Government Office Region","E12000001","North East","All quintiles","All stages","Brain","All Brain","470","Non-standardised","17.8","16.2","19.4",NA
2021,"Persons","All ages","Government Office Region","E12000001","North East","All quintiles","All stages","Brain","All Brain","470","Age-gender-standardised","17.3","15.8","19",NA
2022,"Persons","All ages","Government Office Region","E12000001","North East","All quintiles","All stages","Brain","All Brain","531","Non-standardised","19.8","18.1","21.6",NA
2022,"Persons","All ages","Government Office Region","E12000001","North East","All quintiles","All stages","Brain","All Brain","531","Age-gender-standardised","19.2","17.6","21",NA
2013,"Persons","All ages","Government Office Region","E12000002","North West","All quintiles","All stages","Brain","Benign endocrine","118","Non-standardised","1.7","1.4","2",NA
2013,"Persons","All ages","Government Office Region","E12000002","North West","All quintiles","All stages","Brain","Benign endocrine","118","Age-gender-standardised","1.8","1.5","2.1",NA
2014,"Persons","All ages","Government Office Region","E12000002","North West","All quintiles","All stages","Brain","Benign endocrine","103","Non-standardised","1.4","1.2","1.7",NA
2014,"Persons","All ages","Government Office Region","E12000002","North West","All quintiles","All stages","Brain","Benign endocrine","103","Age-gender-standardised","1.5","1.2","1.8",NA
2015,"Persons","All ages","Government Office Region","E12000002","North West","All quintiles","All stages","Brain","Benign endocrine","114","Non-standardised","1.6","1.3","1.9",NA
2015,"Persons","All ages","Government Office Region","E12000002","North West","All quintiles","All stages","Brain","Benign endocrine","114","Age-gender-standardised","1.7","1.4","2",NA
2016,"Persons","All ages","Government Office Region","E12000002","North West","All quintiles","All stages","Brain","Benign endocrine","108","Non-standardised","1.5","1.2","1.8",NA
2016,"Persons","All ages","Government Office Region","E12000002","North West","All quintiles","All stages","Brain","Benign endocrine","108","Age-gender-standardised","1.6","1.3","1.9",NA
2017,"Persons","All ages","Government Office Region","E12000002","North West","All quintiles","All stages","Brain","Benign endocrine","108","Non-standardised","1.5","1.2","1.8",NA
2017,"Persons","All ages","Government Office Region","E12000002","North West","All quintiles","All stages","Brain","Benign endocrine","108","Age-gender-standardised","1.5","1.3","1.9",NA
2018,"Persons","All ages","Government Office Region","E12000002","North West","All quintiles","All stages","Brain","Benign endocrine","109","Non-standardised","1.5","1.2","1.8",NA
2018,"Persons","All ages","Government Office Region","E12000002","North West","All quintiles","All stages","Brain","Benign endocrine","109","Age-gender-standardised","1.5","1.3","1.9",NA
2019,"Persons","All ages","Government Office Region","E12000002","North West","All quintiles","All stages","Brain","Benign endocrine","119","Non-standardised","1.6","1.3","1.9",NA
2019,"Persons","All ages","Government Office Region","E12000002","North West","All quintiles","All stages","Brain","Benign endocrine","119","Age-gender-standardised","1.7","1.4","2",NA
2020,"Persons","All ages","Government Office Region","E12000002","North West","All quintiles","All stages","Brain","Benign endocrine","77","Non-standardised","1","0.8","1.3",NA
2020,"Persons","All ages","Government Office Region","E12000002","North West","All quintiles","All stages","Brain","Benign endocrine","77","Age-gender-standardised","1.1","0.8","1.3",NA
2021,"Persons","All ages","Government Office Region","E12000002","North West","All quintiles","All stages","Brain","Benign endocrine","84","Non-standardised","1.1","0.9","1.4",NA
2021,"Persons","All ages","Government Office Region","E12000002","North West","All quintiles","All stages","Brain","Benign endocrine","84","Age-gender-standardised","1.2","0.9","1.5",NA
2022,"Persons","All ages","Government Office Region","E12000002","North West","All quintiles","All stages","Brain","Benign endocrine","59","Non-standardised","0.8","0.6","1",NA
2022,"Persons","All ages","Government Office Region","E12000002","North West","All quintiles","All stages","Brain","Benign endocrine","59","Age-gender-standardised","0.8","0.6","1",NA
2013,"Persons","All ages","Government Office Region","E12000002","North West","All quintiles","All stages","Brain","Malignant brain","592","Non-standardised","8.3","7.7","9",NA
2013,"Persons","All ages","Government Office Region","E12000002","North West","All quintiles","All stages","Brain","Malignant brain","592","Age-gender-standardised","9","8.2","9.7",NA
2014,"Persons","All ages","Government Office Region","E12000002","North West","All quintiles","All stages","Brain","Malignant brain","651","Non-standardised","9.1","8.4","9.8",NA
2014,"Persons","All ages","Government Office Region","E12000002","North West","All quintiles","All stages","Brain","Malignant brain","651","Age-gender-standardised","9.8","9.1","10.6",NA
2015,"Persons","All ages","Government Office Region","E12000002","North West","All quintiles","All stages","Brain","Malignant brain","665","Non-standardised","9.3","8.6","10",NA
2015,"Persons","All ages","Government Office Region","E12000002","North West","All quintiles","All stages","Brain","Malignant brain","665","Age-gender-standardised","9.8","9.1","10.6",NA
2016,"Persons","All ages","Government Office Region","E12000002","North West","All quintiles","All stages","Brain","Malignant brain","662","Non-standardised","9.2","8.5","9.9",NA
2016,"Persons","All ages","Government Office Region","E12000002","North West","All quintiles","All stages","Brain","Malignant brain","662","Age-gender-standardised","9.7","9","10.5",NA
2017,"Persons","All ages","Government Office Region","E12000002","North West","All quintiles","All stages","Brain","Malignant brain","662","Non-standardised","9.1","8.4","9.8",NA
2017,"Persons","All ages","Government Office Region","E12000002","North West","All quintiles","All stages","Brain","Malignant brain","662","Age-gender-standardised","9.5","8.8","10.3",NA
2018,"Persons","All ages","Government Office Region","E12000002","North West","All quintiles","All stages","Brain","Malignant brain","630","Non-standardised","8.6","8","9.3",NA
2018,"Persons","All ages","Government Office Region","E12000002","North West","All quintiles","All stages","Brain","Malignant brain","630","Age-gender-standardised","9","8.3","9.7",NA
2019,"Persons","All ages","Government Office Region","E12000002","North West","All quintiles","All stages","Brain","Malignant brain","655","Non-standardised","8.9","8.2","9.6",NA
2019,"Persons","All ages","Government Office Region","E12000002","North West","All quintiles","All stages","Brain","Malignant brain","655","Age-gender-standardised","9.3","8.6","10",NA
2020,"Persons","All ages","Government Office Region","E12000002","North West","All quintiles","All stages","Brain","Malignant brain","647","Non-standardised","8.8","8.1","9.5",NA
2020,"Persons","All ages","Government Office Region","E12000002","North West","All quintiles","All stages","Brain","Malignant brain","647","Age-gender-standardised","9","8.3","9.7",NA
2021,"Persons","All ages","Government Office Region","E12000002","North West","All quintiles","All stages","Brain","Malignant brain","634","Non-standardised","8.5","7.9","9.2",NA
2021,"Persons","All ages","Government Office Region","E12000002","North West","All quintiles","All stages","Brain","Malignant brain","634","Age-gender-standardised","8.8","8.1","9.5",NA
2022,"Persons","All ages","Government Office Region","E12000002","North West","All quintiles","All stages","Brain","Malignant brain","655","Non-standardised","8.7","8.1","9.4",NA
2022,"Persons","All ages","Government Office Region","E12000002","North West","All quintiles","All stages","Brain","Malignant brain","655","Age-gender-standardised","8.9","8.3","9.6",NA
2013,"Persons","All ages","Government Office Region","E12000002","North West","All quintiles","All stages","Brain","Non-benign endocrine","29","Non-standardised","0.4","0.3","0.6",NA
2013,"Persons","All ages","Government Office Region","E12000002","North West","All quintiles","All stages","Brain","Non-benign endocrine","29","Age-gender-standardised","0.4","0.3","0.6",NA
2014,"Persons","All ages","Government Office Region","E12000002","North West","All quintiles","All stages","Brain","Non-benign endocrine","24","Non-standardised","0.3","0.2","0.5",NA
2014,"Persons","All ages","Government Office Region","E12000002","North West","All quintiles","All stages","Brain","Non-benign endocrine","24","Age-gender-standardised","0.3","0.2","0.5",NA
2015,"Persons","All ages","Government Office Region","E12000002","North West","All quintiles","All stages","Brain","Non-benign endocrine","19","Non-standardised","0.3","0.2","0.4",NA
2015,"Persons","All ages","Government Office Region","E12000002","North West","All quintiles","All stages","Brain","Non-benign endocrine","19","Age-gender-standardised","0.3","0.2","0.4",NA
2016,"Persons","All ages","Government Office Region","E12000002","North West","All quintiles","All stages","Brain","Non-benign endocrine","28","Non-standardised","0.4","0.3","0.6",NA
2016,"Persons","All ages","Government Office Region","E12000002","North West","All quintiles","All stages","Brain","Non-benign endocrine","28","Age-gender-standardised","0.4","0.3","0.6",NA
2017,"Persons","All ages","Government Office Region","E12000002","North West","All quintiles","All stages","Brain","Non-benign endocrine","30","Non-standardised","0.4","0.3","0.6",NA
2017,"Persons","All ages","Government Office Region","E12000002","North West","All quintiles","All stages","Brain","Non-benign endocrine","30","Age-gender-standardised","0.4","0.3","0.6",NA
2018,"Persons","All ages","Government Office Region","E12000002","North West","All quintiles","All stages","Brain","Non-benign endocrine","14","Non-standardised","0.2","0.1","0.3",NA
2018,"Persons","All ages","Government Office Region","E12000002","North West","All quintiles","All stages","Brain","Non-benign endocrine","14","Age-gender-standardised","0.2","0.1","0.3",NA
2019,"Persons","All ages","Government Office Region","E12000002","North West","All quintiles","All stages","Brain","Non-benign endocrine","18","Non-standardised","0.2","0.1","0.4",NA
2019,"Persons","All ages","Government Office Region","E12000002","North West","All quintiles","All stages","Brain","Non-benign endocrine","18","Age-gender-standardised","0.2","0.1","0.4",NA
2020,"Persons","All ages","Government Office Region","E12000002","North West","All quintiles","All stages","Brain","Non-benign endocrine","20","Non-standardised","0.3","0.2","0.4",NA
2020,"Persons","All ages","Government Office Region","E12000002","North West","All quintiles","All stages","Brain","Non-benign endocrine","20","Age-gender-standardised","0.3","0.2","0.4",NA
2021,"Persons","All ages","Government Office Region","E12000002","North West","All quintiles","All stages","Brain","Non-benign endocrine","21","Non-standardised","0.3","0.2","0.4",NA
2021,"Persons","All ages","Government Office Region","E12000002","North West","All quintiles","All stages","Brain","Non-benign endocrine","21","Age-gender-standardised","0.3","0.2","0.4",NA
2022,"Persons","All ages","Government Office Region","E12000002","North West","All quintiles","All stages","Brain","Non-benign endocrine","12","Non-standardised","0.2","0.1","0.3",NA
2022,"Persons","All ages","Government Office Region","E12000002","North West","All quintiles","All stages","Brain","Non-benign endocrine","12","Age-gender-standardised","0.2","0.1","0.3",NA
2013,"Persons","All ages","Government Office Region","E12000002","North West","All quintiles","All stages","Brain","Non-malignant brain","480","Non-standardised","6.8","6.2","7.4",NA
2013,"Persons","All ages","Government Office Region","E12000002","North West","All quintiles","All stages","Brain","Non-malignant brain","480","Age-gender-standardised","7","6.4","7.7",NA
2014,"Persons","All ages","Government Office Region","E12000002","North West","All quintiles","All stages","Brain","Non-malignant brain","501","Non-standardised","7","6.4","7.7",NA
2014,"Persons","All ages","Government Office Region","E12000002","North West","All quintiles","All stages","Brain","Non-malignant brain","501","Age-gender-standardised","7.3","6.7","8",NA
2015,"Persons","All ages","Government Office Region","E12000002","North West","All quintiles","All stages","Brain","Non-malignant brain","455","Non-standardised","6.3","5.8","6.9",NA
2015,"Persons","All ages","Government Office Region","E12000002","North West","All quintiles","All stages","Brain","Non-malignant brain","455","Age-gender-standardised","6.6","6","7.2",NA
2016,"Persons","All ages","Government Office Region","E12000002","North West","All quintiles","All stages","Brain","Non-malignant brain","498","Non-standardised","6.9","6.3","7.5",NA
2016,"Persons","All ages","Government Office Region","E12000002","North West","All quintiles","All stages","Brain","Non-malignant brain","498","Age-gender-standardised","7.1","6.5","7.7",NA
2017,"Persons","All ages","Government Office Region","E12000002","North West","All quintiles","All stages","Brain","Non-malignant brain","460","Non-standardised","6.3","5.8","6.9",NA
2017,"Persons","All ages","Government Office Region","E12000002","North West","All quintiles","All stages","Brain","Non-malignant brain","460","Age-gender-standardised","6.5","5.9","7.2",NA
2018,"Persons","All ages","Government Office Region","E12000002","North West","All quintiles","All stages","Brain","Non-malignant brain","474","Non-standardised","6.5","5.9","7.1",NA
2018,"Persons","All ages","Government Office Region","E12000002","North West","All quintiles","All stages","Brain","Non-malignant brain","474","Age-gender-standardised","6.7","6.1","7.3",NA
2019,"Persons","All ages","Government Office Region","E12000002","North West","All quintiles","All stages","Brain","Non-malignant brain","471","Non-standardised","6.4","5.8","7",NA
2019,"Persons","All ages","Government Office Region","E12000002","North West","All quintiles","All stages","Brain","Non-malignant brain","471","Age-gender-standardised","6.5","5.9","7.1",NA
2020,"Persons","All ages","Government Office Region","E12000002","North West","All quintiles","All stages","Brain","Non-malignant brain","379","Non-standardised","5.1","4.6","5.7",NA
2020,"Persons","All ages","Government Office Region","E12000002","North West","All quintiles","All stages","Brain","Non-malignant brain","379","Age-gender-standardised","5.2","4.7","5.8",NA
2021,"Persons","All ages","Government Office Region","E12000002","North West","All quintiles","All stages","Brain","Non-malignant brain","387","Non-standardised","5.2","4.7","5.8",NA
2021,"Persons","All ages","Government Office Region","E12000002","North West","All quintiles","All stages","Brain","Non-malignant brain","387","Age-gender-standardised","5.3","4.7","5.8",NA
2022,"Persons","All ages","Government Office Region","E12000002","North West","All quintiles","All stages","Brain","Non-malignant brain","373","Non-standardised","5","4.5","5.5",NA
2022,"Persons","All ages","Government Office Region","E12000002","North West","All quintiles","All stages","Brain","Non-malignant brain","373","Age-gender-standardised","5","4.5","5.6",NA
2013,"Persons","All ages","Government Office Region","E12000002","North West","All quintiles","All stages","Brain","All Brain","1219","Non-standardised","17.2","16.2","18.1",NA
2013,"Persons","All ages","Government Office Region","E12000002","North West","All quintiles","All stages","Brain","All Brain","1219","Age-gender-standardised","18.2","17.2","19.2",NA
2014,"Persons","All ages","Government Office Region","E12000002","North West","All quintiles","All stages","Brain","All Brain","1279","Non-standardised","17.9","16.9","18.9",NA
2014,"Persons","All ages","Government Office Region","E12000002","North West","All quintiles","All stages","Brain","All Brain","1279","Age-gender-standardised","18.9","17.9","20",NA
2015,"Persons","All ages","Government Office Region","E12000002","North West","All quintiles","All stages","Brain","All Brain","1253","Non-standardised","17.4","16.5","18.4",NA
2015,"Persons","All ages","Government Office Region","E12000002","North West","All quintiles","All stages","Brain","All Brain","1253","Age-gender-standardised","18.4","17.4","19.4",NA
2016,"Persons","All ages","Government Office Region","E12000002","North West","All quintiles","All stages","Brain","All Brain","1296","Non-standardised","17.9","17","18.9",NA
2016,"Persons","All ages","Government Office Region","E12000002","North West","All quintiles","All stages","Brain","All Brain","1296","Age-gender-standardised","18.7","17.7","19.8",NA
2017,"Persons","All ages","Government Office Region","E12000002","North West","All quintiles","All stages","Brain","All Brain","1260","Non-standardised","17.3","16.4","18.3",NA
2017,"Persons","All ages","Government Office Region","E12000002","North West","All quintiles","All stages","Brain","All Brain","1260","Age-gender-standardised","18","17","19",NA
2018,"Persons","All ages","Government Office Region","E12000002","North West","All quintiles","All stages","Brain","All Brain","1227","Non-standardised","16.8","15.8","17.7",NA
2018,"Persons","All ages","Government Office Region","E12000002","North West","All quintiles","All stages","Brain","All Brain","1227","Age-gender-standardised","17.3","16.4","18.3",NA
2019,"Persons","All ages","Government Office Region","E12000002","North West","All quintiles","All stages","Brain","All Brain","1263","Non-standardised","17.2","16.2","18.1",NA
2019,"Persons","All ages","Government Office Region","E12000002","North West","All quintiles","All stages","Brain","All Brain","1263","Age-gender-standardised","17.7","16.7","18.7",NA
2020,"Persons","All ages","Government Office Region","E12000002","North West","All quintiles","All stages","Brain","All Brain","1123","Non-standardised","15.2","14.3","16.1",NA
2020,"Persons","All ages","Government Office Region","E12000002","North West","All quintiles","All stages","Brain","All Brain","1123","Age-gender-standardised","15.6","14.7","16.5",NA
2021,"Persons","All ages","Government Office Region","E12000002","North West","All quintiles","All stages","Brain","All Brain","1126","Non-standardised","15.2","14.3","16.1",NA
2021,"Persons","All ages","Government Office Region","E12000002","North West","All quintiles","All stages","Brain","All Brain","1126","Age-gender-standardised","15.5","14.6","16.4",NA
2022,"Persons","All ages","Government Office Region","E12000002","North West","All quintiles","All stages","Brain","All Brain","1099","Non-standardised","14.6","13.8","15.5",NA
2022,"Persons","All ages","Government Office Region","E12000002","North West","All quintiles","All stages","Brain","All Brain","1099","Age-gender-standardised","14.9","14","15.8",NA
2013,"Persons","All ages","Government Office Region","E12000008","South East","All quintiles","All stages","Brain","Benign endocrine","182","Non-standardised","2.1","1.8","2.4",NA
2013,"Persons","All ages","Government Office Region","E12000008","South East","All quintiles","All stages","Brain","Benign endocrine","182","Age-gender-standardised","2.2","1.9","2.5",NA
2014,"Persons","All ages","Government Office Region","E12000008","South East","All quintiles","All stages","Brain","Benign endocrine","190","Non-standardised","2.1","1.8","2.5",NA
2014,"Persons","All ages","Government Office Region","E12000008","South East","All quintiles","All stages","Brain","Benign endocrine","190","Age-gender-standardised","2.2","1.9","2.6",NA
2015,"Persons","All ages","Government Office Region","E12000008","South East","All quintiles","All stages","Brain","Benign endocrine","143","Non-standardised","1.6","1.3","1.9",NA
2015,"Persons","All ages","Government Office Region","E12000008","South East","All quintiles","All stages","Brain","Benign endocrine","143","Age-gender-standardised","1.7","1.4","2",NA
2016,"Persons","All ages","Government Office Region","E12000008","South East","All quintiles","All stages","Brain","Benign endocrine","147","Non-standardised","1.6","1.4","1.9",NA
2016,"Persons","All ages","Government Office Region","E12000008","South East","All quintiles","All stages","Brain","Benign endocrine","147","Age-gender-standardised","1.7","1.4","2",NA
2017,"Persons","All ages","Government Office Region","E12000008","South East","All quintiles","All stages","Brain","Benign endocrine","151","Non-standardised","1.7","1.4","1.9",NA
2017,"Persons","All ages","Government Office Region","E12000008","South East","All quintiles","All stages","Brain","Benign endocrine","151","Age-gender-standardised","1.7","1.5","2",NA
2018,"Persons","All ages","Government Office Region","E12000008","South East","All quintiles","All stages","Brain","Benign endocrine","139","Non-standardised","1.5","1.3","1.8",NA
2018,"Persons","All ages","Government Office Region","E12000008","South East","All quintiles","All stages","Brain","Benign endocrine","139","Age-gender-standardised","1.6","1.3","1.8",NA
2019,"Persons","All ages","Government Office Region","E12000008","South East","All quintiles","All stages","Brain","Benign endocrine","124","Non-standardised","1.3","1.1","1.6",NA
2019,"Persons","All ages","Government Office Region","E12000008","South East","All quintiles","All stages","Brain","Benign endocrine","124","Age-gender-standardised","1.4","1.2","1.7",NA
2020,"Persons","All ages","Government Office Region","E12000008","South East","All quintiles","All stages","Brain","Benign endocrine","81","Non-standardised","0.9","0.7","1.1",NA
2020,"Persons","All ages","Government Office Region","E12000008","South East","All quintiles","All stages","Brain","Benign endocrine","81","Age-gender-standardised","0.9","0.7","1.1",NA
2021,"Persons","All ages","Government Office Region","E12000008","South East","All quintiles","All stages","Brain","Benign endocrine","119","Non-standardised","1.3","1.1","1.5",NA
2021,"Persons","All ages","Government Office Region","E12000008","South East","All quintiles","All stages","Brain","Benign endocrine","119","Age-gender-standardised","1.3","1.1","1.6",NA
2022,"Persons","All ages","Government Office Region","E12000008","South East","All quintiles","All stages","Brain","Benign endocrine","65","Non-standardised","0.7","0.5","0.9",NA
2022,"Persons","All ages","Government Office Region","E12000008","South East","All quintiles","All stages","Brain","Benign endocrine","65","Age-gender-standardised","0.7","0.5","0.9",NA
2013,"Persons","All ages","Government Office Region","E12000008","South East","All quintiles","All stages","Brain","Malignant brain","813","Non-standardised","9.2","8.6","9.9",NA
2013,"Persons","All ages","Government Office Region","E12000008","South East","All quintiles","All stages","Brain","Malignant brain","813","Age-gender-standardised","9.8","9.1","10.5",NA
2014,"Persons","All ages","Government Office Region","E12000008","South East","All quintiles","All stages","Brain","Malignant brain","789","Non-standardised","8.9","8.3","9.5",NA
2014,"Persons","All ages","Government Office Region","E12000008","South East","All quintiles","All stages","Brain","Malignant brain","789","Age-gender-standardised","9.3","8.7","10",NA
2015,"Persons","All ages","Government Office Region","E12000008","South East","All quintiles","All stages","Brain","Malignant brain","838","Non-standardised","9.3","8.7","10",NA
2015,"Persons","All ages","Government Office Region","E12000008","South East","All quintiles","All stages","Brain","Malignant brain","838","Age-gender-standardised","9.8","9.1","10.5",NA
2016,"Persons","All ages","Government Office Region","E12000008","South East","All quintiles","All stages","Brain","Malignant brain","831","Non-standardised","9.2","8.6","9.8",NA
2016,"Persons","All ages","Government Office Region","E12000008","South East","All quintiles","All stages","Brain","Malignant brain","831","Age-gender-standardised","9.6","8.9","10.3",NA
2017,"Persons","All ages","Government Office Region","E12000008","South East","All quintiles","All stages","Brain","Malignant brain","885","Non-standardised","9.7","9.1","10.4",NA
2017,"Persons","All ages","Government Office Region","E12000008","South East","All quintiles","All stages","Brain","Malignant brain","885","Age-gender-standardised","10.1","9.4","10.8",NA
2018,"Persons","All ages","Government Office Region","E12000008","South East","All quintiles","All stages","Brain","Malignant brain","817","Non-standardised","8.9","8.3","9.6",NA
2018,"Persons","All ages","Government Office Region","E12000008","South East","All quintiles","All stages","Brain","Malignant brain","817","Age-gender-standardised","9.2","8.6","9.8",NA
2019,"Persons","All ages","Government Office Region","E12000008","South East","All quintiles","All stages","Brain","Malignant brain","853","Non-standardised","9.3","8.7","9.9",NA
2019,"Persons","All ages","Government Office Region","E12000008","South East","All quintiles","All stages","Brain","Malignant brain","853","Age-gender-standardised","9.4","8.8","10.1",NA
2020,"Persons","All ages","Government Office Region","E12000008","South East","All quintiles","All stages","Brain","Malignant brain","857","Non-standardised","9.3","8.7","9.9",NA
2020,"Persons","All ages","Government Office Region","E12000008","South East","All quintiles","All stages","Brain","Malignant brain","857","Age-gender-standardised","9.4","8.8","10.1",NA
2021,"Persons","All ages","Government Office Region","E12000008","South East","All quintiles","All stages","Brain","Malignant brain","806","Non-standardised","8.7","8.1","9.3",NA
2021,"Persons","All ages","Government Office Region","E12000008","South East","All quintiles","All stages","Brain","Malignant brain","806","Age-gender-standardised","8.8","8.2","9.4",NA
2022,"Persons","All ages","Government Office Region","E12000008","South East","All quintiles","All stages","Brain","Malignant brain","856","Non-standardised","9.1","8.5","9.8",NA
2022,"Persons","All ages","Government Office Region","E12000008","South East","All quintiles","All stages","Brain","Malignant brain","856","Age-gender-standardised","9.2","8.6","9.8",NA
2013,"Persons","All ages","Government Office Region","E12000008","South East","All quintiles","All stages","Brain","Non-benign endocrine","64","Non-standardised","0.7","0.6","0.9",NA
2013,"Persons","All ages","Government Office Region","E12000008","South East","All quintiles","All stages","Brain","Non-benign endocrine","64","Age-gender-standardised","0.7","0.6","0.9",NA
2014,"Persons","All ages","Government Office Region","E12000008","South East","All quintiles","All stages","Brain","Non-benign endocrine","26","Non-standardised","0.3","0.2","0.4",NA
2014,"Persons","All ages","Government Office Region","E12000008","South East","All quintiles","All stages","Brain","Non-benign endocrine","26","Age-gender-standardised","0.3","0.2","0.4",NA
2015,"Persons","All ages","Government Office Region","E12000008","South East","All quintiles","All stages","Brain","Non-benign endocrine","45","Non-standardised","0.5","0.4","0.7",NA
2015,"Persons","All ages","Government Office Region","E12000008","South East","All quintiles","All stages","Brain","Non-benign endocrine","45","Age-gender-standardised","0.5","0.4","0.7",NA
2016,"Persons","All ages","Government Office Region","E12000008","South East","All quintiles","All stages","Brain","Non-benign endocrine","21","Non-standardised","0.2","0.1","0.4",NA
2016,"Persons","All ages","Government Office Region","E12000008","South East","All quintiles","All stages","Brain","Non-benign endocrine","21","Age-gender-standardised","0.2","0.1","0.3",NA
2017,"Persons","All ages","Government Office Region","E12000008","South East","All quintiles","All stages","Brain","Non-benign endocrine","36","Non-standardised","0.4","0.3","0.5",NA
2017,"Persons","All ages","Government Office Region","E12000008","South East","All quintiles","All stages","Brain","Non-benign endocrine","36","Age-gender-standardised","0.4","0.3","0.5",NA
2018,"Persons","All ages","Government Office Region","E12000008","South East","All quintiles","All stages","Brain","Non-benign endocrine","31","Non-standardised","0.3","0.2","0.5",NA
2018,"Persons","All ages","Government Office Region","E12000008","South East","All quintiles","All stages","Brain","Non-benign endocrine","31","Age-gender-standardised","0.3","0.2","0.5",NA
2019,"Persons","All ages","Government Office Region","E12000008","South East","All quintiles","All stages","Brain","Non-benign endocrine","22","Non-standardised","0.2","0.1","0.4",NA
2019,"Persons","All ages","Government Office Region","E12000008","South East","All quintiles","All stages","Brain","Non-benign endocrine","22","Age-gender-standardised","0.2","0.2","0.4",NA
2020,"Persons","All ages","Government Office Region","E12000008","South East","All quintiles","All stages","Brain","Non-benign endocrine","26","Non-standardised","0.3","0.2","0.4",NA
2020,"Persons","All ages","Government Office Region","E12000008","South East","All quintiles","All stages","Brain","Non-benign endocrine","26","Age-gender-standardised","0.3","0.2","0.4",NA
2021,"Persons","All ages","Government Office Region","E12000008","South East","All quintiles","All stages","Brain","Non-benign endocrine","33","Non-standardised","0.4","0.2","0.5",NA
2021,"Persons","All ages","Government Office Region","E12000008","South East","All quintiles","All stages","Brain","Non-benign endocrine","33","Age-gender-standardised","0.3","0.2","0.5",NA
2022,"Persons","All ages","Government Office Region","E12000008","South East","All quintiles","All stages","Brain","Non-benign endocrine","22","Non-standardised","0.2","0.1","0.4",NA
2022,"Persons","All ages","Government Office Region","E12000008","South East","All quintiles","All stages","Brain","Non-benign endocrine","22","Age-gender-standardised","0.2","0.1","0.3",NA
2013,"Persons","All ages","Government Office Region","E12000008","South East","All quintiles","All stages","Brain","Non-malignant brain","702","Non-standardised","8","7.4","8.6",NA
2013,"Persons","All ages","Government Office Region","E12000008","South East","All quintiles","All stages","Brain","Non-malignant brain","702","Age-gender-standardised","8.3","7.7","8.9",NA
2014,"Persons","All ages","Government Office Region","E12000008","South East","All quintiles","All stages","Brain","Non-malignant brain","733","Non-standardised","8.2","7.7","8.9",NA
2014,"Persons","All ages","Government Office Region","E12000008","South East","All quintiles","All stages","Brain","Non-malignant brain","733","Age-gender-standardised","8.4","7.8","9.1",NA
2015,"Persons","All ages","Government Office Region","E12000008","South East","All quintiles","All stages","Brain","Non-malignant brain","687","Non-standardised","7.7","7.1","8.3",NA
2015,"Persons","All ages","Government Office Region","E12000008","South East","All quintiles","All stages","Brain","Non-malignant brain","687","Age-gender-standardised","7.8","7.3","8.4",NA
2016,"Persons","All ages","Government Office Region","E12000008","South East","All quintiles","All stages","Brain","Non-malignant brain","622","Non-standardised","6.9","6.3","7.4",NA
2016,"Persons","All ages","Government Office Region","E12000008","South East","All quintiles","All stages","Brain","Non-malignant brain","622","Age-gender-standardised","7","6.5","7.6",NA
2017,"Persons","All ages","Government Office Region","E12000008","South East","All quintiles","All stages","Brain","Non-malignant brain","647","Non-standardised","7.1","6.6","7.7",NA
2017,"Persons","All ages","Government Office Region","E12000008","South East","All quintiles","All stages","Brain","Non-malignant brain","647","Age-gender-standardised","7.2","6.6","7.7",NA
2018,"Persons","All ages","Government Office Region","E12000008","South East","All quintiles","All stages","Brain","Non-malignant brain","640","Non-standardised","7","6.5","7.6",NA
2018,"Persons","All ages","Government Office Region","E12000008","South East","All quintiles","All stages","Brain","Non-malignant brain","640","Age-gender-standardised","7.1","6.5","7.6",NA
2019,"Persons","All ages","Government Office Region","E12000008","South East","All quintiles","All stages","Brain","Non-malignant brain","606","Non-standardised","6.6","6.1","7.1",NA
2019,"Persons","All ages","Government Office Region","E12000008","South East","All quintiles","All stages","Brain","Non-malignant brain","606","Age-gender-standardised","6.6","6.1","7.1",NA
2020,"Persons","All ages","Government Office Region","E12000008","South East","All quintiles","All stages","Brain","Non-malignant brain","569","Non-standardised","6.2","5.7","6.7",NA
2020,"Persons","All ages","Government Office Region","E12000008","South East","All quintiles","All stages","Brain","Non-malignant brain","569","Age-gender-standardised","6.1","5.6","6.6",NA
2021,"Persons","All ages","Government Office Region","E12000008","South East","All quintiles","All stages","Brain","Non-malignant brain","552","Non-standardised","5.9","5.5","6.5",NA
2021,"Persons","All ages","Government Office Region","E12000008","South East","All quintiles","All stages","Brain","Non-malignant brain","552","Age-gender-standardised","5.9","5.4","6.4",NA
2022,"Persons","All ages","Government Office Region","E12000008","South East","All quintiles","All stages","Brain","Non-malignant brain","518","Non-standardised","5.5","5.1","6",NA
2022,"Persons","All ages","Government Office Region","E12000008","South East","All quintiles","All stages","Brain","Non-malignant brain","518","Age-gender-standardised","5.4","5","5.9",NA
2013,"Persons","All ages","Government Office Region","E12000008","South East","All quintiles","All stages","Brain","All Brain","1761","Non-standardised","20","19.1","20.9",NA
2013,"Persons","All ages","Government Office Region","E12000008","South East","All quintiles","All stages","Brain","All Brain","1761","Age-gender-standardised","21","20","22",NA
2014,"Persons","All ages","Government Office Region","E12000008","South East","All quintiles","All stages","Brain","All Brain","1738","Non-standardised","19.5","18.6","20.5",NA
2014,"Persons","All ages","Government Office Region","E12000008","South East","All quintiles","All stages","Brain","All Brain","1738","Age-gender-standardised","20.3","19.3","21.3",NA
2015,"Persons","All ages","Government Office Region","E12000008","South East","All quintiles","All stages","Brain","All Brain","1713","Non-standardised","19.1","18.2","20",NA
2015,"Persons","All ages","Government Office Region","E12000008","South East","All quintiles","All stages","Brain","All Brain","1713","Age-gender-standardised","19.8","18.9","20.8",NA
2016,"Persons","All ages","Government Office Region","E12000008","South East","All quintiles","All stages","Brain","All Brain","1621","Non-standardised","17.9","17","18.8",NA
2016,"Persons","All ages","Government Office Region","E12000008","South East","All quintiles","All stages","Brain","All Brain","1621","Age-gender-standardised","18.5","17.6","19.4",NA
2017,"Persons","All ages","Government Office Region","E12000008","South East","All quintiles","All stages","Brain","All Brain","1719","Non-standardised","18.9","18","19.8",NA
2017,"Persons","All ages","Government Office Region","E12000008","South East","All quintiles","All stages","Brain","All Brain","1719","Age-gender-standardised","19.4","18.5","20.3",NA
2018,"Persons","All ages","Government Office Region","E12000008","South East","All quintiles","All stages","Brain","All Brain","1627","Non-standardised","17.8","16.9","18.7",NA
2018,"Persons","All ages","Government Office Region","E12000008","South East","All quintiles","All stages","Brain","All Brain","1627","Age-gender-standardised","18.1","17.3","19",NA
2019,"Persons","All ages","Government Office Region","E12000008","South East","All quintiles","All stages","Brain","All Brain","1605","Non-standardised","17.5","16.6","18.3",NA
2019,"Persons","All ages","Government Office Region","E12000008","South East","All quintiles","All stages","Brain","All Brain","1605","Age-gender-standardised","17.7","16.8","18.5",NA
2020,"Persons","All ages","Government Office Region","E12000008","South East","All quintiles","All stages","Brain","All Brain","1533","Non-standardised","16.6","15.8","17.5",NA
2020,"Persons","All ages","Government Office Region","E12000008","South East","All quintiles","All stages","Brain","All Brain","1533","Age-gender-standardised","16.7","15.8","17.5",NA
2021,"Persons","All ages","Government Office Region","E12000008","South East","All quintiles","All stages","Brain","All Brain","1510","Non-standardised","16.2","15.4","17.1",NA
2021,"Persons","All ages","Government Office Region","E12000008","South East","All quintiles","All stages","Brain","All Brain","1510","Age-gender-standardised","16.3","15.5","17.2",NA
2022,"Persons","All ages","Government Office Region","E12000008","South East","All quintiles","All stages","Brain","All Brain","1461","Non-standardised","15.6","14.8","16.4",NA
2022,"Persons","All ages","Government Office Region","E12000008","South East","All quintiles","All stages","Brain","All Brain","1461","Age-gender-standardised","15.5","14.7","16.3",NA
2013,"Persons","All ages","Government Office Region","E12000009","South West","All quintiles","All stages","Brain","Benign endocrine","88","Non-standardised","1.6","1.3","2",NA
2013,"Persons","All ages","Government Office Region","E12000009","South West","All quintiles","All stages","Brain","Benign endocrine","88","Age-gender-standardised","1.6","1.3","2",NA
2014,"Persons","All ages","Government Office Region","E12000009","South West","All quintiles","All stages","Brain","Benign endocrine","96","Non-standardised","1.8","1.4","2.2",NA
2014,"Persons","All ages","Government Office Region","E12000009","South West","All quintiles","All stages","Brain","Benign endocrine","96","Age-gender-standardised","1.8","1.4","2.2",NA
2015,"Persons","All ages","Government Office Region","E12000009","South West","All quintiles","All stages","Brain","Benign endocrine","96","Non-standardised","1.8","1.4","2.1",NA
2015,"Persons","All ages","Government Office Region","E12000009","South West","All quintiles","All stages","Brain","Benign endocrine","96","Age-gender-standardised","1.8","1.4","2.2",NA
2016,"Persons","All ages","Government Office Region","E12000009","South West","All quintiles","All stages","Brain","Benign endocrine","96","Non-standardised","1.7","1.4","2.1",NA
2016,"Persons","All ages","Government Office Region","E12000009","South West","All quintiles","All stages","Brain","Benign endocrine","96","Age-gender-standardised","1.7","1.4","2.1",NA
2017,"Persons","All ages","Government Office Region","E12000009","South West","All quintiles","All stages","Brain","Benign endocrine","109","Non-standardised","2","1.6","2.4",NA
2017,"Persons","All ages","Government Office Region","E12000009","South West","All quintiles","All stages","Brain","Benign endocrine","109","Age-gender-standardised","1.9","1.6","2.3",NA
2018,"Persons","All ages","Government Office Region","E12000009","South West","All quintiles","All stages","Brain","Benign endocrine","106","Non-standardised","1.9","1.5","2.3",NA
2018,"Persons","All ages","Government Office Region","E12000009","South West","All quintiles","All stages","Brain","Benign endocrine","106","Age-gender-standardised","1.8","1.5","2.2",NA
2019,"Persons","All ages","Government Office Region","E12000009","South West","All quintiles","All stages","Brain","Benign endocrine","98","Non-standardised","1.7","1.4","2.1",NA
2019,"Persons","All ages","Government Office Region","E12000009","South West","All quintiles","All stages","Brain","Benign endocrine","98","Age-gender-standardised","1.7","1.4","2.1",NA
2020,"Persons","All ages","Government Office Region","E12000009","South West","All quintiles","All stages","Brain","Benign endocrine","98","Non-standardised","1.7","1.4","2.1",NA
2020,"Persons","All ages","Government Office Region","E12000009","South West","All quintiles","All stages","Brain","Benign endocrine","98","Age-gender-standardised","1.7","1.4","2.1",NA
2021,"Persons","All ages","Government Office Region","E12000009","South West","All quintiles","All stages","Brain","Benign endocrine","112","Non-standardised","2","1.6","2.4",NA
2021,"Persons","All ages","Government Office Region","E12000009","South West","All quintiles","All stages","Brain","Benign endocrine","112","Age-gender-standardised","1.9","1.6","2.3",NA
2022,"Persons","All ages","Government Office Region","E12000009","South West","All quintiles","All stages","Brain","Benign endocrine","124","Non-standardised","2.2","1.8","2.6",NA
2022,"Persons","All ages","Government Office Region","E12000009","South West","All quintiles","All stages","Brain","Benign endocrine","124","Age-gender-standardised","2.1","1.7","2.5",NA
2013,"Persons","All ages","Government Office Region","E12000009","South West","All quintiles","All stages","Brain","Malignant brain","531","Non-standardised","9.9","9.1","10.8",NA
2013,"Persons","All ages","Government Office Region","E12000009","South West","All quintiles","All stages","Brain","Malignant brain","531","Age-gender-standardised","9.9","9","10.8",NA
2014,"Persons","All ages","Government Office Region","E12000009","South West","All quintiles","All stages","Brain","Malignant brain","497","Non-standardised","9.2","8.4","10",NA
2014,"Persons","All ages","Government Office Region","E12000009","South West","All quintiles","All stages","Brain","Malignant brain","497","Age-gender-standardised","9.1","8.3","9.9",NA
2015,"Persons","All ages","Government Office Region","E12000009","South West","All quintiles","All stages","Brain","Malignant brain","542","Non-standardised","9.9","9.1","10.8",NA
2015,"Persons","All ages","Government Office Region","E12000009","South West","All quintiles","All stages","Brain","Malignant brain","542","Age-gender-standardised","9.7","8.9","10.6",NA
2016,"Persons","All ages","Government Office Region","E12000009","South West","All quintiles","All stages","Brain","Malignant brain","591","Non-standardised","10.7","9.8","11.6",NA
2016,"Persons","All ages","Government Office Region","E12000009","South West","All quintiles","All stages","Brain","Malignant brain","591","Age-gender-standardised","10.5","9.7","11.4",NA
2017,"Persons","All ages","Government Office Region","E12000009","South West","All quintiles","All stages","Brain","Malignant brain","603","Non-standardised","10.8","10","11.7",NA
2017,"Persons","All ages","Government Office Region","E12000009","South West","All quintiles","All stages","Brain","Malignant brain","603","Age-gender-standardised","10.5","9.6","11.3",NA
2018,"Persons","All ages","Government Office Region","E12000009","South West","All quintiles","All stages","Brain","Malignant brain","570","Non-standardised","10.2","9.3","11",NA
2018,"Persons","All ages","Government Office Region","E12000009","South West","All quintiles","All stages","Brain","Malignant brain","570","Age-gender-standardised","9.8","9","10.7",NA
2019,"Persons","All ages","Government Office Region","E12000009","South West","All quintiles","All stages","Brain","Malignant brain","584","Non-standardised","10.3","9.5","11.2",NA
2019,"Persons","All ages","Government Office Region","E12000009","South West","All quintiles","All stages","Brain","Malignant brain","584","Age-gender-standardised","9.9","9.1","10.8",NA
2020,"Persons","All ages","Government Office Region","E12000009","South West","All quintiles","All stages","Brain","Malignant brain","563","Non-standardised","9.9","9.1","10.8",NA
2020,"Persons","All ages","Government Office Region","E12000009","South West","All quintiles","All stages","Brain","Malignant brain","563","Age-gender-standardised","9.5","8.7","10.3",NA
2021,"Persons","All ages","Government Office Region","E12000009","South West","All quintiles","All stages","Brain","Malignant brain","586","Non-standardised","10.3","9.4","11.1",NA
2021,"Persons","All ages","Government Office Region","E12000009","South West","All quintiles","All stages","Brain","Malignant brain","586","Age-gender-standardised","9.6","8.9","10.4",NA
2022,"Persons","All ages","Government Office Region","E12000009","South West","All quintiles","All stages","Brain","Malignant brain","587","Non-standardised","10.2","9.4","11",NA
2022,"Persons","All ages","Government Office Region","E12000009","South West","All quintiles","All stages","Brain","Malignant brain","587","Age-gender-standardised","9.5","8.8","10.3",NA
2013,"Persons","All ages","Government Office Region","E12000009","South West","All quintiles","All stages","Brain","Non-benign endocrine","18","Non-standardised","0.3","0.2","0.5",NA
2013,"Persons","All ages","Government Office Region","E12000009","South West","All quintiles","All stages","Brain","Non-benign endocrine","18","Age-gender-standardised","0.3","0.2","0.5",NA
2014,"Persons","All ages","Government Office Region","E12000009","South West","All quintiles","All stages","Brain","Non-benign endocrine","18","Non-standardised","0.3","0.2","0.5",NA
2014,"Persons","All ages","Government Office Region","E12000009","South West","All quintiles","All stages","Brain","Non-benign endocrine","18","Age-gender-standardised","0.3","0.2","0.5",NA
2015,"Persons","All ages","Government Office Region","E12000009","South West","All quintiles","All stages","Brain","Non-benign endocrine","20","Non-standardised","0.4","0.2","0.6",NA
2015,"Persons","All ages","Government Office Region","E12000009","South West","All quintiles","All stages","Brain","Non-benign endocrine","20","Age-gender-standardised","0.4","0.2","0.6",NA
2016,"Persons","All ages","Government Office Region","E12000009","South West","All quintiles","All stages","Brain","Non-benign endocrine","11","Non-standardised","0.2","0.1","0.4",NA
2016,"Persons","All ages","Government Office Region","E12000009","South West","All quintiles","All stages","Brain","Non-benign endocrine","11","Age-gender-standardised","0.2","0.1","0.4",NA
2017,"Persons","All ages","Government Office Region","E12000009","South West","All quintiles","All stages","Brain","Non-benign endocrine","26","Non-standardised","0.5","0.3","0.7",NA
2017,"Persons","All ages","Government Office Region","E12000009","South West","All quintiles","All stages","Brain","Non-benign endocrine","26","Age-gender-standardised","0.5","0.3","0.7",NA
2018,"Persons","All ages","Government Office Region","E12000009","South West","All quintiles","All stages","Brain","Non-benign endocrine","13","Non-standardised","0.2","0.1","0.4",NA
2018,"Persons","All ages","Government Office Region","E12000009","South West","All quintiles","All stages","Brain","Non-benign endocrine","13","Age-gender-standardised","0.2","0.1","0.4",NA
2019,"Persons","All ages","Government Office Region","E12000009","South West","All quintiles","All stages","Brain","Non-benign endocrine","19","Non-standardised","0.3","0.2","0.5",NA
2019,"Persons","All ages","Government Office Region","E12000009","South West","All quintiles","All stages","Brain","Non-benign endocrine","19","Age-gender-standardised","0.3","0.2","0.5",NA
2020,"Persons","All ages","Government Office Region","E12000009","South West","All quintiles","All stages","Brain","Non-benign endocrine","18","Non-standardised","0.3","0.2","0.5",NA
2020,"Persons","All ages","Government Office Region","E12000009","South West","All quintiles","All stages","Brain","Non-benign endocrine","18","Age-gender-standardised","0.3","0.2","0.5",NA
2021,"Persons","All ages","Government Office Region","E12000009","South West","All quintiles","All stages","Brain","Non-benign endocrine","13","Non-standardised","0.2","0.1","0.4",NA
2021,"Persons","All ages","Government Office Region","E12000009","South West","All quintiles","All stages","Brain","Non-benign endocrine","13","Age-gender-standardised","0.2","0.1","0.4",NA
2022,"Persons","All ages","Government Office Region","E12000009","South West","All quintiles","All stages","Brain","Non-benign endocrine","21","Non-standardised","0.4","0.2","0.6",NA
2022,"Persons","All ages","Government Office Region","E12000009","South West","All quintiles","All stages","Brain","Non-benign endocrine","21","Age-gender-standardised","0.4","0.2","0.6",NA
2013,"Persons","All ages","Government Office Region","E12000009","South West","All quintiles","All stages","Brain","Non-malignant brain","572","Non-standardised","10.6","9.8","11.6",NA
2013,"Persons","All ages","Government Office Region","E12000009","South West","All quintiles","All stages","Brain","Non-malignant brain","572","Age-gender-standardised","10.2","9.3","11",NA
2014,"Persons","All ages","Government Office Region","E12000009","South West","All quintiles","All stages","Brain","Non-malignant brain","557","Non-standardised","10.3","9.4","11.2",NA
2014,"Persons","All ages","Government Office Region","E12000009","South West","All quintiles","All stages","Brain","Non-malignant brain","557","Age-gender-standardised","9.9","9.1","10.7",NA
2015,"Persons","All ages","Government Office Region","E12000009","South West","All quintiles","All stages","Brain","Non-malignant brain","580","Non-standardised","10.6","9.8","11.5",NA
2015,"Persons","All ages","Government Office Region","E12000009","South West","All quintiles","All stages","Brain","Non-malignant brain","580","Age-gender-standardised","10.2","9.4","11.1",NA
2016,"Persons","All ages","Government Office Region","E12000009","South West","All quintiles","All stages","Brain","Non-malignant brain","635","Non-standardised","11.5","10.6","12.4",NA
2016,"Persons","All ages","Government Office Region","E12000009","South West","All quintiles","All stages","Brain","Non-malignant brain","635","Age-gender-standardised","11","10.1","11.9",NA
2017,"Persons","All ages","Government Office Region","E12000009","South West","All quintiles","All stages","Brain","Non-malignant brain","667","Non-standardised","12","11.1","12.9",NA
2017,"Persons","All ages","Government Office Region","E12000009","South West","All quintiles","All stages","Brain","Non-malignant brain","667","Age-gender-standardised","11.4","10.6","12.3",NA
2018,"Persons","All ages","Government Office Region","E12000009","South West","All quintiles","All stages","Brain","Non-malignant brain","684","Non-standardised","12.2","11.3","13.1",NA
2018,"Persons","All ages","Government Office Region","E12000009","South West","All quintiles","All stages","Brain","Non-malignant brain","684","Age-gender-standardised","11.5","10.7","12.4",NA
2019,"Persons","All ages","Government Office Region","E12000009","South West","All quintiles","All stages","Brain","Non-malignant brain","689","Non-standardised","12.2","11.3","13.2",NA
2019,"Persons","All ages","Government Office Region","E12000009","South West","All quintiles","All stages","Brain","Non-malignant brain","689","Age-gender-standardised","11.4","10.5","12.3",NA
2020,"Persons","All ages","Government Office Region","E12000009","South West","All quintiles","All stages","Brain","Non-malignant brain","558","Non-standardised","9.9","9.1","10.7",NA
2020,"Persons","All ages","Government Office Region","E12000009","South West","All quintiles","All stages","Brain","Non-malignant brain","558","Age-gender-standardised","9.2","8.5","10",NA
2021,"Persons","All ages","Government Office Region","E12000009","South West","All quintiles","All stages","Brain","Non-malignant brain","660","Non-standardised","11.6","10.7","12.5",NA
2021,"Persons","All ages","Government Office Region","E12000009","South West","All quintiles","All stages","Brain","Non-malignant brain","660","Age-gender-standardised","10.7","9.9","11.6",NA
2022,"Persons","All ages","Government Office Region","E12000009","South West","All quintiles","All stages","Brain","Non-malignant brain","681","Non-standardised","11.8","10.9","12.7",NA
2022,"Persons","All ages","Government Office Region","E12000009","South West","All quintiles","All stages","Brain","Non-malignant brain","681","Age-gender-standardised","10.9","10.1","11.8",NA
2013,"Persons","All ages","Government Office Region","E12000009","South West","All quintiles","All stages","Brain","All Brain","1209","Non-standardised","22.5","21.2","23.8",NA
2013,"Persons","All ages","Government Office Region","E12000009","South West","All quintiles","All stages","Brain","All Brain","1209","Age-gender-standardised","22","20.8","23.3",NA
2014,"Persons","All ages","Government Office Region","E12000009","South West","All quintiles","All stages","Brain","All Brain","1168","Non-standardised","21.5","20.3","22.8",NA
2014,"Persons","All ages","Government Office Region","E12000009","South West","All quintiles","All stages","Brain","All Brain","1168","Age-gender-standardised","21.1","19.9","22.3",NA
2015,"Persons","All ages","Government Office Region","E12000009","South West","All quintiles","All stages","Brain","All Brain","1238","Non-standardised","22.6","21.4","23.9",NA
2015,"Persons","All ages","Government Office Region","E12000009","South West","All quintiles","All stages","Brain","All Brain","1238","Age-gender-standardised","22.1","20.9","23.4",NA
2016,"Persons","All ages","Government Office Region","E12000009","South West","All quintiles","All stages","Brain","All Brain","1333","Non-standardised","24.1","22.8","25.4",NA
2016,"Persons","All ages","Government Office Region","E12000009","South West","All quintiles","All stages","Brain","All Brain","1333","Age-gender-standardised","23.4","22.2","24.7",NA
2017,"Persons","All ages","Government Office Region","E12000009","South West","All quintiles","All stages","Brain","All Brain","1405","Non-standardised","25.2","23.9","26.6",NA
2017,"Persons","All ages","Government Office Region","E12000009","South West","All quintiles","All stages","Brain","All Brain","1405","Age-gender-standardised","24.3","23","25.6",NA
2018,"Persons","All ages","Government Office Region","E12000009","South West","All quintiles","All stages","Brain","All Brain","1373","Non-standardised","24.5","23.2","25.8",NA
2018,"Persons","All ages","Government Office Region","E12000009","South West","All quintiles","All stages","Brain","All Brain","1373","Age-gender-standardised","23.4","22.2","24.7",NA
2019,"Persons","All ages","Government Office Region","E12000009","South West","All quintiles","All stages","Brain","All Brain","1390","Non-standardised","24.6","23.4","26",NA
2019,"Persons","All ages","Government Office Region","E12000009","South West","All quintiles","All stages","Brain","All Brain","1390","Age-gender-standardised","23.4","22.2","24.7",NA
2020,"Persons","All ages","Government Office Region","E12000009","South West","All quintiles","All stages","Brain","All Brain","1237","Non-standardised","21.8","20.6","23.1",NA
2020,"Persons","All ages","Government Office Region","E12000009","South West","All quintiles","All stages","Brain","All Brain","1237","Age-gender-standardised","20.7","19.6","21.9",NA
2021,"Persons","All ages","Government Office Region","E12000009","South West","All quintiles","All stages","Brain","All Brain","1371","Non-standardised","24","22.7","25.3",NA
2021,"Persons","All ages","Government Office Region","E12000009","South West","All quintiles","All stages","Brain","All Brain","1371","Age-gender-standardised","22.4","21.3","23.7",NA
2022,"Persons","All ages","Government Office Region","E12000009","South West","All quintiles","All stages","Brain","All Brain","1413","Non-standardised","24.5","23.2","25.8",NA
2022,"Persons","All ages","Government Office Region","E12000009","South West","All quintiles","All stages","Brain","All Brain","1413","Age-gender-standardised","22.9","21.7","24.1",NA
2013,"Persons","All ages","Government Office Region","E12000005","West Midlands","All quintiles","All stages","Brain","Benign endocrine","82","Non-standardised","1.4","1.1","1.8",NA
2013,"Persons","All ages","Government Office Region","E12000005","West Midlands","All quintiles","All stages","Brain","Benign endocrine","82","Age-gender-standardised","1.6","1.3","2",NA
2014,"Persons","All ages","Government Office Region","E12000005","West Midlands","All quintiles","All stages","Brain","Benign endocrine","85","Non-standardised","1.5","1.2","1.8",NA
2014,"Persons","All ages","Government Office Region","E12000005","West Midlands","All quintiles","All stages","Brain","Benign endocrine","85","Age-gender-standardised","1.6","1.3","2",NA
2015,"Persons","All ages","Government Office Region","E12000005","West Midlands","All quintiles","All stages","Brain","Benign endocrine","93","Non-standardised","1.6","1.3","2",NA
2015,"Persons","All ages","Government Office Region","E12000005","West Midlands","All quintiles","All stages","Brain","Benign endocrine","93","Age-gender-standardised","1.7","1.4","2.1",NA
2016,"Persons","All ages","Government Office Region","E12000005","West Midlands","All quintiles","All stages","Brain","Benign endocrine","79","Non-standardised","1.4","1.1","1.7",NA
2016,"Persons","All ages","Government Office Region","E12000005","West Midlands","All quintiles","All stages","Brain","Benign endocrine","79","Age-gender-standardised","1.4","1.1","1.8",NA
2017,"Persons","All ages","Government Office Region","E12000005","West Midlands","All quintiles","All stages","Brain","Benign endocrine","111","Non-standardised","1.9","1.6","2.3",NA
2017,"Persons","All ages","Government Office Region","E12000005","West Midlands","All quintiles","All stages","Brain","Benign endocrine","111","Age-gender-standardised","2","1.6","2.4",NA
2018,"Persons","All ages","Government Office Region","E12000005","West Midlands","All quintiles","All stages","Brain","Benign endocrine","117","Non-standardised","2","1.6","2.4",NA
2018,"Persons","All ages","Government Office Region","E12000005","West Midlands","All quintiles","All stages","Brain","Benign endocrine","117","Age-gender-standardised","2.1","1.7","2.5",NA
2019,"Persons","All ages","Government Office Region","E12000005","West Midlands","All quintiles","All stages","Brain","Benign endocrine","111","Non-standardised","1.9","1.5","2.3",NA
2019,"Persons","All ages","Government Office Region","E12000005","West Midlands","All quintiles","All stages","Brain","Benign endocrine","111","Age-gender-standardised","2","1.6","2.4",NA
2020,"Persons","All ages","Government Office Region","E12000005","West Midlands","All quintiles","All stages","Brain","Benign endocrine","91","Non-standardised","1.5","1.2","1.9",NA
2020,"Persons","All ages","Government Office Region","E12000005","West Midlands","All quintiles","All stages","Brain","Benign endocrine","91","Age-gender-standardised","1.6","1.3","2",NA
2021,"Persons","All ages","Government Office Region","E12000005","West Midlands","All quintiles","All stages","Brain","Benign endocrine","96","Non-standardised","1.6","1.3","2",NA
2021,"Persons","All ages","Government Office Region","E12000005","West Midlands","All quintiles","All stages","Brain","Benign endocrine","96","Age-gender-standardised","1.7","1.4","2",NA
2022,"Persons","All ages","Government Office Region","E12000005","West Midlands","All quintiles","All stages","Brain","Benign endocrine","91","Non-standardised","1.5","1.2","1.9",NA
2022,"Persons","All ages","Government Office Region","E12000005","West Midlands","All quintiles","All stages","Brain","Benign endocrine","91","Age-gender-standardised","1.6","1.3","1.9",NA
2013,"Persons","All ages","Government Office Region","E12000005","West Midlands","All quintiles","All stages","Brain","Malignant brain","470","Non-standardised","8.3","7.5","9.1",NA
2013,"Persons","All ages","Government Office Region","E12000005","West Midlands","All quintiles","All stages","Brain","Malignant brain","470","Age-gender-standardised","9","8.2","9.8",NA
2014,"Persons","All ages","Government Office Region","E12000005","West Midlands","All quintiles","All stages","Brain","Malignant brain","472","Non-standardised","8.3","7.5","9",NA
2014,"Persons","All ages","Government Office Region","E12000005","West Midlands","All quintiles","All stages","Brain","Malignant brain","472","Age-gender-standardised","8.8","8","9.6",NA
2015,"Persons","All ages","Government Office Region","E12000005","West Midlands","All quintiles","All stages","Brain","Malignant brain","490","Non-standardised","8.5","7.8","9.3",NA
2015,"Persons","All ages","Government Office Region","E12000005","West Midlands","All quintiles","All stages","Brain","Malignant brain","490","Age-gender-standardised","9.1","8.3","9.9",NA
2016,"Persons","All ages","Government Office Region","E12000005","West Midlands","All quintiles","All stages","Brain","Malignant brain","540","Non-standardised","9.3","8.5","10.1",NA
2016,"Persons","All ages","Government Office Region","E12000005","West Midlands","All quintiles","All stages","Brain","Malignant brain","540","Age-gender-standardised","9.9","9","10.7",NA
2017,"Persons","All ages","Government Office Region","E12000005","West Midlands","All quintiles","All stages","Brain","Malignant brain","484","Non-standardised","8.3","7.5","9",NA
2017,"Persons","All ages","Government Office Region","E12000005","West Midlands","All quintiles","All stages","Brain","Malignant brain","484","Age-gender-standardised","8.7","7.9","9.5",NA
2018,"Persons","All ages","Government Office Region","E12000005","West Midlands","All quintiles","All stages","Brain","Malignant brain","490","Non-standardised","8.3","7.6","9.1",NA
2018,"Persons","All ages","Government Office Region","E12000005","West Midlands","All quintiles","All stages","Brain","Malignant brain","490","Age-gender-standardised","8.7","7.9","9.5",NA
2019,"Persons","All ages","Government Office Region","E12000005","West Midlands","All quintiles","All stages","Brain","Malignant brain","489","Non-standardised","8.3","7.5","9",NA
2019,"Persons","All ages","Government Office Region","E12000005","West Midlands","All quintiles","All stages","Brain","Malignant brain","489","Age-gender-standardised","8.5","7.8","9.3",NA
2020,"Persons","All ages","Government Office Region","E12000005","West Midlands","All quintiles","All stages","Brain","Malignant brain","488","Non-standardised","8.2","7.5","9",NA
2020,"Persons","All ages","Government Office Region","E12000005","West Midlands","All quintiles","All stages","Brain","Malignant brain","488","Age-gender-standardised","8.5","7.8","9.3",NA
2021,"Persons","All ages","Government Office Region","E12000005","West Midlands","All quintiles","All stages","Brain","Malignant brain","483","Non-standardised","8.1","7.4","8.9",NA
2021,"Persons","All ages","Government Office Region","E12000005","West Midlands","All quintiles","All stages","Brain","Malignant brain","483","Age-gender-standardised","8.4","7.6","9.2",NA
2022,"Persons","All ages","Government Office Region","E12000005","West Midlands","All quintiles","All stages","Brain","Malignant brain","467","Non-standardised","7.8","7.1","8.5",NA
2022,"Persons","All ages","Government Office Region","E12000005","West Midlands","All quintiles","All stages","Brain","Malignant brain","467","Age-gender-standardised","7.9","7.2","8.7",NA
2013,"Persons","All ages","Government Office Region","E12000005","West Midlands","All quintiles","All stages","Brain","Non-benign endocrine","11","Non-standardised","0.2","0.1","0.3",NA
2013,"Persons","All ages","Government Office Region","E12000005","West Midlands","All quintiles","All stages","Brain","Non-benign endocrine","11","Age-gender-standardised","0.2","0.1","0.4",NA
2014,"Persons","All ages","Government Office Region","E12000005","West Midlands","All quintiles","All stages","Brain","Non-benign endocrine","23","Non-standardised","0.4","0.3","0.6",NA
2014,"Persons","All ages","Government Office Region","E12000005","West Midlands","All quintiles","All stages","Brain","Non-benign endocrine","23","Age-gender-standardised","0.4","0.3","0.6",NA
2015,"Persons","All ages","Government Office Region","E12000005","West Midlands","All quintiles","All stages","Brain","Non-benign endocrine","19","Non-standardised","0.3","0.2","0.5",NA
2015,"Persons","All ages","Government Office Region","E12000005","West Midlands","All quintiles","All stages","Brain","Non-benign endocrine","19","Age-gender-standardised","0.3","0.2","0.5",NA
2016,"Persons","All ages","Government Office Region","E12000005","West Midlands","All quintiles","All stages","Brain","Non-benign endocrine","19","Non-standardised","0.3","0.2","0.5",NA
2016,"Persons","All ages","Government Office Region","E12000005","West Midlands","All quintiles","All stages","Brain","Non-benign endocrine","19","Age-gender-standardised","0.3","0.2","0.5",NA
2017,"Persons","All ages","Government Office Region","E12000005","West Midlands","All quintiles","All stages","Brain","Non-benign endocrine","14","Non-standardised","0.2","0.1","0.4",NA
2017,"Persons","All ages","Government Office Region","E12000005","West Midlands","All quintiles","All stages","Brain","Non-benign endocrine","14","Age-gender-standardised","0.2","0.1","0.4",NA
2018,"Persons","All ages","Government Office Region","E12000005","West Midlands","All quintiles","All stages","Brain","Non-benign endocrine","13","Non-standardised","0.2","0.1","0.4",NA
2018,"Persons","All ages","Government Office Region","E12000005","West Midlands","All quintiles","All stages","Brain","Non-benign endocrine","13","Age-gender-standardised","0.2","0.1","0.4",NA
2019,"Persons","All ages","Government Office Region","E12000005","West Midlands","All quintiles","All stages","Brain","Non-benign endocrine","22","Non-standardised","0.4","0.2","0.6",NA
2019,"Persons","All ages","Government Office Region","E12000005","West Midlands","All quintiles","All stages","Brain","Non-benign endocrine","22","Age-gender-standardised","0.4","0.2","0.6",NA
2020,"Persons","All ages","Government Office Region","E12000005","West Midlands","All quintiles","All stages","Brain","Non-benign endocrine","21","Non-standardised","0.4","0.2","0.5",NA
2020,"Persons","All ages","Government Office Region","E12000005","West Midlands","All quintiles","All stages","Brain","Non-benign endocrine","21","Age-gender-standardised","0.3","0.2","0.5",NA
2021,"Persons","All ages","Government Office Region","E12000005","West Midlands","All quintiles","All stages","Brain","Non-benign endocrine","14","Non-standardised","0.2","0.1","0.4",NA
2021,"Persons","All ages","Government Office Region","E12000005","West Midlands","All quintiles","All stages","Brain","Non-benign endocrine","14","Age-gender-standardised","0.2","0.1","0.4",NA
2022,"Persons","All ages","Government Office Region","E12000005","West Midlands","All quintiles","All stages","Brain","Non-benign endocrine","24","Non-standardised","0.4","0.3","0.6",NA
2022,"Persons","All ages","Government Office Region","E12000005","West Midlands","All quintiles","All stages","Brain","Non-benign endocrine","24","Age-gender-standardised","0.4","0.3","0.6",NA
2013,"Persons","All ages","Government Office Region","E12000005","West Midlands","All quintiles","All stages","Brain","Non-malignant brain","420","Non-standardised","7.4","6.7","8.1",NA
2013,"Persons","All ages","Government Office Region","E12000005","West Midlands","All quintiles","All stages","Brain","Non-malignant brain","420","Age-gender-standardised","7.8","7.1","8.6",NA
2014,"Persons","All ages","Government Office Region","E12000005","West Midlands","All quintiles","All stages","Brain","Non-malignant brain","389","Non-standardised","6.8","6.1","7.5",NA
2014,"Persons","All ages","Government Office Region","E12000005","West Midlands","All quintiles","All stages","Brain","Non-malignant brain","389","Age-gender-standardised","7.1","6.4","7.8",NA
2015,"Persons","All ages","Government Office Region","E12000005","West Midlands","All quintiles","All stages","Brain","Non-malignant brain","412","Non-standardised","7.2","6.5","7.9",NA
2015,"Persons","All ages","Government Office Region","E12000005","West Midlands","All quintiles","All stages","Brain","Non-malignant brain","412","Age-gender-standardised","7.5","6.8","8.3",NA
2016,"Persons","All ages","Government Office Region","E12000005","West Midlands","All quintiles","All stages","Brain","Non-malignant brain","492","Non-standardised","8.5","7.7","9.2",NA
2016,"Persons","All ages","Government Office Region","E12000005","West Midlands","All quintiles","All stages","Brain","Non-malignant brain","492","Age-gender-standardised","8.9","8.1","9.7",NA
2017,"Persons","All ages","Government Office Region","E12000005","West Midlands","All quintiles","All stages","Brain","Non-malignant brain","525","Non-standardised","9","8.2","9.8",NA
2017,"Persons","All ages","Government Office Region","E12000005","West Midlands","All quintiles","All stages","Brain","Non-malignant brain","525","Age-gender-standardised","9.3","8.5","10.1",NA
2018,"Persons","All ages","Government Office Region","E12000005","West Midlands","All quintiles","All stages","Brain","Non-malignant brain","574","Non-standardised","9.7","9","10.6",NA
2018,"Persons","All ages","Government Office Region","E12000005","West Midlands","All quintiles","All stages","Brain","Non-malignant brain","574","Age-gender-standardised","10.1","9.3","10.9",NA
2019,"Persons","All ages","Government Office Region","E12000005","West Midlands","All quintiles","All stages","Brain","Non-malignant brain","470","Non-standardised","7.9","7.2","8.7",NA
2019,"Persons","All ages","Government Office Region","E12000005","West Midlands","All quintiles","All stages","Brain","Non-malignant brain","470","Age-gender-standardised","8.2","7.4","8.9",NA
2020,"Persons","All ages","Government Office Region","E12000005","West Midlands","All quintiles","All stages","Brain","Non-malignant brain","437","Non-standardised","7.4","6.7","8.1",NA
2020,"Persons","All ages","Government Office Region","E12000005","West Midlands","All quintiles","All stages","Brain","Non-malignant brain","437","Age-gender-standardised","7.4","6.8","8.2",NA
2021,"Persons","All ages","Government Office Region","E12000005","West Midlands","All quintiles","All stages","Brain","Non-malignant brain","433","Non-standardised","7.3","6.6","8",NA
2021,"Persons","All ages","Government Office Region","E12000005","West Midlands","All quintiles","All stages","Brain","Non-malignant brain","433","Age-gender-standardised","7.4","6.7","8.2",NA
2022,"Persons","All ages","Government Office Region","E12000005","West Midlands","All quintiles","All stages","Brain","Non-malignant brain","410","Non-standardised","6.8","6.2","7.5",NA
2022,"Persons","All ages","Government Office Region","E12000005","West Midlands","All quintiles","All stages","Brain","Non-malignant brain","410","Age-gender-standardised","6.9","6.2","7.6",NA
2013,"Persons","All ages","Government Office Region","E12000005","West Midlands","All quintiles","All stages","Brain","All Brain","983","Non-standardised","17.3","16.2","18.4",NA
2013,"Persons","All ages","Government Office Region","E12000005","West Midlands","All quintiles","All stages","Brain","All Brain","983","Age-gender-standardised","18.6","17.4","19.8",NA
2014,"Persons","All ages","Government Office Region","E12000005","West Midlands","All quintiles","All stages","Brain","All Brain","969","Non-standardised","16.9","15.9","18.1",NA
2014,"Persons","All ages","Government Office Region","E12000005","West Midlands","All quintiles","All stages","Brain","All Brain","969","Age-gender-standardised","17.9","16.8","19.1",NA
2015,"Persons","All ages","Government Office Region","E12000005","West Midlands","All quintiles","All stages","Brain","All Brain","1014","Non-standardised","17.6","16.5","18.7",NA
2015,"Persons","All ages","Government Office Region","E12000005","West Midlands","All quintiles","All stages","Brain","All Brain","1014","Age-gender-standardised","18.6","17.5","19.8",NA
2016,"Persons","All ages","Government Office Region","E12000005","West Midlands","All quintiles","All stages","Brain","All Brain","1130","Non-standardised","19.4","18.3","20.6",NA
2016,"Persons","All ages","Government Office Region","E12000005","West Midlands","All quintiles","All stages","Brain","All Brain","1130","Age-gender-standardised","20.5","19.4","21.8",NA
2017,"Persons","All ages","Government Office Region","E12000005","West Midlands","All quintiles","All stages","Brain","All Brain","1134","Non-standardised","19.4","18.3","20.5",NA
2017,"Persons","All ages","Government Office Region","E12000005","West Midlands","All quintiles","All stages","Brain","All Brain","1134","Age-gender-standardised","20.2","19","21.4",NA
2018,"Persons","All ages","Government Office Region","E12000005","West Midlands","All quintiles","All stages","Brain","All Brain","1194","Non-standardised","20.3","19.1","21.5",NA
2018,"Persons","All ages","Government Office Region","E12000005","West Midlands","All quintiles","All stages","Brain","All Brain","1194","Age-gender-standardised","21.1","19.9","22.3",NA
2019,"Persons","All ages","Government Office Region","E12000005","West Midlands","All quintiles","All stages","Brain","All Brain","1092","Non-standardised","18.4","17.4","19.6",NA
2019,"Persons","All ages","Government Office Region","E12000005","West Midlands","All quintiles","All stages","Brain","All Brain","1092","Age-gender-standardised","19","17.9","20.2",NA
2020,"Persons","All ages","Government Office Region","E12000005","West Midlands","All quintiles","All stages","Brain","All Brain","1037","Non-standardised","17.5","16.4","18.6",NA
2020,"Persons","All ages","Government Office Region","E12000005","West Midlands","All quintiles","All stages","Brain","All Brain","1037","Age-gender-standardised","17.9","16.8","19",NA
2021,"Persons","All ages","Government Office Region","E12000005","West Midlands","All quintiles","All stages","Brain","All Brain","1026","Non-standardised","17.2","16.2","18.3",NA
2021,"Persons","All ages","Government Office Region","E12000005","West Midlands","All quintiles","All stages","Brain","All Brain","1026","Age-gender-standardised","17.7","16.6","18.8",NA
2022,"Persons","All ages","Government Office Region","E12000005","West Midlands","All quintiles","All stages","Brain","All Brain","992","Non-standardised","16.5","15.5","17.5",NA
2022,"Persons","All ages","Government Office Region","E12000005","West Midlands","All quintiles","All stages","Brain","All Brain","992","Age-gender-standardised","16.8","15.8","17.9",NA
2013,"Persons","All ages","Government Office Region","E12000003","Yorkshire and The Humber","All quintiles","All stages","Brain","Benign endocrine","105","Non-standardised","2","1.6","2.4",NA
2013,"Persons","All ages","Government Office Region","E12000003","Yorkshire and The Humber","All quintiles","All stages","Brain","Benign endocrine","105","Age-gender-standardised","2.1","1.7","2.5",NA
2014,"Persons","All ages","Government Office Region","E12000003","Yorkshire and The Humber","All quintiles","All stages","Brain","Benign endocrine","135","Non-standardised","2.5","2.1","3",NA
2014,"Persons","All ages","Government Office Region","E12000003","Yorkshire and The Humber","All quintiles","All stages","Brain","Benign endocrine","135","Age-gender-standardised","2.7","2.3","3.2",NA
2015,"Persons","All ages","Government Office Region","E12000003","Yorkshire and The Humber","All quintiles","All stages","Brain","Benign endocrine","128","Non-standardised","2.4","2","2.8",NA
2015,"Persons","All ages","Government Office Region","E12000003","Yorkshire and The Humber","All quintiles","All stages","Brain","Benign endocrine","128","Age-gender-standardised","2.6","2.1","3",NA
2016,"Persons","All ages","Government Office Region","E12000003","Yorkshire and The Humber","All quintiles","All stages","Brain","Benign endocrine","111","Non-standardised","2.1","1.7","2.5",NA
2016,"Persons","All ages","Government Office Region","E12000003","Yorkshire and The Humber","All quintiles","All stages","Brain","Benign endocrine","111","Age-gender-standardised","2.2","1.8","2.6",NA
2017,"Persons","All ages","Government Office Region","E12000003","Yorkshire and The Humber","All quintiles","All stages","Brain","Benign endocrine","163","Non-standardised","3","2.6","3.5",NA
2017,"Persons","All ages","Government Office Region","E12000003","Yorkshire and The Humber","All quintiles","All stages","Brain","Benign endocrine","163","Age-gender-standardised","3.1","2.7","3.6",NA
2018,"Persons","All ages","Government Office Region","E12000003","Yorkshire and The Humber","All quintiles","All stages","Brain","Benign endocrine","133","Non-standardised","2.4","2","2.9",NA
2018,"Persons","All ages","Government Office Region","E12000003","Yorkshire and The Humber","All quintiles","All stages","Brain","Benign endocrine","133","Age-gender-standardised","2.6","2.1","3",NA
2019,"Persons","All ages","Government Office Region","E12000003","Yorkshire and The Humber","All quintiles","All stages","Brain","Benign endocrine","176","Non-standardised","3.2","2.8","3.7",NA
2019,"Persons","All ages","Government Office Region","E12000003","Yorkshire and The Humber","All quintiles","All stages","Brain","Benign endocrine","176","Age-gender-standardised","3.3","2.9","3.9",NA
2020,"Persons","All ages","Government Office Region","E12000003","Yorkshire and The Humber","All quintiles","All stages","Brain","Benign endocrine","117","Non-standardised","2.1","1.8","2.6",NA
2020,"Persons","All ages","Government Office Region","E12000003","Yorkshire and The Humber","All quintiles","All stages","Brain","Benign endocrine","117","Age-gender-standardised","2.2","1.8","2.7",NA
2021,"Persons","All ages","Government Office Region","E12000003","Yorkshire and The Humber","All quintiles","All stages","Brain","Benign endocrine","200","Non-standardised","3.6","3.2","4.2",NA
2021,"Persons","All ages","Government Office Region","E12000003","Yorkshire and The Humber","All quintiles","All stages","Brain","Benign endocrine","200","Age-gender-standardised","3.7","3.2","4.3",NA
2022,"Persons","All ages","Government Office Region","E12000003","Yorkshire and The Humber","All quintiles","All stages","Brain","Benign endocrine","184","Non-standardised","3.3","2.9","3.8",NA
2022,"Persons","All ages","Government Office Region","E12000003","Yorkshire and The Humber","All quintiles","All stages","Brain","Benign endocrine","184","Age-gender-standardised","3.4","2.9","3.9",NA
2013,"Persons","All ages","Government Office Region","E12000003","Yorkshire and The Humber","All quintiles","All stages","Brain","Malignant brain","516","Non-standardised","9.7","8.9","10.5",NA
2013,"Persons","All ages","Government Office Region","E12000003","Yorkshire and The Humber","All quintiles","All stages","Brain","Malignant brain","516","Age-gender-standardised","10.6","9.7","11.5",NA
2014,"Persons","All ages","Government Office Region","E12000003","Yorkshire and The Humber","All quintiles","All stages","Brain","Malignant brain","452","Non-standardised","8.4","7.7","9.3",NA
2014,"Persons","All ages","Government Office Region","E12000003","Yorkshire and The Humber","All quintiles","All stages","Brain","Malignant brain","452","Age-gender-standardised","8.9","8.1","9.8",NA
2015,"Persons","All ages","Government Office Region","E12000003","Yorkshire and The Humber","All quintiles","All stages","Brain","Malignant brain","502","Non-standardised","9.3","8.5","10.2",NA
2015,"Persons","All ages","Government Office Region","E12000003","Yorkshire and The Humber","All quintiles","All stages","Brain","Malignant brain","502","Age-gender-standardised","9.8","8.9","10.7",NA
2016,"Persons","All ages","Government Office Region","E12000003","Yorkshire and The Humber","All quintiles","All stages","Brain","Malignant brain","502","Non-standardised","9.3","8.5","10.1",NA
2016,"Persons","All ages","Government Office Region","E12000003","Yorkshire and The Humber","All quintiles","All stages","Brain","Malignant brain","502","Age-gender-standardised","9.8","8.9","10.7",NA
2017,"Persons","All ages","Government Office Region","E12000003","Yorkshire and The Humber","All quintiles","All stages","Brain","Malignant brain","471","Non-standardised","8.7","7.9","9.5",NA
2017,"Persons","All ages","Government Office Region","E12000003","Yorkshire and The Humber","All quintiles","All stages","Brain","Malignant brain","471","Age-gender-standardised","9.1","8.3","10",NA
2018,"Persons","All ages","Government Office Region","E12000003","Yorkshire and The Humber","All quintiles","All stages","Brain","Malignant brain","481","Non-standardised","8.8","8.1","9.7",NA
2018,"Persons","All ages","Government Office Region","E12000003","Yorkshire and The Humber","All quintiles","All stages","Brain","Malignant brain","481","Age-gender-standardised","9.2","8.4","10",NA
2019,"Persons","All ages","Government Office Region","E12000003","Yorkshire and The Humber","All quintiles","All stages","Brain","Malignant brain","508","Non-standardised","9.3","8.5","10.1",NA
2019,"Persons","All ages","Government Office Region","E12000003","Yorkshire and The Humber","All quintiles","All stages","Brain","Malignant brain","508","Age-gender-standardised","9.6","8.7","10.4",NA
2020,"Persons","All ages","Government Office Region","E12000003","Yorkshire and The Humber","All quintiles","All stages","Brain","Malignant brain","424","Non-standardised","7.8","7","8.5",NA
2020,"Persons","All ages","Government Office Region","E12000003","Yorkshire and The Humber","All quintiles","All stages","Brain","Malignant brain","424","Age-gender-standardised","7.9","7.1","8.7",NA
2021,"Persons","All ages","Government Office Region","E12000003","Yorkshire and The Humber","All quintiles","All stages","Brain","Malignant brain","471","Non-standardised","8.6","7.8","9.4",NA
2021,"Persons","All ages","Government Office Region","E12000003","Yorkshire and The Humber","All quintiles","All stages","Brain","Malignant brain","471","Age-gender-standardised","8.8","8","9.6",NA
2022,"Persons","All ages","Government Office Region","E12000003","Yorkshire and The Humber","All quintiles","All stages","Brain","Malignant brain","485","Non-standardised","8.8","8","9.6",NA
2022,"Persons","All ages","Government Office Region","E12000003","Yorkshire and The Humber","All quintiles","All stages","Brain","Malignant brain","485","Age-gender-standardised","8.9","8.1","9.7",NA
2013,"Persons","All ages","Government Office Region","E12000003","Yorkshire and The Humber","All quintiles","All stages","Brain","Non-benign endocrine","15","Non-standardised","0.3","0.2","0.5",NA
2013,"Persons","All ages","Government Office Region","E12000003","Yorkshire and The Humber","All quintiles","All stages","Brain","Non-benign endocrine","15","Age-gender-standardised","0.3","0.2","0.5",NA
2014,"Persons","All ages","Government Office Region","E12000003","Yorkshire and The Humber","All quintiles","All stages","Brain","Non-benign endocrine","11","Non-standardised","0.2","0.1","0.4",NA
2014,"Persons","All ages","Government Office Region","E12000003","Yorkshire and The Humber","All quintiles","All stages","Brain","Non-benign endocrine","11","Age-gender-standardised","0.2","0.1","0.4",NA
2015,"Persons","All ages","Government Office Region","E12000003","Yorkshire and The Humber","All quintiles","All stages","Brain","Non-benign endocrine","15","Non-standardised","0.3","0.2","0.5",NA
2015,"Persons","All ages","Government Office Region","E12000003","Yorkshire and The Humber","All quintiles","All stages","Brain","Non-benign endocrine","15","Age-gender-standardised","0.3","0.2","0.5",NA
2016,"Persons","All ages","Government Office Region","E12000003","Yorkshire and The Humber","All quintiles","All stages","Brain","Non-benign endocrine","18","Non-standardised","0.3","0.2","0.5",NA
2016,"Persons","All ages","Government Office Region","E12000003","Yorkshire and The Humber","All quintiles","All stages","Brain","Non-benign endocrine","18","Age-gender-standardised","0.3","0.2","0.5",NA
2017,"Persons","All ages","Government Office Region","E12000003","Yorkshire and The Humber","All quintiles","All stages","Brain","Non-benign endocrine","11","Non-standardised","0.2","0.1","0.4",NA
2017,"Persons","All ages","Government Office Region","E12000003","Yorkshire and The Humber","All quintiles","All stages","Brain","Non-benign endocrine","11","Age-gender-standardised","0.2","0.1","0.4",NA
2018,"Persons","All ages","Government Office Region","E12000003","Yorkshire and The Humber","All quintiles","All stages","Brain","Non-benign endocrine","14","Non-standardised","0.3","0.1","0.4",NA
2018,"Persons","All ages","Government Office Region","E12000003","Yorkshire and The Humber","All quintiles","All stages","Brain","Non-benign endocrine","14","Age-gender-standardised","0.3","0.1","0.4",NA
2019,"Persons","All ages","Government Office Region","E12000003","Yorkshire and The Humber","All quintiles","All stages","Brain","Non-benign endocrine","37","Non-standardised","0.7","0.5","0.9",NA
2019,"Persons","All ages","Government Office Region","E12000003","Yorkshire and The Humber","All quintiles","All stages","Brain","Non-benign endocrine","37","Age-gender-standardised","0.7","0.5","0.9",NA
2020,"Persons","All ages","Government Office Region","E12000003","Yorkshire and The Humber","All quintiles","All stages","Brain","Non-benign endocrine","29","Non-standardised","0.5","0.4","0.8",NA
2020,"Persons","All ages","Government Office Region","E12000003","Yorkshire and The Humber","All quintiles","All stages","Brain","Non-benign endocrine","29","Age-gender-standardised","0.5","0.4","0.8",NA
2021,"Persons","All ages","Government Office Region","E12000003","Yorkshire and The Humber","All quintiles","All stages","Brain","Non-benign endocrine","21","Non-standardised","0.4","0.2","0.6",NA
2021,"Persons","All ages","Government Office Region","E12000003","Yorkshire and The Humber","All quintiles","All stages","Brain","Non-benign endocrine","21","Age-gender-standardised","0.4","0.2","0.6",NA
2022,"Persons","All ages","Government Office Region","E12000003","Yorkshire and The Humber","All quintiles","All stages","Brain","Non-benign endocrine","12","Non-standardised","0.2","0.1","0.4",NA
2022,"Persons","All ages","Government Office Region","E12000003","Yorkshire and The Humber","All quintiles","All stages","Brain","Non-benign endocrine","12","Age-gender-standardised","0.2","0.1","0.4",NA
2013,"Persons","All ages","Government Office Region","E12000003","Yorkshire and The Humber","All quintiles","All stages","Brain","Non-malignant brain","497","Non-standardised","9.3","8.5","10.2",NA
2013,"Persons","All ages","Government Office Region","E12000003","Yorkshire and The Humber","All quintiles","All stages","Brain","Non-malignant brain","497","Age-gender-standardised","9.8","9","10.8",NA
2014,"Persons","All ages","Government Office Region","E12000003","Yorkshire and The Humber","All quintiles","All stages","Brain","Non-malignant brain","545","Non-standardised","10.2","9.3","11.1",NA
2014,"Persons","All ages","Government Office Region","E12000003","Yorkshire and The Humber","All quintiles","All stages","Brain","Non-malignant brain","545","Age-gender-standardised","10.6","9.7","11.6",NA
2015,"Persons","All ages","Government Office Region","E12000003","Yorkshire and The Humber","All quintiles","All stages","Brain","Non-malignant brain","698","Non-standardised","13","12","14",NA
2015,"Persons","All ages","Government Office Region","E12000003","Yorkshire and The Humber","All quintiles","All stages","Brain","Non-malignant brain","698","Age-gender-standardised","13.6","12.6","14.6",NA
2016,"Persons","All ages","Government Office Region","E12000003","Yorkshire and The Humber","All quintiles","All stages","Brain","Non-malignant brain","735","Non-standardised","13.6","12.6","14.6",NA
2016,"Persons","All ages","Government Office Region","E12000003","Yorkshire and The Humber","All quintiles","All stages","Brain","Non-malignant brain","735","Age-gender-standardised","14","13","15.1",NA
2017,"Persons","All ages","Government Office Region","E12000003","Yorkshire and The Humber","All quintiles","All stages","Brain","Non-malignant brain","890","Non-standardised","16.4","15.3","17.5",NA
2017,"Persons","All ages","Government Office Region","E12000003","Yorkshire and The Humber","All quintiles","All stages","Brain","Non-malignant brain","890","Age-gender-standardised","16.8","15.7","18",NA
2018,"Persons","All ages","Government Office Region","E12000003","Yorkshire and The Humber","All quintiles","All stages","Brain","Non-malignant brain","877","Non-standardised","16.1","15.1","17.2",NA
2018,"Persons","All ages","Government Office Region","E12000003","Yorkshire and The Humber","All quintiles","All stages","Brain","Non-malignant brain","877","Age-gender-standardised","16.3","15.2","17.4",NA
2019,"Persons","All ages","Government Office Region","E12000003","Yorkshire and The Humber","All quintiles","All stages","Brain","Non-malignant brain","945","Non-standardised","17.3","16.2","18.4",NA
2019,"Persons","All ages","Government Office Region","E12000003","Yorkshire and The Humber","All quintiles","All stages","Brain","Non-malignant brain","945","Age-gender-standardised","17.4","16.3","18.5",NA
2020,"Persons","All ages","Government Office Region","E12000003","Yorkshire and The Humber","All quintiles","All stages","Brain","Non-malignant brain","785","Non-standardised","14.4","13.4","15.4",NA
2020,"Persons","All ages","Government Office Region","E12000003","Yorkshire and The Humber","All quintiles","All stages","Brain","Non-malignant brain","785","Age-gender-standardised","14.4","13.4","15.4",NA
2021,"Persons","All ages","Government Office Region","E12000003","Yorkshire and The Humber","All quintiles","All stages","Brain","Non-malignant brain","935","Non-standardised","17.1","16","18.2",NA
2021,"Persons","All ages","Government Office Region","E12000003","Yorkshire and The Humber","All quintiles","All stages","Brain","Non-malignant brain","935","Age-gender-standardised","17.1","16","18.2",NA
2022,"Persons","All ages","Government Office Region","E12000003","Yorkshire and The Humber","All quintiles","All stages","Brain","Non-malignant brain","989","Non-standardised","17.9","16.8","19",NA
2022,"Persons","All ages","Government Office Region","E12000003","Yorkshire and The Humber","All quintiles","All stages","Brain","Non-malignant brain","989","Age-gender-standardised","17.9","16.8","19",NA
2013,"Persons","All ages","Government Office Region","E12000003","Yorkshire and The Humber","All quintiles","All stages","Brain","All Brain","1133","Non-standardised","21.2","20","22.5",NA
2013,"Persons","All ages","Government Office Region","E12000003","Yorkshire and The Humber","All quintiles","All stages","Brain","All Brain","1133","Age-gender-standardised","22.8","21.5","24.2",NA
2014,"Persons","All ages","Government Office Region","E12000003","Yorkshire and The Humber","All quintiles","All stages","Brain","All Brain","1143","Non-standardised","21.3","20.1","22.6",NA
2014,"Persons","All ages","Government Office Region","E12000003","Yorkshire and The Humber","All quintiles","All stages","Brain","All Brain","1143","Age-gender-standardised","22.5","21.2","23.8",NA
2015,"Persons","All ages","Government Office Region","E12000003","Yorkshire and The Humber","All quintiles","All stages","Brain","All Brain","1343","Non-standardised","25","23.7","26.3",NA
2015,"Persons","All ages","Government Office Region","E12000003","Yorkshire and The Humber","All quintiles","All stages","Brain","All Brain","1343","Age-gender-standardised","26.2","24.8","27.7",NA
2016,"Persons","All ages","Government Office Region","E12000003","Yorkshire and The Humber","All quintiles","All stages","Brain","All Brain","1366","Non-standardised","25.3","23.9","26.6",NA
2016,"Persons","All ages","Government Office Region","E12000003","Yorkshire and The Humber","All quintiles","All stages","Brain","All Brain","1366","Age-gender-standardised","26.3","24.9","27.8",NA
2017,"Persons","All ages","Government Office Region","E12000003","Yorkshire and The Humber","All quintiles","All stages","Brain","All Brain","1535","Non-standardised","28.3","26.9","29.7",NA
2017,"Persons","All ages","Government Office Region","E12000003","Yorkshire and The Humber","All quintiles","All stages","Brain","All Brain","1535","Age-gender-standardised","29.2","27.8","30.8",NA
2018,"Persons","All ages","Government Office Region","E12000003","Yorkshire and The Humber","All quintiles","All stages","Brain","All Brain","1505","Non-standardised","27.6","26.3","29.1",NA
2018,"Persons","All ages","Government Office Region","E12000003","Yorkshire and The Humber","All quintiles","All stages","Brain","All Brain","1505","Age-gender-standardised","28.3","26.9","29.8",NA
2019,"Persons","All ages","Government Office Region","E12000003","Yorkshire and The Humber","All quintiles","All stages","Brain","All Brain","1666","Non-standardised","30.5","29","32",NA
2019,"Persons","All ages","Government Office Region","E12000003","Yorkshire and The Humber","All quintiles","All stages","Brain","All Brain","1666","Age-gender-standardised","31","29.5","32.5",NA
2020,"Persons","All ages","Government Office Region","E12000003","Yorkshire and The Humber","All quintiles","All stages","Brain","All Brain","1355","Non-standardised","24.8","23.5","26.1",NA
2020,"Persons","All ages","Government Office Region","E12000003","Yorkshire and The Humber","All quintiles","All stages","Brain","All Brain","1355","Age-gender-standardised","25","23.7","26.4",NA
2021,"Persons","All ages","Government Office Region","E12000003","Yorkshire and The Humber","All quintiles","All stages","Brain","All Brain","1627","Non-standardised","29.7","28.3","31.2",NA
2021,"Persons","All ages","Government Office Region","E12000003","Yorkshire and The Humber","All quintiles","All stages","Brain","All Brain","1627","Age-gender-standardised","30","28.6","31.5",NA
2022,"Persons","All ages","Government Office Region","E12000003","Yorkshire and The Humber","All quintiles","All stages","Brain","All Brain","1670","Non-standardised","30.2","28.7","31.6",NA
2022,"Persons","All ages","Government Office Region","E12000003","Yorkshire and The Humber","All quintiles","All stages","Brain","All Brain","1670","Age-gender-standardised","30.4","28.9","31.9",NA
